Date,Close,High,Low,Open,Volume
2011-03-28,4.435632228851318,4.514403283761793,4.432916047319764,4.446497671175697,101725944
2011-03-29,4.481808185577393,4.549714511276682,4.43019930642612,4.443780929665043,133425753
2011-03-30,4.449214458465576,4.536133711705646,4.441065554662364,4.476376993677445,76053244
2011-03-31,4.367726802825928,4.470944220589865,4.3487128135358235,4.449214407528622,58992064
2011-04-01,4.5008225440979,4.5035390838299305,4.365010239559249,4.3677264211921845,89369525
2011-04-06,4.617620944976807,4.639351472732736,4.5089708128908645,4.5089708128908645,206045022
2011-04-07,4.671946048736572,4.7181225701053435,4.5768775404929825,4.6176209822550325,179383229
2011-04-08,4.663796901702881,4.682810169718885,4.606755665258748,4.661080362458708,74129156
2011-04-11,4.62576961517334,4.767014636532454,4.617620712437625,4.666513770752831,155884466
2011-04-12,4.633918762207031,4.712690179775095,4.6094727689092725,4.64478348896199,106771524
2011-04-13,4.902827262878418,4.902827262878418,4.58774196936792,4.61762068237253,200130390
2011-04-14,4.940855026245117,5.052221353151687,4.916409030121076,5.016909912818293,290096819
2011-04-15,5.087532043457031,5.098396769866367,4.92998992953075,4.946287019144754,185461166
2011-04-18,5.125558853149414,5.128275034513843,5.011476729149997,5.071233793464605,160399584
2011-04-19,5.006045341491699,5.092965310677921,4.978882806358613,5.060370053658741,145366844
2011-04-20,4.90825891494751,5.038639199901638,4.864798939329153,5.006044307712633,135269703
2011-04-21,4.921841621398926,5.0060454098413345,4.902827989785816,4.943571434942603,87937842
2011-04-22,4.851219177246094,4.924557517511455,4.815907381801648,4.889246080166123,84787706
2011-04-25,4.910975933074951,4.962584461484753,4.807758518156231,4.85665086477064,99158634
2011-04-26,5.003328323364258,5.008761044731184,4.883813108580131,4.900111272680907,107669783
2011-04-27,4.9653000831604,5.10111237070668,4.913691206195366,5.006044234953049,147282289
2011-04-28,5.057653427124023,5.160870836695961,4.9870312717056695,5.003328361633815,179423932
2011-04-29,4.943570613861084,5.052220379732013,4.864799202363017,5.052220379732013,138377114
2011-05-03,4.949004650115967,4.987032275231116,4.908260484700388,4.929991016607977,61118237
2011-05-04,4.851219177246094,4.981598767139281,4.802325756738809,4.889246080166123,108883292
2011-05-05,4.815907001495361,4.867515883501852,4.786028288154473,4.788744827811986,68024558
2011-05-06,4.764298439025879,4.8457860337137,4.742568628635243,4.767014620562323,66664594
2011-05-09,4.764298439025879,4.764298439025879,4.764298439025879,4.764298439025879,0
2011-05-10,4.764298439025879,4.764298439025879,4.764298439025879,4.764298439025879,0
2011-05-11,4.764298439025879,4.764298439025879,4.764298439025879,4.764298439025879,0
2011-05-12,4.764298439025879,4.764298439025879,4.764298439025879,4.764298439025879,0
2011-05-13,4.799609661102295,4.813190568184094,4.617620492819266,4.753432786528848,101740277
2011-05-16,4.658364772796631,4.7914608886994445,4.6556485913066075,4.742568547581802,54495548
2011-05-17,4.851219177246094,4.881097176748241,4.65836525798101,4.65836525798101,88393119
2011-05-18,4.919124603271484,5.000612201863413,4.7996101032483685,4.818623733013512,81327476
2011-05-19,4.870231628417969,4.987030647850522,4.856650005645319,4.9354214123719915,45508599
2011-05-20,4.981598377227783,5.049504348632274,4.859366984121346,4.867515886901409,86234194
2011-05-23,4.862082481384277,4.970732593298406,4.791460338358935,4.962583333566197,90995252
2011-05-24,4.932706832885742,4.981599183178946,4.834921416101049,4.834921416101049,80618089
2011-05-25,4.932706832885742,4.932706832885742,4.932706832885742,4.932706832885742,0
2011-05-26,4.832205295562744,4.916409087221324,4.7833129446476725,4.870232918340565,81489729
2011-05-27,4.780595779418945,4.883813189920486,4.780595779418945,4.807758312408683,65893718
2011-05-30,4.77244758605957,4.807758305940159,4.690960345299095,4.745285053106378,41721238
2011-05-31,4.79689359664917,4.818623406608955,4.663797481110649,4.7724472471077215,53528654
2011-06-01,4.734419345855713,4.794176767256592,4.7072568164736674,4.794176767256592,50052639
2011-06-02,4.536133289337158,4.707257388477878,4.479092758521477,4.671945952750715,121540809
2011-06-03,4.538849353790283,4.560579162801515,4.4790922894846315,4.511686823951949,42726342
2011-06-07,4.576877117156982,4.595890745427224,4.468227352342515,4.495389883070899,40390717
2011-06-08,4.533417701721191,4.568728420298615,4.476376456244455,4.568728420298615,44446781
2011-06-09,4.495390892028809,4.566013058054357,4.489958169804353,4.508971444242915,33239075
2011-06-10,4.489956855773926,4.549714276060266,4.454645424996241,4.484524135139411,40247486
2011-06-13,4.430199146270752,4.46822711700649,4.375874087675217,4.4519296710476395,45017206
2011-06-14,4.484525680541992,4.56872947745332,4.413903510847764,4.427484421866523,77133457
2011-06-15,4.416620254516602,4.51440497487762,4.416620254516602,4.470945337894422,46635850
2011-06-16,4.337847709655762,4.408469864551197,4.326982266919256,4.38402387174089,48066266
2011-06-17,4.316117763519287,4.378591013458414,4.305252321122533,4.356861202962156,52898782
2011-06-20,4.351428985595703,4.356861707423111,4.278090284768272,4.318834445126887,33921685
2011-06-21,4.422051429748535,4.435632337739698,4.343280372904344,4.362294002191061,53612778
2011-06-22,4.416620254516602,4.457363708950751,4.394890436025002,4.427484984712793,42008445
2011-06-23,4.508971214294434,4.527985562060755,4.38674052101457,4.400322146833495,45864921
2011-06-24,4.614904880523682,4.669229589847524,4.481808751816736,4.487241115319387,89254868
2011-06-27,4.6420674324035645,4.761582652821649,4.598607449914928,4.612189074922933,77672416
2011-06-28,4.628486633300781,4.7262713276436275,4.560579939047639,4.7262713276436275,57101190
2011-06-29,4.517119884490967,4.663797628268745,4.5035389766495015,4.6529321857974,71603210
2011-06-30,4.6366353034973145,4.674662205251095,4.527985171119704,4.533417892598046,76264254
2011-07-01,4.598607063293457,4.658364847528002,4.571444531759322,4.658364847528002,68785318
2011-07-04,4.767014503479004,4.769731043047809,4.609472397243828,4.6149044020842185,104578316
2011-07-05,4.726271152496338,4.761582589227497,4.693676613689072,4.753433327852243,52686089
2011-07-06,4.682811737060547,4.718123178063276,4.631203203732305,4.7018253695394625,57086445
2011-07-07,4.696392059326172,4.788745102401006,4.655648975514423,4.753433307720294,93410164
2011-07-08,4.758865833282471,4.834920708643068,4.6773785947172195,4.6963918659335055,74540017
2011-07-11,4.726271152496338,4.78874512268251,4.712690243867938,4.723554612671551,44716456
2011-07-12,4.617620944976807,4.693676538775708,4.601323854882836,4.690960357093379,67777147
2011-07-13,4.764298439025879,4.813190780979123,4.652932131239006,4.685527383973584,89660882
2011-07-14,4.775162696838379,4.79417668192682,4.7208376390412,4.772446873667376,67593305
2011-07-15,4.886529445648193,4.943570689991054,4.7235542571834035,4.767014593919945,103884039
2011-07-18,4.87294864654541,4.924557170895805,4.832204490422903,4.889245736035873,54691791
2011-07-19,4.764298439025879,4.824056223323064,4.748000633609049,4.821339683687538,60647342
2011-07-20,4.764298439025879,4.818623502151093,4.720838102046442,4.805041878270708,40348106
2011-07-21,4.6665143966674805,4.769731815936173,4.663798214757618,4.758866372098461,52246762
2011-07-22,4.674662113189697,4.739852621051343,4.658365023372928,4.6855275559324,33933272
2011-07-25,4.582310199737549,4.688243791457873,4.549714945432057,4.6447834523838845,54485944
2011-07-26,4.6800947189331055,4.699108348015341,4.5632956885734135,4.585026215422843,47898083
2011-07-27,4.6665143966674805,4.709974023423543,4.6230540537131555,4.631202957541874,41493952
2011-07-28,4.576877117156982,4.623053276155608,4.541565683970454,4.620336736603513,51924627
2011-07-29,4.709973335266113,4.82133964209219,4.5361330631453916,4.595890846927025,86678592
2011-08-01,4.671946048736572,4.7588660118673936,4.612188976945625,4.671946048736572,57485740
2011-08-02,4.617620944976807,4.65021619946205,4.5442826071575375,4.63120256958665,53604774
2011-08-03,4.579593658447266,4.639351082832765,4.541565685694208,4.557863848715753,39244878
2011-08-04,4.587741374969482,4.671945140017959,4.5823093707166285,4.587741374969482,31801489
2011-08-05,4.427483558654785,4.514403520823369,4.424767735079699,4.492673709330773,68641562
2011-08-08,4.345995903015137,4.4845240085516265,4.27808922464435,4.405752963515626,69216209
2011-08-09,4.354144096374512,4.408469152690293,4.223764534175096,4.275373051195858,74894481
2011-08-10,4.370443344116211,4.454646414516367,4.367726804146,4.413902970251832,50591391
2011-08-11,4.462795257568359,4.476376882937432,4.291671862925572,4.29982040842807,52496280
2011-08-12,4.51983642578125,4.536133516488052,4.4546462724584694,4.479092982816016,49914087
2011-08-15,4.6529316902160645,4.685526939861138,4.4464972577248885,4.522551765932915,85301768
2011-08-16,4.631202697753906,4.696392134231189,4.612189067352309,4.642067424783898,54692720
2011-08-17,4.631202697753906,4.631202697753906,4.631202697753906,4.631202697753906,0
2011-08-18,4.544281005859375,4.707255788460691,4.5279835634091405,4.639349837934545,69800088
2011-08-19,4.508971214294434,4.517120476265095,4.424768142249815,4.4546465015143974,42979227
2011-08-22,4.460078239440918,4.519836023881152,4.41933515819764,4.492673492253522,35409752
2011-08-23,4.51983642578125,4.5334180509018145,4.446498085204183,4.465511357695452,28934898
2011-08-24,4.451929569244385,4.544281880265713,4.4410644861539215,4.530700974026439,34617776
2011-08-25,4.709973335266113,4.7181222379042245,4.451930003845738,4.481808358587937,128661098
2011-08-26,4.72083854675293,4.72355472854524,4.6529325695487005,4.67194620019399,71486173
2011-08-29,4.541565418243408,4.617620284973472,4.4981058013397,4.617620284973472,124933393
2011-08-30,4.53070068359375,4.650215157531403,4.527984144420991,4.568727576725114,60827115
2011-08-31,4.576877117156982,4.623053276155608,4.495389883070899,4.536132962965334,36062422
2011-09-01,4.598607063293457,4.631202315993868,4.560579447525852,4.576877252925598,31699413
2011-09-02,4.598607063293457,4.598607063293457,4.598607063293457,4.598607063293457,0
2011-09-05,4.468226909637451,4.53070086736254,4.443780562784197,4.508969985495125,38233390
2011-09-06,4.443780899047852,4.484524336087643,4.427483094513061,4.441064717658407,31382019
2011-09-07,4.525269508361816,4.552432044571061,4.438349177632746,4.479093340045757,35962325
2011-09-08,4.5008225440979,4.546998706155096,4.487240919735031,4.5252688949925135,27859955
2011-09-09,4.476376533508301,4.582310123465369,4.446497819466586,4.522552337282848,29480769
2011-09-13,4.487241268157959,4.489957808100922,4.389456573184962,4.400322016758569,28534140
2011-09-14,4.460078239440918,4.50625511616642,4.389456086927981,4.492673492253522,40705312
2011-09-15,4.498106002807617,4.5307012540938985,4.457361849175,4.468227291036159,47179199
2011-09-16,4.617620944976807,4.644783477998292,4.5144035343546225,4.522552437500709,102169144
2011-09-19,4.508971214294434,4.568729007120999,4.498106844697039,4.566012825196868,29306437
2011-09-20,4.546999454498291,4.595891806235105,4.481809294083386,4.495390920681514,21324072
2011-09-21,4.633918762207031,4.6719460220475915,4.511687363321828,4.54699879957275,50785629
2011-09-22,4.536133289337158,4.601323797494581,4.530701642238448,4.585026349504774,43254615
2011-09-23,4.514403343200684,4.571444588510679,4.435632287253069,4.457362097890689,41972685
2011-09-26,4.356861114501953,4.552431195492904,4.340563667435887,4.4627946994809236,54781227
2011-09-27,4.392172813415527,4.427483533075051,4.321549941700089,4.400321716490108,38048574
2011-09-28,4.345995903015137,4.422050766860075,4.318833374906436,4.422050766860075,26736564
2011-09-29,4.356861114501953,4.381307106051515,4.302536052215681,4.318833857380824,31285824
2011-09-30,4.356861114501953,4.405753455700153,4.34599638852396,4.367726198579023,39271346
2011-10-10,4.2101850509643555,4.356862108006019,4.196603424196665,4.332415752782829,57965674
2011-10-11,4.250927925109863,4.370443144881439,4.221048851592638,4.345996792957849,59346172
2011-10-12,4.443780899047852,4.45464562460563,4.207467388581192,4.223764835016921,75886131
2011-10-13,4.441065311431885,4.4627951235517935,4.405753874350758,4.413902777707667,40107560
2011-10-14,4.443780899047852,4.460077987384518,4.378590755205875,4.424767271222679,24040649
2011-10-17,4.492673873901367,4.5388500383513195,4.46007861831983,4.476376783259268,32380002
2011-10-18,4.351428985595703,4.4655114886826235,4.3432807981024055,4.457362584991076,38157770
2011-10-19,4.362295150756836,4.422052594048082,4.348713522991534,4.375875704224585,22774829
2011-10-20,4.2916717529296875,4.354145007811673,4.264509577185076,4.3459968206171355,25563078
2011-10-21,4.354144096374512,4.3948882467103845,4.2835219528828405,4.318833382727713,38935713
2011-10-24,4.489956855773926,4.527984467819345,4.326981682521312,4.373158554568027,66518433
2011-10-25,4.51983642578125,4.555147863276664,4.4546462724584694,4.487241170070302,55178136
2011-10-26,4.549715995788574,4.59860835138555,4.508971828975655,4.522553456646083,67505835
2011-10-27,4.541565418243408,4.5986066578157185,4.5116867078102025,4.5551470409120105,40504588
2011-10-28,4.62576961517334,4.6719457757448355,4.585026175792016,4.617620712437625,78785044
2011-10-31,4.585026741027832,4.639351811032163,4.517120403522419,4.625770185431953,39195729
2011-11-01,4.576877117156982,4.647499267331898,4.530701316257428,4.552431125980693,49575559
2011-11-02,4.6502156257629395,4.6502156257629395,4.514402977410777,4.5198356982042975,52723193
2011-11-03,4.585026741027832,4.669229811716464,4.557864564124794,4.647499998574209,72528683
2011-11-04,4.61218786239624,4.631201487830436,4.571443714281931,4.617619866392988,36881447
2011-11-07,4.541565418243408,4.5958904765216175,4.5144028891043035,4.576876849363864,35825498
2011-11-08,4.546999454498291,4.582310895835285,4.525269639759426,4.546999454498291,26737081
2011-11-09,4.60132360458374,4.606756325751974,4.530701452288446,4.560579449168779,31395006
2011-11-10,4.557864665985107,4.60947319716328,4.536133778059822,4.557864665985107,43804562
2011-11-11,4.5008225440979,4.574161238682645,4.4845247381020945,4.555147609152999,45693094
2011-11-14,4.544281005859375,4.576875890759843,4.500821039959092,4.530700102233325,49559186
2011-11-15,4.473660469055176,4.541566449219146,4.449214473759764,4.5307020796754855,60020739
2011-11-16,4.354144096374512,4.476375831184056,4.337847009198621,4.473659291889038,55094725
2011-11-17,4.340564250946045,4.38130769503889,4.329699165408361,4.367726785740691,30307356
2011-11-18,4.3324151039123535,4.367726540401569,4.307969110449625,4.3161180136699375,39776804
2011-11-21,4.3324151039123535,4.337847825425597,4.291671662108104,4.337847825425597,37804926
2011-11-22,4.359577178955078,4.378590807005184,4.29710321576347,4.318833741433288,36721606
2011-11-23,4.280806541442871,4.384023952143539,4.269941098507093,4.373159225405964,52239284
2011-11-24,4.302536487579346,4.324266299833198,4.234630510949334,4.2672250502805555,33582347
2011-11-25,4.288954734802246,4.307968361545477,4.261792206255321,4.272656931194858,23352319
2011-11-28,4.2862396240234375,4.32426652890779,4.267225276333432,4.297103993577227,27131604
2011-11-29,4.3351311683654785,4.34871207541166,4.291671191520501,4.3296984474479405,43267709
2011-11-30,4.212900638580322,4.335131681249482,4.204751735289461,4.33241514141979,52989379
2011-12-01,4.31340217590332,4.419335777619651,4.3052529139341,4.326982727422443,113863416
2011-12-02,4.3324151039123535,4.351428733960944,4.275373855667479,4.2943874857160695,50280691
2011-12-05,4.3324151039123535,4.356861455474187,4.264509486938306,4.329698922205284,31378093
2011-12-06,4.3324151039123535,4.3324151039123535,4.3324151039123535,4.3324151039123535,0
2011-12-07,4.359577178955078,4.3867397093689835,4.307968657647912,4.318833741433288,41091640
2011-12-08,4.32969856262207,4.3813070850675935,4.294387129065484,4.359577275116603,51716156
2011-12-09,4.305252552032471,4.335131624978384,4.288955461860505,4.31340181331666,24015757
2011-12-12,4.302536487579346,4.335131743108793,4.269941232049898,4.307969209217143,23868888
2011-12-13,4.2590765953063965,4.326982209568116,4.248211152713904,4.291671490687512,52532427
2011-12-14,4.23734712600708,4.280806751285951,4.210184591633447,4.2590769386465155,23481739
2011-12-15,4.087952136993408,4.231913688048748,4.079803951018937,4.212900060444786,53287790
2011-12-16,4.150427341461182,4.180306061542013,4.055358458777246,4.0961022656417905,43511780
2011-12-19,4.169440269470215,4.199318984496867,4.079804482489364,4.1205479243627225,35417278
2011-12-20,4.164008140563965,4.229198301417505,4.147711047974524,4.155859952368401,26165378
2011-12-21,4.166723251342773,4.242778121034566,4.158575065242215,4.202035041937391,40534326
2011-12-22,4.196602821350098,4.226481536508927,4.128696845861362,4.158575561020191,30371145
2011-12-23,4.188453197479248,4.240062431845847,4.172155751841874,4.191169378735636,27500152
2011-12-26,4.188453197479248,4.218331907497608,4.166723031230053,4.1830211930655175,20397707
2011-12-27,4.204751968383789,4.2400634071362315,4.183022155235394,4.185738337116552,38374746
2011-12-28,4.155858993530273,4.2264811441872245,4.101533931702705,4.188453529288112,31291823
2011-12-29,4.158576011657715,4.188454371955158,4.131413475279152,4.14227820335126,35553329
2011-12-30,4.234630584716797,4.234630584716797,4.155859521538107,4.1694404306214,72296025
2012-01-04,4.117830753326416,4.2346297719162385,4.115114572031105,4.2346297719162385,40894427
2012-01-05,4.180305004119873,4.223764982162206,4.109682136939623,4.1178310394909055,67483252
2012-01-06,4.169440269470215,4.2129006092534595,4.115115202840264,4.169440269470215,36813629
2012-01-09,4.2862396240234375,4.294387811663996,4.142278043531798,4.172156760775591,61140416
2012-01-10,4.2862396240234375,4.2862396240234375,4.2862396240234375,4.2862396240234375,0
2012-01-11,4.2862396240234375,4.2862396240234375,4.2862396240234375,4.2862396240234375,0
2012-01-12,4.2862396240234375,4.2862396240234375,4.2862396240234375,4.2862396240234375,0
2012-01-13,4.2862396240234375,4.2862396240234375,4.2862396240234375,4.2862396240234375,0
2012-01-16,4.2862396240234375,4.2862396240234375,4.2862396240234375,4.2862396240234375,0
2012-01-17,4.2862396240234375,4.2862396240234375,4.2862396240234375,4.2862396240234375,0
2012-01-18,4.2862396240234375,4.2862396240234375,4.2862396240234375,4.2862396240234375,0
2012-01-19,4.2862396240234375,4.2862396240234375,4.2862396240234375,4.2862396240234375,0
2012-01-20,4.557864665985107,4.601324293240865,4.4329167157034775,4.544283040081372,162204086
2012-01-30,4.538849353790283,4.6013233156580755,4.517119544779051,4.566011883628618,92064646
2012-01-31,4.51983642578125,4.563296050530951,4.481808806501368,4.541566238156101,47904437
2012-02-01,4.468226909637451,4.563295041569451,4.462794189170597,4.503538339325377,51192757
2012-02-02,4.59589147567749,4.606756919414161,4.468228062308089,4.481808971731108,67633494
2012-02-03,4.614904880523682,4.628486505478531,4.536133461140579,4.579594159657339,63580573
2012-02-06,4.571445465087891,4.623054357159286,4.555148372559014,4.617621634883839,43630797
2012-02-07,4.506253719329834,4.557862585044566,4.4926720996269305,4.5469971460426555,33754436
2012-02-08,4.590458393096924,4.620337107677991,4.503539147223092,4.503539147223092,47629920
2012-02-09,4.590458393096924,4.590458393096924,4.590458393096924,4.590458393096924,0
2012-02-10,4.593174934387207,4.612188922289887,4.563295861697152,4.563295861697152,50352114
2012-02-13,4.53070068359375,4.566011395651375,4.503538156658321,4.5605786754048765,59461690
2012-02-14,4.508971214294434,4.541566471681415,4.479093213128984,4.5225528401133595,30010919
2012-02-15,4.514403343200684,4.552431317539462,4.468227540358128,4.5062551565978195,55657035
2012-02-16,4.468226909637451,4.53341704854645,4.443780562784197,4.514402705961979,75670411
2012-02-17,4.468226909637451,4.500821800042433,4.454645287519834,4.49267289839167,41662901
2012-02-20,4.468226909637451,4.549714135649905,4.465510370354506,4.546997954465996,61988411
2012-02-21,4.479093074798584,4.492673983999817,4.438348914798399,4.476376892958338,41545234
2012-02-22,4.514403343200684,4.52255224600172,4.465511000691725,4.479092624726481,87754132
2012-02-23,4.517119884490967,4.552431319176036,4.506255158217795,4.514403344823588,62558468
2012-02-24,4.582310199737549,4.582310199737549,4.489957516353972,4.5334178554279605,100667653
2012-02-27,4.59589147567749,4.6692298189583035,4.552431849325574,4.590458753809155,123757178
2012-02-28,4.685527324676514,4.748000573521357,4.590458107311443,4.598607009916731,127220015
2012-02-29,4.644783020019531,4.690959894561547,4.623053210604377,4.690959894561547,72721046
2012-03-01,4.6800947189331055,4.737135964278897,4.633918557962485,4.639351279199613,80627459
2012-03-02,4.7480010986328125,4.753433462237752,4.677378939372131,4.680095121174601,80448264
2012-03-05,4.690959930419922,4.829487690312369,4.677378307045416,4.7615820801333175,96883375
2012-03-06,4.604039669036865,4.699108168923897,4.590458045511206,4.674661819536227,91618322
2012-03-07,4.563295364379883,4.62576932652442,4.549714457499615,4.563295364379883,55675137
2012-03-08,4.62576961517334,4.66108104956266,4.576877273056301,4.595890901974191,79842640
2012-03-09,4.582310199737549,4.601323829508094,4.525268952326813,4.590458386640498,146682714
2012-03-12,4.536133289337158,4.585026349504774,4.5198361994464475,4.585026349504774,74828723
2012-03-13,4.576877117156982,4.5850260196151265,4.530701316257428,4.549714586428598,65672451
2012-03-14,4.476376533508301,4.62848628533901,4.4655110908215585,4.5958910315760635,121641260
2012-03-15,4.413902759552002,4.503539263712865,4.413902759552002,4.479092911841801,71345307
2012-03-16,4.454646110534668,4.457362292220403,4.389456317680613,4.419335390521007,46411458
2012-03-19,4.441065311431885,4.454646220194884,4.400321868944668,4.438348771580175,46300651
2012-03-20,4.3650102615356445,4.4356324167439185,4.359577540143326,4.4329162350973075,56136631
2012-03-21,4.373158931732178,4.405753467855159,4.35142840541901,4.400321462950252,41583706
2012-03-22,4.3976054191589355,4.4220514115414655,4.337847633748414,4.375874534066189,49597329
2012-03-23,4.348712921142578,4.381307820590551,4.335132011455203,4.375875098616465,32905568
2012-03-26,4.356861114501953,4.367726198579023,4.340563667435887,4.35142839341388,22798875
2012-03-27,4.3650102615356445,4.389456254454241,4.359577540143326,4.3758746300229925,30747122
2012-03-28,4.2862396240234375,4.373159593841589,4.280806902097846,4.362294508089537,56535451
2012-03-29,4.229198455810547,4.286240072451755,4.199319735440828,4.286240072451755,52217627
2012-03-30,4.2672247886657715,4.2726575099705,4.234630251332853,4.245494977744129,29393268
2012-04-05,4.275374412536621,4.2889560390391885,4.196603342276125,4.267225508254911,50814961
2012-04-06,4.34328031539917,4.348712320424625,4.245494914364763,4.264509259597911,53602709
2012-04-09,4.2780890464782715,4.31883319504352,4.264508499187572,4.31883319504352,25767145
2012-04-10,4.31340217590332,4.316118357826971,4.231914569598984,4.269941474629235,54466145
2012-04-11,4.2998199462890625,4.329698659451806,4.253643785773831,4.259076506957382,29070116
2012-04-12,4.435632228851318,4.438348410382872,4.2780897609312865,4.302536110913436,76247505
2012-04-13,4.427483558654785,4.511687339149182,4.400321741912915,4.4410651832239205,93379657
2012-04-16,4.394887924194336,4.441064075434527,4.36772539802975,4.397604463290003,36957958
2012-04-17,4.34328031539917,4.4084697471909084,4.340563775737815,4.384023755031393,32887625
2012-04-18,4.416620254516602,4.435633890459153,4.351430082843374,4.351430082843374,44126456
2012-04-19,4.443780899047852,4.446497438536359,4.400321280618617,4.427483094513061,37986101
2012-04-20,4.503539562225342,4.508971209870009,4.413903052123016,4.427483961730348,71352540
2012-04-23,4.460078239440918,4.514403302696176,4.441064968640293,4.492673492253522,54571932
2012-04-24,4.552430629730225,4.650215299974232,4.449213239073306,4.454645243288153,132168562
2012-04-25,4.579593658447266,4.579593658447266,4.503538787238365,4.514403154955514,57763210
2012-04-26,4.503539562225342,4.593175356129403,4.470944304870344,4.585026810365003,78358418
2012-04-27,4.498106002807617,4.549714524004196,4.473659653867673,4.517119630816982,46066284
2012-05-02,4.557864665985107,4.601324293240865,4.519836686413265,4.541566500041144,72208862
2012-05-03,4.517119884490967,4.5741611298214675,4.511687163255295,4.557864040411709,44647950
2012-05-04,4.538849353790283,4.544282074617386,4.500822098495863,4.511686823951949,38788919
2012-05-07,4.508971214294434,4.546999193628812,4.476377031204851,4.511687754317698,70704490
2012-05-08,4.492673873901367,4.503539317194326,4.468227879839106,4.4981065955478465,48419934
2012-05-09,4.389456272125244,4.473660052103752,4.378591187395963,4.4682276887886605,59077347
2012-05-10,4.381307125091553,4.416618558970715,4.36501003605374,4.389456027709538,35784347
2012-05-11,4.351428985595703,4.400322049645866,4.348712803731562,4.3813077022995035,44933474
2012-05-14,4.32969856262207,4.389455987611136,4.318833836696113,4.384023624648157,57220300
2012-05-15,4.351428985595703,4.362294429250517,4.291671910287227,4.318834445126887,37174057
2012-05-16,4.280806541442871,4.345996692363825,4.2780900016593755,4.345996692363825,41556356
2012-05-17,4.32969856262207,4.337847465165614,4.280806221658037,4.291671305683069,36879664
2012-05-18,4.269941329956055,4.32155021715336,4.253644238966321,4.291671858906395,43646014
2012-05-21,4.2835235595703125,4.302537193172959,4.264510284066837,4.269941932298059,23692912
2012-05-22,4.337847709655762,4.343280431024015,4.29982009247437,4.29982009247437,31407845
2012-05-23,4.337847709655762,4.337847709655762,4.337847709655762,4.337847709655762,0
2012-05-24,4.2672247886657715,4.321549853118513,4.256360062254496,4.313401666409147,53657507
2012-05-25,4.2427778244018555,4.280805793737632,4.237346178179988,4.269940352699662,27351950
2012-05-28,4.294387340545654,4.294387340545654,4.2156159251088585,4.242778457459541,37933711
2012-05-29,4.326982021331787,4.335131281971185,4.250927507483836,4.291671303987303,79296844
2012-05-30,4.264509677886963,4.31340202510074,4.237347143401824,4.30796930334424,60030977
2012-05-31,4.261792182922363,4.283521990781509,4.226480752765071,4.256359462383297,42370913
2012-06-01,4.2862396240234375,4.313402159354001,4.250928184854052,4.264509810618466,43781448
2012-06-04,4.183021545410156,4.248210975351648,4.1775888243407255,4.24006278899519,47493151
2012-06-05,4.144993782043457,4.199318846893281,4.144993782043457,4.193886125548842,68053912
2012-06-06,4.161290645599365,4.169439547422304,4.1422770188112334,4.155858641215811,52216026
2012-06-07,4.131412982940674,4.204751679183397,4.120547898064206,4.191170054513486,36302509
2012-06-08,4.022762775421143,4.147709984703033,4.011897333615242,4.142277263800083,109916625
2012-06-11,4.017331123352051,4.055358389294752,3.9983174903807,4.033628216099643,73407958
2012-06-12,3.946708917617798,4.014614902473899,3.924978386533297,3.99288508758771,82433993
2012-06-13,4.030910968780518,4.049925312925523,3.9385590104529715,3.9602888198066766,71917043
2012-06-14,3.976585626602173,4.022762497743087,3.9684374410578505,4.0091808754727385,36074623
2012-06-15,4.117830753326416,4.169439630333525,3.995600088344071,3.995600088344071,116937650
2012-06-18,4.131412982940674,4.136844988230253,4.090669183228249,4.1123989948820805,54945796
2012-06-19,4.142277240753174,4.174872491692328,4.104250343238483,4.115114710686743,41451153
2012-06-20,4.136844635009766,4.21018404118868,4.12869644872157,4.164007165832135,39732147
2012-06-21,4.047209739685059,4.136845538006191,4.03634465336465,4.1341293559508765,40043416
2012-06-25,4.011897563934326,4.090668977707247,4.011897563934326,4.04177663536822,45441793
2012-06-26,4.047209739685059,4.07708881659097,4.017331020878298,4.022763743088077,37303685
2012-06-27,4.036343574523926,4.0635061040153255,4.020046486547951,4.0499251973686805,22609519
2012-06-28,4.001033306121826,4.0635072853540395,3.9956012999830355,4.036344747965974,27882225
2012-06-29,4.117830753326416,4.136844380492643,3.9928839070487605,4.011897176115937,51025647
2012-07-02,4.115115165710449,4.136844977306903,4.074371724204711,4.136844977306903,43032760
2012-07-03,4.109682083129883,4.1504262372537415,4.079804087196326,4.1042504364310135,34208303
2012-07-04,4.150427341461182,4.204752417280573,4.109683176497472,4.109683176497472,54651688
2012-07-05,4.125981330871582,4.164008239247303,4.115115886022808,4.136845701422862,28448879
2012-07-06,4.112398624420166,4.1286964293162445,4.006465041190081,4.060789744480417,45744860
2012-07-09,3.995600700378418,4.090669208870917,3.995600700378418,4.090669208870917,44500075
2012-07-10,4.049925327301025,4.0825195042986815,3.995600266575334,3.9983164479918054,34203310
2012-07-11,4.036343574523926,4.066222285344654,4.014613765790239,4.036343574523926,20858870
2012-07-12,4.041776657104492,4.058073746539394,3.9793026904419353,4.025479209570504,53839188
2012-07-13,4.068938732147217,4.112398348625271,4.006464772499541,4.020046395035122,30606349
2012-07-16,4.033627033233643,4.093384812946571,4.033627033233643,4.074371185550989,30026463
2012-07-17,4.08251953125,4.085236070783471,4.025479004929409,4.033627191133548,25325888
2012-07-18,4.077088832855225,4.082520480789221,4.033628129301067,4.068939928557623,20905310
2012-07-19,4.079803466796875,4.101533273179622,4.041775858003298,4.0716545655914596,37674193
2012-07-20,4.033627033233643,4.063506102139634,4.025478847348471,4.039059753988847,29509824
2012-07-23,4.022762775421143,4.022762775421143,3.9820186219957407,4.009181152213299,41608534
2012-07-24,4.020046710968018,4.066222512342495,4.0037485477850305,4.006465087365066,27908803
2012-07-25,3.976585626602173,4.03905958502981,3.971153980371344,4.020046316528633,27206997
2012-07-26,3.9793026447296143,4.022762981786448,3.9684379185644887,3.9765861050892504,20156246
2012-07-27,4.006464958190918,4.058073478962459,3.9793024280589226,3.998316414010757,30318962
2012-07-30,4.033627033233643,4.093384812946571,4.00918104318191,4.00918104318191,32742506
2012-07-31,4.101535320281982,4.109683509356179,4.036345152398884,4.044494057671469,42338679
2012-08-01,4.117830753326416,4.134128199197332,4.07437113640334,4.096100944864878,33693871
2012-08-02,4.117830753326416,4.12869619470576,4.090668582274256,4.117830753326416,24628094
2012-08-03,4.115115165710449,4.125980608657329,4.0825199111671155,4.115115165710449,26096153
2012-08-06,4.101535320281982,4.134129867074741,4.101535320281982,4.109683509356179,42387759
2012-08-07,4.063506603240967,4.115115129135793,4.058073881815812,4.098818039157625,44188631
2012-08-08,4.085236549377441,4.08795273113005,4.058074015653131,4.06079019740574,32497931
2012-08-09,4.085236549377441,4.085236549377441,4.049925828494414,4.082520009525722,23708359
2012-08-10,4.096101760864258,4.120548113590203,4.093385579027846,4.093385579027846,29168134
2012-08-13,4.08251953125,4.12054750372791,4.079804066013734,4.101533875588023,29857252
2012-08-14,4.144993782043457,4.155859224732334,4.058073821523378,4.082519814226523,49868758
2012-08-15,4.101535320281982,4.139562589956196,4.0770893206626155,4.117832414628764,32110981
2012-08-16,4.049925327301025,4.085236043814219,4.0363437040205365,4.0825195042986815,40591684
2012-08-17,4.090668678283691,4.101533761818993,4.041776339523423,4.049925241699664,28753085
2012-08-20,4.033627033233643,4.074371185550989,4.00103214109863,4.071655004222914,43074212
2012-08-21,4.017331123352051,4.041777478671758,4.003749496530738,4.033628216099643,36003150
2012-08-22,3.9847350120544434,4.0227629860692,3.968437922789404,4.020046804525026,34610504
2012-08-23,3.9711546897888184,4.0037488701849755,3.949423803794967,3.987451779986897,36298799
2012-08-24,3.9032483100891113,3.9657222846612084,3.900531770073613,3.96300574464571,52027757
2012-08-27,3.832625389099121,3.903247537339695,3.8163272265301695,3.9005309978620057,46382080
2012-08-28,3.9032483100891113,3.927694305435545,3.8108963344369795,3.8380585116997796,43990450
2012-08-29,3.8788015842437744,3.8896670270643257,3.8543555912443757,3.8842343056540503,19210839
2012-08-30,3.8788015842437744,3.9032479353422707,3.8434901484238244,3.846206688178511,24848147
2012-08-31,3.854356527328491,3.9195466933904544,3.8543565273284908,3.8679374389047494,23671993
2012-09-03,3.859788656234741,3.8842346514102064,3.8516393943443705,3.862504838132112,27960405
2012-09-04,3.76743483543396,3.870652233091042,3.7538539287282116,3.859787865825499,57440323
2012-09-05,3.699528932571411,3.7674345349818648,3.6777991254761044,3.762002172732795,47607140
2012-09-06,3.7294085025787354,3.734840507983492,3.683231622300314,3.7022459688611797,28632373
2012-09-07,3.859788656234741,3.911397186582172,3.7375568898617675,3.748422333649509,77894847
2012-09-10,3.8217601776123047,3.8652205146846823,3.7891649248080213,3.857071611958841,65464373
2012-09-11,3.8081793785095215,3.8163275652695825,3.7783006644944392,3.8054631968898036,24174543
2012-09-12,3.797314405441284,3.843490210530646,3.764719150750218,3.8244765805351846,33855752
2012-09-13,3.7728686332702637,3.8108966152985744,3.7728686332702632,3.7918822661852607,22793721
2012-09-14,3.8163275718688965,3.8407739226868163,3.764719046707735,3.797314300497993,42376860
2012-09-17,3.72397518157959,3.8081789509310884,3.7158262795362935,3.8081789509310884,31716231
2012-09-18,3.6696507930755615,3.7158269581565704,3.664218429453955,3.7158269581565704,33869336
2012-09-19,3.623474597930908,3.6859478471843232,3.58816316387583,3.672366939585155,50968006
2012-09-20,3.533838987350464,3.615326601976606,3.531122447050257,3.615326601976606,50138583
2012-09-21,3.498527765274048,3.5392719332581475,3.484946853411604,3.531122669942297,43549078
2012-09-24,3.506675958633423,3.5311219531224625,3.419755991763435,3.4822299641443832,49505474
2012-09-25,3.4604990482330322,3.4985263017383486,3.449633965189067,3.4985263017383486,27323395
2012-09-26,3.4333369731903076,3.474080050965136,3.4224715317453294,3.4632156838173147,19571784
2012-09-27,3.5392708778381348,3.6017441280732627,3.430620750544805,3.4333372902064068,59550222
2012-09-28,3.5664329528808594,3.5718653153101267,3.5012424551354093,3.517540616720331,41736790
2012-10-08,3.520256996154785,3.5935953254756168,3.5039591917512007,3.5691493350683596,29413692
2012-10-09,3.6098928451538086,3.620757928944019,3.531121435298617,3.531121435298617,45568269
2012-10-10,3.6098928451538086,3.612609026576594,3.585446496150602,3.6098928451538086,27583187
2012-10-11,3.5908796787261963,3.612609491001059,3.5800142354400957,3.612609491001059,26472379
2012-10-12,3.6098928451538086,3.6479204593700114,3.5881630356724545,3.60446012420917,28049421
2012-10-15,3.558284044265747,3.6153256458986505,3.54470313685205,3.612609106316836,24639753
2012-10-16,3.5908796787261963,3.6261911160591285,3.550135519750214,3.566433684679365,34932277
2012-10-17,3.628906726837158,3.6343394486975895,3.593596004289556,3.6044607318121638,33697697
2012-10-18,3.6696507930755615,3.6832317021295773,3.6261911679044734,3.634339355237765,44009751
2012-10-19,3.675124168395996,3.6833331181943483,3.6559680280957014,3.6723877315400366,27845160
2012-10-22,3.6860692501068115,3.6970153563232824,3.6368123132868853,3.661440601312118,37073015
2012-10-23,3.6395492553710938,3.694279433288851,3.6313395843756258,3.688806199035368,32295131
2012-10-24,3.636812448501587,3.666913971138943,3.6203934689511628,3.631339214805129,24870161
2012-10-25,3.6149215698242188,3.650496335741286,3.609448334653362,3.6450231005704294,34111422
2012-10-26,3.5382986068725586,3.6395489216594115,3.5300889366298382,3.631339251416691,47383172
2012-10-29,3.5410351753234863,3.57113669938609,3.521879036863617,3.530089068181769,35843400
2012-10-30,3.582082509994507,3.5957654147441427,3.5355620047698375,3.5410352388235915,39514980
2012-10-31,3.6012375354766846,3.6149204387377436,3.5738724504934836,3.5902917900989713,20770684
2012-11-01,3.661440849304199,3.6970156067248676,3.598501726412598,3.6012378021902056,38155193
2012-11-02,3.702488660812378,3.7134344064692746,3.658704235106918,3.6614406715211425,45159405
2012-11-05,3.7243804931640625,3.7517455787002616,3.6942789712281363,3.705225438365975,40574725
2012-11-06,3.7161715030670166,3.7271179722075063,3.6614413219817603,3.718907939967373,35992014
2012-11-07,3.707961082458496,3.7298536555468775,3.675123485519031,3.6970153370684944,24376920
2012-11-08,3.661440849304199,3.70248884058854,3.661440849304199,3.677860550895215,23425644
2012-11-09,3.6723873615264893,3.6778605954564756,3.6477587107652765,3.658704457086269,17188968
2012-11-12,3.7271177768707275,3.729854213627668,3.6614411300870686,3.6641779276135225,40186102
2012-11-13,3.6723873615264893,3.724380738859674,3.6614408936665175,3.724380738859674,27630122
2012-11-14,3.661440849304199,3.6942791701777744,3.6477586665687327,3.6942791701777744,20808929
2012-11-15,3.5985019207000732,3.664177844454176,3.5848190156868793,3.639549192661635,21156166
2012-11-16,3.584818124771118,3.598501026383773,3.5355611941971037,3.584818124771118,40796993
2012-11-19,3.582082509994507,3.587555744048261,3.5382988021814636,3.562927092730113,27197155
2012-11-20,3.579345703125,3.58755537297172,3.535561639071236,3.5820821394840863,22051508
2012-11-21,3.628602981567383,3.6395490888038777,3.5547173890676556,3.5684002936903956,29839621
2012-11-22,3.5985019207000732,3.628603085112783,3.587555813151221,3.6231305724926144,13433903
2012-11-23,3.628602981567383,3.647758759423623,3.595765381396886,3.609447564480637,22206367
2012-11-26,3.593029260635376,3.6258672244620795,3.5848192285244105,3.623130787604775,15862467
2012-11-27,3.6067111492156982,3.6094479468918994,3.573873184796614,3.5793464193794833,24538274
2012-11-28,3.582082509994507,3.6094475979547824,3.579346073352379,3.5902921806903887,19944197
2012-11-29,3.486304759979248,3.5848186351530065,3.486304759979248,3.5820821987486466,56671272
2012-11-30,3.5027241706848145,3.5246160253860763,3.475359081731103,3.475359081731103,26720730
2012-12-03,3.4370484352111816,3.5109340351498872,3.4206290923185527,3.5054608005958343,38908430
2012-12-04,3.4753592014312744,3.494514620050829,3.415155787197845,3.437048364192165,32327164
2012-12-05,3.664177894592285,3.686069749220038,3.456203652165843,3.464413323132194,111245579
2012-12-06,3.6970160007476807,3.7106981849413754,3.6422861816643315,3.653232289788811,99813493
2012-12-07,3.8365776538848877,3.8393144513267035,3.6888061051154235,3.6970157759018667,126231879
2012-12-10,3.9186720848083496,3.946037167247414,3.7955288530631335,3.872150867430859,133212048
2012-12-11,3.861206293106079,3.9323550894363333,3.8557330590094825,3.885834583847513,72073644
2012-12-12,3.896780014038086,3.937828003735739,3.8557327458793758,3.8666788524141187,62870592
2012-12-13,3.8475229740142822,3.8913073989951017,3.8447861768758846,3.8830977291188327,52434224
2012-12-14,4.154011249542236,4.159484482820376,3.836577067879725,3.842050301157864,214033594
2012-12-17,4.1649580001831055,4.192323090872723,4.1047553057432955,4.15948548712253,134861419
2012-12-18,4.173166751861572,4.233370154570607,4.11570014623389,4.14580166720368,113807324
2012-12-19,4.154011249542236,4.197794951150665,4.143065143755406,4.159484482820376,75085382
2012-12-20,4.134856700897217,4.145802086482298,4.044551768085557,4.132119903539083,81140073
2012-12-21,4.069180011749268,4.143065602647519,4.063706777864906,4.126646622533407,67812694
2012-12-24,4.0828633308410645,4.162221802915977,4.055498240947777,4.0609707538491016,60211355
2012-12-25,4.216951847076416,4.263472354090996,4.05002523701951,4.07465352851575,124383226
2012-12-26,4.206005573272705,4.227897427157286,4.173167251291587,4.214215243960359,85159804
2012-12-27,4.236106872558594,4.257998725278913,4.178640263109722,4.222423968550361,78418105
2012-12-28,4.268945693969727,4.318202638950345,4.206005843374495,4.22789769866493,67004687
2012-12-31,4.383877754211426,4.42492574529698,4.282627437842396,4.299046057045444,104698604
2013-01-04,4.375668525695801,4.50154748436245,4.356512388874881,4.465972729387926,122716026
2013-01-07,4.460499286651611,4.474182189343316,4.345566800351282,4.372931523426361,98750154
2013-01-08,4.3784050941467285,4.47965576786814,4.340093901657461,4.4604996304692985,86394227
2013-01-09,4.340095043182373,4.383878759301071,4.32367605944547,4.367460136333734,69487483
2013-01-10,4.342830657958984,4.405770504596273,4.320938804045209,4.340094221315949,66363569
2013-01-11,4.252525806427002,4.389351248946652,4.22789751538907,4.342830742797774,69470728
2013-01-14,4.67668342590332,4.67668342590332,4.23884314184308,4.23884314184308,259862418
2013-01-15,4.818981170654297,4.903812853464104,4.676682887281036,4.68489255626271,272074133
2013-01-16,4.876449108123779,4.9010774002819435,4.712258930401426,4.818982491805527,188753155
2013-01-17,4.854557037353516,5.002327866053365,4.777935005919314,4.843610569016408,186837464
2013-01-18,5.016010761260986,5.040639052277949,4.816245471044591,4.890131065634488,183960847
2013-01-21,5.3909125328063965,5.3909125328063965,4.922970233170625,5.0078019498657955,216245077
2013-01-22,5.604358196258545,5.719291773587464,5.289660790478095,5.325234824943943,295493427
2013-01-23,5.48668909072876,5.585203698489006,5.281451647383105,5.47574334388385,175757910
2013-01-24,5.3224968910217285,5.631722079424176,5.281449992445816,5.481214139003605,237008719
2013-01-25,5.240402698516846,5.358072341809126,5.18293681651583,5.336180491339824,169845114
2013-01-28,5.765811920166016,5.765811920166016,5.243139572265353,5.243139572265353,321821403
2013-01-29,5.850643634796143,5.897164136760559,5.645405489477588,5.828751782423847,299398804
2013-01-30,5.836960315704346,5.839697112729447,5.691926307999066,5.774021560285392,161360634
2013-01-31,5.774022102355957,5.839697660965696,5.691926842362452,5.820542244608337,114983663
2013-02-01,6.13797664642334,6.170814605200407,5.68918988698203,5.752129007330183,227841765
2013-02-04,6.023043632507324,6.236491106061206,5.940948367116715,6.091456714435671,237059478
2013-02-05,5.960103988647461,6.064091099316093,5.798650269350182,5.949157521289323,118026823
2013-02-06,5.981995582580566,6.014833900927656,5.869798806625954,5.938211158117779,105290930
2013-02-07,5.70560884475708,5.9683128747479355,5.557838030820051,5.938211352521407,162052370
2013-02-08,5.678244113922119,5.760339376455312,5.579730231805678,5.686453784483236,127740577
2013-02-18,5.7192912101745605,5.88074491258657,5.672769991460947,5.722027646343174,116622891
2013-02-19,5.694662570953369,5.77675709920248,5.656351382231756,5.69192613478099,134509867
2013-02-20,5.55510139465332,5.7439202035337935,5.388174799355544,5.705609010148813,182243920
2013-02-21,5.3635454177856445,5.473005749231942,5.215773898179257,5.473005749231942,204662876
2013-02-22,5.232193946838379,5.3881744244930365,5.185672725634581,5.336180691428514,129557209
2013-02-25,5.475742340087891,5.5551007940132795,5.259558467988462,5.270504212826833,170394809
2013-02-26,5.70560884475708,6.012097300644126,5.390911079591601,5.42101260181813,286105576
2013-02-27,5.752129554748535,5.971049902045634,5.705609409361689,5.749393839590614,193723074
2013-02-28,6.293956756591797,6.293956756591797,5.7548657920664015,5.784967314341734,309627662
2013-03-01,6.31037712097168,6.359634427795131,6.121558286610687,6.274802359291463,286937524
2013-03-04,5.951894760131836,6.293957279290309,5.891691349811949,6.1434500161838415,303790581
2013-03-05,6.548451900482178,6.548451900482178,5.962840100277604,5.965576175813881,323201600
2013-03-06,6.636021137237549,6.761900114519181,6.545716198652209,6.704433138636047,314711939
2013-03-07,6.4964599609375,6.600446728102732,6.2255458523096525,6.553926218338433,246805647
2013-03-08,6.255646228790283,6.5621343392874065,6.146186601635011,6.512877759606175,255984064
2013-03-11,6.192706108093262,6.288483176235408,5.97925867898011,6.2173343939671195,158504148
2013-03-12,5.943685531616211,6.23649149118025,5.831488734141178,6.184497386965359,232455829
2013-03-13,6.044936180114746,6.179024824344037,5.913583251026119,5.9354758267719765,231386529
2013-03-14,5.930002689361572,6.044935910945934,5.8287520113358005,6.020306538847601,159764960
2013-03-15,6.075037956237793,6.192707992240785,5.69192776325979,5.9272667529571565,260879367
2013-03-18,5.842434883117676,6.020307248816692,5.8041236844817234,5.938212338553264,206059106
2013-03-19,5.883482456207275,5.946421582240778,5.757602761062257,5.8287522794553555,146471141
2013-03-20,6.321321487426758,6.367841986442422,5.856116497270106,5.8643254453313585,362014686
2013-03-21,6.283011436462402,6.351424155708358,6.206389768138123,6.291220385540726,197771040
2013-03-22,6.302165985107422,6.33226786604321,6.233753275288711,6.280274495196546,113861445
2013-03-25,6.228282451629639,6.370580052530258,6.203653437922997,6.329532417891564,125216052
2013-03-26,6.05861759185791,6.181760481017173,6.042199333662861,6.181760481017173,154766039
2013-03-27,6.06135368347168,6.203651972292975,5.998413847587585,6.066827277361588,106720431
2013-03-28,5.478479385375977,5.746656639920972,5.456586451629187,5.746656639920972,324875960
2013-03-29,5.505844593048096,5.574256950474935,5.374492029803348,5.478479866539053,157551691
2013-04-01,5.579730033874512,5.637196643455321,5.500371571523122,5.527736658063457,106594605
2013-04-02,5.593413352966309,5.719293065246409,5.525000983483438,5.57699473062919,128025377
2013-04-03,5.596149444580078,5.68919082413397,5.557838967388768,5.6262509718791085,62094543
2013-04-08,5.453850746154785,5.500371246214198,5.358072588158746,5.415539555110261,112724979
2013-04-09,5.456586837768555,5.544155332027446,5.44837788895624,5.47026974194385,105198184
2013-04-10,5.308816432952881,5.445641877696134,5.23493119786884,5.4401686434446965,140387445
2013-04-11,5.311553001403809,5.39091146731697,5.278714679619866,5.360809942925478,86203419
2013-04-12,5.17199182510376,5.330708778385924,5.144626733635927,5.322499106637756,222655644
2013-04-15,5.078949928283691,5.215775011015081,5.03790265600293,5.182937770421685,157858188
2013-04-16,5.130943298339844,5.133679013126978,4.9530702471438435,5.01601008649021,181230560
2013-04-17,5.059794902801514,5.136416940641034,4.939389152570441,5.117261521373538,177694569
2013-04-18,5.226720333099365,5.251348618912469,4.950333069998438,4.9859081825836835,249176126
2013-04-19,5.538682460784912,5.63719706837146,5.182937752023423,5.199356372261839,408742535
2013-04-22,5.535944938659668,5.5742561273462465,5.448377177376442,5.4730058244442015,191576976
2013-04-23,5.221246719360352,5.5797288436465236,5.213037050841687,5.563309506609195,221919265
2013-04-24,5.308816432952881,5.41554035200652,5.076213898428373,5.130944076325674,202765029
2013-04-25,5.152834892272949,5.303342490380483,5.128206605799541,5.199355389799874,123546713
2013-04-26,5.117260456085205,5.259558754428103,5.1035782742921,5.196618914332517,93101593
2013-05-02,5.174727439880371,5.177464237207938,5.035165567723418,5.089895741962967,65684124
2013-05-03,5.399121284484863,5.53047349287698,5.161044797975612,5.19388312065077,199100464
2013-05-06,5.557837963104248,5.626249955232749,5.385437780354536,5.429221484178334,232393793
2013-05-07,5.541419506072998,5.576994630241266,5.440169172199329,5.516791212241086,117274753
2013-05-08,5.576993465423584,5.71108209768313,5.45111450323969,5.56878343457846,173847065
2013-05-09,5.508580684661865,5.546891879115658,5.418276473614725,5.546891879115658,133709355
2013-05-10,5.524999618530273,5.587939459121013,5.442904362509029,5.473006244999056,106789927
2013-05-13,5.451114654541016,5.527736680706127,5.418276334096413,5.503108030565046,89546287
2013-05-14,5.278715133666992,5.453851782603857,5.2294581879085005,5.451115345745528,137731495
2013-05-15,5.281452178955078,5.314290144333925,5.240404181077205,5.2787153811988885,66931058
2013-05-16,5.557837963104248,5.601621666928046,5.213037958374289,5.256822383737017,224810275
2013-05-17,5.579730033874512,5.6180405056459195,5.451114632212205,5.549628510834038,164728719
2013-05-20,5.741183757781982,5.883482063531899,5.576993599254107,5.604358325034186,242465931
2013-05-21,5.774022102355957,5.804122903994052,5.675507140978685,5.691926842362452,123745408
2013-05-22,5.790440559387207,5.826015315363301,5.7247639203069705,5.7740219407713544,114217609
2013-05-23,5.615304946899414,5.80138696331923,5.609831712977397,5.749393586061748,140288553
2013-05-24,5.661825180053711,5.730237173494872,5.557838069745635,5.623513626741486,92015297
2013-05-27,5.587939262390137,5.713818217600952,5.5523645083922695,5.634459761523241,99130820
2013-05-28,5.910847187042236,5.938211552223947,5.538682079794962,5.58793974096945,216654458
2013-05-29,5.82327938079834,5.93547580972912,5.806859678458967,5.913583234046123,147252625
2013-05-30,5.80138635635376,5.905373460758644,5.763075165985875,5.806858868164241,117626115
2013-05-31,5.74392032623291,5.8807457621238735,5.741183889668989,5.815069119972826,100047616
2013-06-03,5.722027778625488,5.798649796965209,5.689189461534656,5.727500290319794,95051863
2013-06-04,5.782230854034424,5.836960664728458,5.686453414742762,5.722028170501827,122247542
2013-06-05,5.694662570953369,5.77675709920248,5.64266847983099,5.749392737478691,84532396
2013-06-06,5.508580684661865,5.683717315900997,5.483952033886606,5.634460375119969,120343449
2013-06-07,5.344390869140625,5.544155429133189,5.311552908699311,5.508580671347192,111145222
2013-06-13,5.141889572143555,5.289661117402545,5.076213650490219,5.284187883418438,105433599
2013-06-14,5.215774059295654,5.2540856094086275,5.1446252745810765,5.199355441994852,90838432
2013-06-17,5.265031814575195,5.352599579015394,5.185672637401688,5.24313924211861,85490441
2013-06-18,5.399121284484863,5.48395226517671,5.322498531576161,5.322498531576161,107716436
2013-06-19,5.265031814575195,5.352599579015394,5.2404028058500804,5.349862781977416,102291387
2013-06-20,4.938694000244141,5.278837073237254,4.890102652653103,5.270002051138965,156049898
2013-06-21,4.98286771774292,5.031459786819952,4.792918225843744,4.837092238482896,106099664
2013-06-24,4.483696937561035,4.907771362708389,4.483696937561035,4.907771362708389,201600881
2013-06-25,4.4086012840271,4.461610687130938,4.037536554256946,4.329087907342489,296725699
2013-06-26,4.311418533325195,4.417436983064235,4.2319044230317155,4.417436983064235,175763706
2013-06-27,4.240738868713379,4.417436761392348,4.214234530597836,4.3511750061395364,144437821
2013-06-28,4.404183864593506,4.479280644982344,4.10821625615616,4.1965650241582795,160124072
2013-07-01,4.307000160217285,4.395348179613781,4.170058983022259,4.333504493239131,138273984
2013-07-02,4.240738868713379,4.329087997045654,4.139137753316123,4.320252975016753,140616646
2013-07-03,4.121467590332031,4.218651365320615,4.094963255321998,4.218651365320615,133256183
2013-07-04,4.1391377449035645,4.227486873056275,3.9801102605911955,4.072876717756588,139131632
2013-07-05,4.1391377449035645,4.227486873056275,4.125885393879937,4.1303030868782,110841912
2013-07-08,3.9712748527526855,4.090545625460336,3.962439832409873,4.0552062720601105,102817190
2013-07-09,3.9756927490234375,4.024284093902895,3.9624403986083285,3.9801100778332854,88499634
2013-07-10,4.1523895263671875,4.1523895263671875,3.971275057848284,3.980109714661848,129123348
2013-07-11,4.567629814147949,4.567629814147949,4.1965650583159135,4.1965650583159135,299568062
2013-07-12,4.567629814147949,4.7885017359510185,4.532290452253698,4.638308173950851,366084389
2013-07-15,4.642724514007568,4.75316063337227,4.435105716117918,4.6383071857083475,231838746
2013-07-16,4.585299015045166,4.611803351698229,4.479280212490667,4.572046664725853,175604129
2013-07-17,4.4792799949646,4.620637784863274,4.461610316725458,4.5808810998215925,116413372
2013-07-18,4.337922096252441,4.496949560401175,4.320252418456531,4.4527755479041655,139395551
2013-07-19,4.1656413078308105,4.373261192577084,4.156806651449382,4.337921839080344,142969181
2013-07-22,4.161224365234375,4.196564449976885,4.028701595348793,4.077293665891424,113767604
2013-07-23,4.399765968322754,4.52345408198987,4.1568070696236195,4.183312133390851,215558224
2013-07-24,4.311418533325195,4.364427212216315,4.218652071316136,4.324670885040775,155471933
2013-07-25,4.333504676818848,4.426271120274454,4.284912244932826,4.324670020099141,119210260
2013-07-26,4.258408546447754,4.311418314606483,4.218651857303476,4.289330577553563,80360736
2013-07-29,4.1568074226379395,4.20539986167844,4.134720413601179,4.183312488656098,86076921
2013-07-30,4.276078224182129,4.386514361487531,4.178895165883962,4.196564845936864,116560688
2013-07-31,4.236321449279785,4.413019338187653,4.218651769584671,4.333505233581277,78532208
2013-08-01,4.382096290588379,4.382096290588379,4.245155827005686,4.30258291920007,131803241
2013-08-02,4.337922096252441,4.461610204809353,4.32467011089466,4.426271213203067,99777723
2013-08-05,4.390931129455566,4.390931129455566,4.315835089822485,4.337922096070062,91831218
2013-08-06,4.382096290588379,4.417436375617738,4.3202525977291995,4.360009283423354,103019890
2013-08-07,4.386514186859131,4.470445618751055,4.3511748281601985,4.364426814683123,128522419
2013-08-08,4.368844985961914,4.439524075085737,4.342340282042279,4.355592634002097,94324476
2013-08-09,4.3511738777160645,4.426270635522356,4.306999870984285,4.404182540200004,85991238
2013-08-12,4.5632123947143555,4.616221072522401,4.351175135583027,4.364427123042242,232997166
2013-08-13,4.638308048248291,4.664813478914657,4.527872272332471,4.5543773390132465,207964219
2013-08-14,4.607386112213135,4.784083998566581,4.585299103909934,4.642725107106914,201267861
2013-08-15,4.505784034729004,4.647141803934775,4.496949014909991,4.602967432810692,101391531
2013-08-16,4.673647403717041,4.956362974813623,4.421853495598162,4.496949534806994,437431872
2013-08-19,4.766413688659668,4.837092771849776,4.514619750533188,4.514619750533188,273992367
2013-08-20,4.8591790199279785,4.9696151383716725,4.6780645573296225,4.731073588434759,264706633
2013-08-21,4.819423198699951,4.903354998580246,4.748744113945752,4.845927900980974,108311872
2013-08-22,4.837092399597168,4.969615533885324,4.775248707045353,4.797335714100605,136651373
2013-08-23,4.691317558288574,4.890102453528062,4.611803454598551,4.837092687082476,180396502
2013-08-26,4.815005779266357,4.8370927880955605,4.638307888704844,4.695734985226158,128437830
2013-08-27,4.806170463562012,4.86801415261704,4.753160703264276,4.810587791926186,101413601
2013-08-28,4.695734977722168,4.788501433816194,4.651560960134354,4.7443266882572255,117884706
2013-08-29,4.700152397155762,4.810588535207783,4.682483080968986,4.770831845816369,95256525
2013-08-30,4.6869001388549805,4.792918577741025,4.647142723792565,4.655978109345949,89906248
2013-09-02,4.748744010925293,4.784084098514092,4.6957349714988235,4.744326681969481,86440051
2013-09-03,4.947528839111328,4.947528839111328,4.735491592475449,4.766413622695887,200028381
2013-09-04,4.894519329071045,5.035877115895821,4.881266251712409,4.9298586847808545,154244751
2013-09-05,4.872432231903076,4.916606978294988,4.850345222692703,4.894519969084616,59310156
2013-09-06,4.872432231903076,4.872432231903076,4.872432231903076,4.872432231903076,0
2013-09-09,5.358349800109863,5.358349800109863,4.982868114854186,4.982868114854186,380936535
2013-09-10,5.495290756225586,5.588056477279066,5.296505872301324,5.486456098975516,360338855
2013-09-11,5.605727672576904,5.80892918574973,5.389273079707346,5.477621120582626,295182144
2013-09-12,5.950286865234375,6.122567433836395,5.4776209988119,5.530630768521191,316317381
2013-09-13,5.835433483123779,6.051888074432035,5.75592046530092,5.844269233510135,205860082
2013-09-16,5.831015110015869,6.025382656468115,5.596890879776805,5.839850130849347,247858470
2013-09-17,5.649901390075684,5.906112660398591,5.632231710050927,5.808928874284065,162436497
2013-09-18,5.649901390075684,5.738250518170623,5.526213265916813,5.632231710050927,106618085
2013-09-23,5.689658164978027,5.729415582608336,5.574804697105886,5.654318804395332,125071805
2013-09-24,5.420194625854492,5.685240544616156,5.287671484480876,5.68082321576604,251629495
2013-09-25,5.314176082611084,5.499708999227723,5.2920890732899695,5.380438202531184,134772021
2013-09-26,5.150731563568115,5.283254719074952,5.080052110515075,5.283254719074952,148730999
2013-09-27,5.256749629974365,5.305341340903838,5.12422612019293,5.137478835156653,118803436
2013-09-30,5.2479143142700195,5.3185926613291405,5.221409251649972,5.256748971157834,64558370
2013-10-08,5.39369010925293,5.451116478225199,5.084469435472132,5.2479149763432895,127452909
2013-10-09,5.543882369995117,5.632231124926044,5.309758133029609,5.353932146509529,145857770
2013-10-10,5.424612045288086,5.632231600508485,5.3892726859258975,5.565969846722414,134139148
2013-10-11,5.605727672576904,5.645484363767901,5.45995180359605,5.482038813814871,159492110
2013-10-14,5.517377853393555,5.605726605421186,5.5085428325965795,5.565969193827561,95547866
2013-10-15,5.39369010925293,5.521795926157792,5.358350021301053,5.517378597156598,83715287
2013-10-16,5.305340766906738,5.371602514628444,5.270001410778855,5.367185186108844,78174056
2013-10-17,5.300923824310303,5.4069422643979514,5.300923824310303,5.358349827216972,54192822
2013-10-18,5.389272689819336,5.4952911319680675,5.2832542476706035,5.305341256291535,89104757
2013-10-21,5.446699142456055,5.468786151420163,5.309758667718963,5.393690102550848,104200573
2013-10-22,5.323010444641113,5.424611548484411,5.305340766578266,5.424611548484411,88974740
2013-10-23,5.557135105133057,5.813346383393485,5.371603277132488,5.376020606279132,266692136
2013-10-24,5.742667198181152,5.808928217796407,5.477620207835819,5.570386654456685,255361147
2013-10-25,5.932616710662842,6.096062607909306,5.680823145549341,5.711744811103526,249023358
2013-10-28,5.800094127655029,5.928199578866594,5.7294154086357825,5.919364920981976,151850242
2013-10-29,6.237420558929443,6.361108680136179,5.808928735639086,5.808928735639086,370058136
2013-10-30,6.361108303070068,6.4008649888238285,6.100479725407163,6.184410789542753,229102100
2013-10-31,6.1402363777160645,6.325769286487109,6.073974624583548,6.294846528382651,192320994
2013-11-01,6.126983642578125,6.233002434638467,6.029799871184652,6.131400970918797,146002454
2013-11-04,5.990044116973877,6.224168743087208,5.95028669980087,6.175575939891776,127814711
2013-11-05,6.034217834472656,6.047470184874671,5.724997902363101,5.875190721605177,170559708
2013-11-06,5.808928966522217,5.9547041020303535,5.769172276831628,5.923782434485221,123602015
2013-11-07,5.861937999725342,5.945868697652997,5.786841230877709,5.835432572629864,118627873
2013-11-08,5.888443470001221,5.981209934819538,5.778007687674515,5.78684234642871,124430143
2013-11-11,5.9193644523620605,5.98120887258621,5.786841318714106,5.888442424242759,106419032
2013-11-12,6.206498146057129,6.228585517188614,5.9237818338931945,5.9237818338931945,187890012
2013-11-13,5.888443470001221,6.153489784368047,5.8619391297530274,6.126985080134243,142805635
2013-11-14,5.804511547088623,5.901695333233527,5.729415497956334,5.853103622153866,166650492
2013-11-15,5.901695251464844,6.082810470226176,5.769172107095506,5.8221811464518956,167102740
2013-11-18,6.22416877746582,6.246255422715969,5.85310367363815,5.95470406171675,221453884
2013-11-19,6.104897975921631,6.237421131078817,6.082810965388235,6.2020817686311425,144354341
2013-11-20,6.179993152618408,6.272759972295568,6.073974710099314,6.184411209532061,121865209
2013-11-21,6.157906532287598,6.166741190207583,5.9547039403442765,6.126984501596494,163239700
2013-11-22,6.03863525390625,6.140235995746481,6.03863525390625,6.131401338535443,93101895
2013-11-25,5.9635396003723145,6.09164505016664,5.9016951759363,5.919364855495631,91986394
2013-11-26,5.950286865234375,6.020966315523035,5.9193651972096735,5.963539944636484,67740986
2013-11-27,5.994461536407471,6.1048973049072055,5.906112412027891,5.923782091309581,99646272
2013-11-28,6.016549110412598,6.091645527412307,5.981209748525298,5.994462100229436,106970193
2013-11-29,6.007713317871094,6.135818761281022,5.990043639192368,6.09606243923583,107164237
2013-12-02,6.073974609375,6.210915808163028,5.9856265760477125,6.025383263842106,211218955
2013-12-03,5.9812092781066895,6.104897398969837,5.875190836797482,6.043052974552692,138660949
2013-12-04,6.007713317871094,6.118149446587849,5.901694881813186,5.963539303167056,154103888
2013-12-05,5.932616710662842,6.016548505676615,5.9061123739041745,5.998878826508982,104972563
2013-12-06,5.8707733154296875,5.954704022773689,5.8486863063384025,5.950286693752548,83134634
2013-12-09,5.826597690582275,5.914946441594941,5.8221803622273,5.875190122414637,72238098
2013-12-10,5.8707733154296875,5.892860324520973,5.831015898297094,5.875191008436411,55992990
2013-12-11,5.671988010406494,5.848685890501612,5.601308931165558,5.831015483716655,159875259
2013-12-12,5.618978977203369,5.6852399955120605,5.592473550720401,5.614561284794363,68785130
2013-12-13,5.543882369995117,5.6057267896352,5.499708356515198,5.60130873311323,74363419
2013-12-16,5.63223123550415,5.667570592576124,5.521795471665069,5.521795471665069,96019402
2013-12-17,5.618978977203369,5.689657323935534,5.574803873040977,5.649900640153212,63535176
2013-12-18,5.636648654937744,5.676404974734921,5.588056222351405,5.610143956425583,40217551
2013-12-19,5.521795272827148,5.676405045445978,5.521795272827148,5.645483382110641,61551617
2013-12-20,5.261168003082275,5.557135635917137,5.261168003082275,5.526213964951585,117734501
2013-12-23,5.278836727142334,5.38043783667627,5.212574611727875,5.2655843768565544,71220088
2013-12-24,5.168400764465332,5.353932582553813,5.12422601941657,5.3009239076549015,89746208
2013-12-25,5.177235126495361,5.208157155074367,5.093303698074887,5.168400469178818,87419418
2013-12-26,5.05796480178833,5.168400940193984,5.049130143666653,5.168400940193984,69517598
2013-12-27,5.190487861633301,5.2523322873662375,5.04913005820871,5.062382409152512,108978338
2013-12-30,5.186070442199707,5.234661788170227,5.168400762577998,5.208157450730449,75296715
2013-12-31,5.4113593101501465,5.4732030026482965,5.1463134057893765,5.181652762641333,142882130
2014-01-02,5.402524471282959,5.433446134499593,5.323010375061206,5.35393203827784,84656601
2014-01-03,5.2700018882751465,5.371603001330453,5.2037401345496965,5.367185672410614,95232644
2014-01-06,5.155148506164551,5.300924002684963,5.080051729423848,5.252332291840019,100590030
2014-01-07,5.137478351593018,5.194904715112293,5.084468952669937,5.09330360983342,58476814
2014-01-08,5.194905757904053,5.278837565703888,5.093304632230428,5.141897076311444,79102338
2014-01-09,5.221409320831299,5.296505725300389,5.146313280347748,5.163982958343027,83897572
2014-01-10,5.221409320831299,5.278836411290649,5.150730608850183,5.20373964283602,65870953
2014-01-13,5.124225616455078,5.261166805757588,5.075633910302421,5.212574371633843,82749629
2014-01-14,5.177235126495361,5.203739826416095,5.057964340837611,5.110973376693527,62627399
2014-01-15,5.155148506164551,5.186070537064568,5.1065564313340275,5.168400857119641,51492343
2014-01-16,5.16398286819458,5.212574208844177,5.1153904355883855,5.150730518933084,51769739
2014-01-17,5.071217060089111,5.141896507681718,5.057964709163695,5.133061485736247,73183196
2014-01-20,4.991703033447266,5.071217140256752,4.969616024212797,5.071217140256752,53087603
2014-01-21,5.018208026885986,5.1065564265274626,5.000537618986533,5.000537618986533,45929372
2014-01-22,5.208157062530518,5.239078726574524,5.01379023719365,5.018207565773429,106977799
2014-01-23,5.168400764465332,5.208157452632302,5.146313755926524,5.199322430825435,64892532
2014-01-24,5.150731563568115,5.2169925953431235,5.110974143734776,5.14189690492569,83856955
2014-01-27,5.031460285186768,5.137478726790053,5.013790605583815,5.106556332502921,76549924
2014-01-28,5.080051422119141,5.119808108593853,5.022625420753941,5.057964414520474,67337225
2014-01-29,5.106556415557861,5.141896503309694,5.080051713729564,5.097721393619903,53931642
2014-01-30,5.035877227783203,5.102138612207679,5.027042570652229,5.102138612207679,50356176
2014-02-07,5.027042388916016,5.027042388916016,4.903354281669572,5.000536962539135,72361283
2014-02-10,5.110973834991455,5.119808493100197,5.013790775867373,5.0270431270160705,100435896
2014-02-11,5.300923824310303,5.446698951939841,5.049129892607548,5.093303908990632,226448417
2014-02-12,5.274419784545898,5.389273260700683,5.234662364048488,5.2434973868240915,120030676
2014-02-13,5.398107528686523,5.521795646336622,5.2125746242402515,5.225826974557843,210503705
2014-02-14,5.336262226104736,5.3848546578865335,5.28325355792914,5.349514575141399,100628237
2014-02-17,5.287671089172363,5.3760198434831175,5.243496348031446,5.345097451887367,105221700
2014-02-18,5.150731563568115,5.2700023671257075,5.133061882297659,5.261167708483282,102999449
2014-02-19,5.300923824310303,5.358349827216972,5.12864399566246,5.12864399566246,170756614
2014-02-20,5.194905757904053,5.411360361642266,5.190488428435605,5.270002542781374,132420811
2014-02-21,5.124225616455078,5.2302440498724865,5.115390595342984,5.221409392745937,80519711
2014-02-24,4.929859161376953,5.0712169618675516,4.921024503588175,5.057964611198813,115399344
2014-02-25,4.868014812469482,5.0137906720877625,4.859179790558031,4.934276566841428,94761346
2014-02-26,4.907771587371826,4.9563629275818215,4.859179155205242,4.872431504346845,70491644
2014-02-27,4.965198993682861,5.013791072094216,4.8635978715304,4.898937598010077,95918862
2014-02-28,4.916606903076172,4.9651986137840565,4.806171130742691,4.934276582971259,77109843
2014-03-03,4.8768486976623535,4.894519102670971,4.828257358798149,4.868014041136323,73860246
2014-03-04,4.850345611572266,4.868015293154358,4.7708322264456555,4.854762940971385,91166731
2014-03-05,4.726657390594482,4.850345523406436,4.695735357391494,4.810588831565798,92105284
2014-03-06,4.757578372955322,4.792918458346263,4.642724915362532,4.731074036883224,91131720
2014-03-07,4.770832538604736,4.832676246195733,4.735492445156997,4.748744798207081,84439466
2014-03-10,4.554377555847168,4.735492062258891,4.527872487904486,4.726657403596938,94058623
2014-03-11,4.523454666137695,4.5897167881343774,4.461610965303343,4.5543774265188635,77896406
2014-03-12,4.572046756744385,4.629473123969771,4.496949982095005,4.536707397838675,89010520
2014-03-13,4.6648125648498535,4.76641293464468,4.580880780104378,4.629472482867002,108280836
2014-03-14,4.5587944984436035,4.651560954423742,4.536707489676812,4.6073862089190065,77827824
2014-03-17,4.625054836273193,4.6383068201263615,4.567628480952984,4.5985501405958695,64450847
2014-03-18,4.585299015045166,4.642725017129209,4.56321200717002,4.625055702017542,74617606
2014-03-19,4.523454666137695,4.572047107326621,4.483697975316641,4.572047107326621,62731393
2014-03-20,4.461610317230225,4.545542107843117,4.439523310425185,4.514619351953646,78603524
2014-03-21,4.766413688659668,4.832675442895887,4.430689044466989,4.448358724268123,216313103
2014-03-24,4.766413688659668,4.828258113941998,4.6957349694551365,4.757578666766313,145590685
2014-03-25,4.682482719421387,4.775248806152735,4.664813040613352,4.757578399373589,71842355
2014-03-26,4.726657390594482,4.748744401174214,4.6559786655508555,4.7089877093335755,62243596
2014-03-27,4.757578372955322,4.872431830548113,4.647142608029176,4.700152008144481,138781499
2014-03-28,4.761995792388916,4.841509894077226,4.713404447999773,4.726656798281158,92041902
2014-03-31,4.757578372955322,4.8326751444471885,4.713404358173307,4.792918458346263,55491398
2014-04-01,4.770832538604736,4.810589233769352,4.726657785780699,4.735492445156997,48598767
2014-04-02,4.819423198699951,4.863597581173128,4.739909091856883,4.766413794137906,79556651
2014-04-03,4.757578372955322,4.868014501867022,4.753161044274232,4.84150980180937,78390873
2014-04-04,4.766413688659668,4.779666403492488,4.678065289654003,4.726657000103513,59113196
2014-04-08,4.98286771774292,5.075633799459104,4.761995470633944,4.761995470633944,232056676
2014-04-09,4.943111419677734,5.013790500595096,4.929859069256631,4.978450414158068,96309478
2014-04-10,5.018208026885986,5.124226106455758,4.929859263258931,4.951946272172905,133067797
2014-04-11,5.035877227783203,5.080051241409158,4.969615479373181,5.0093728924047385,102514510
2014-04-14,4.98286771774292,5.057964121606337,4.943111033570577,5.013790108967184,72876898
2014-04-15,4.845927715301514,4.960780814142525,4.819423014036061,4.951946156377754,92394221
2014-04-16,4.854762077331543,4.916606497845448,4.797335713402031,4.82825774166621,65084442
2014-04-17,4.815005779266357,4.894519884616875,4.784084112499704,4.868014818847791,52684171
2014-04-18,4.770832538604736,4.806171904081202,4.735492445156997,4.792919551031118,55908423
2014-04-21,4.722238540649414,4.815004981522255,4.713403884175679,4.748743238041655,51521361
2014-04-22,4.885684490203857,4.938693893678597,4.717821985843145,4.7310743367118295,90423067
2014-04-23,4.991703033447266,5.057964789121837,4.894519974424256,4.894519974424256,205809657
2014-04-24,4.960781097412109,5.057964886272949,4.912189748960076,5.044712898869081,109556038
2014-04-25,4.969616413116455,5.0888872186787895,4.9077727096231705,4.960781390339921,123437127
2014-04-28,4.872432231903076,4.982868369911689,4.841510200617204,4.969616018791232,90900581
2014-04-29,4.929859161376953,4.9696158493975995,4.823840720012612,4.868014736927647,71473810
2014-04-30,4.921024322509766,4.956363316350086,4.898936950879423,4.938693637437146,44858261
2014-05-05,4.854762077331543,4.907771840618853,4.784083727562138,4.9033545120055555,69685142
2014-05-06,4.837092399597168,4.898936820120079,4.815005392541916,4.823840413755345,46270813
2014-05-07,4.792918682098389,4.8370926989426195,4.792918682098389,4.819423019407813,41802098
2014-05-08,4.828258037567139,4.925441820914451,4.775248999002253,4.784084020755852,65598493
2014-05-09,4.8812665939331055,4.916606680091646,4.81500557032087,4.828257920637541,55626894
2014-05-12,5.009372711181641,5.035877045601263,4.86801419835898,4.9254412875605,104024207
2014-05-13,4.960781097412109,5.018208196090162,4.943111780873618,5.004955480715111,52847994
2014-05-14,4.996119976043701,5.053547069176694,4.951945960991655,4.951945960991655,71905847
2014-05-15,4.943111419677734,5.013790500595096,4.925441740444786,4.991702764579172,54022040
2014-05-16,4.978450298309326,5.009373055214934,4.9386936119567215,4.943111304651332,53874391
2014-05-19,4.978450298309326,4.982867991003937,4.9210242971205025,4.978450298309326,45119039
2014-05-20,4.965198993682861,5.009373742778859,4.934276960504148,4.969616322998219,35556364
2014-05-21,5.004955291748047,5.02704302854399,4.8945198836385275,4.947528923209366,45475480
2014-05-22,5.031460285186768,5.150731077488659,4.987285540201029,5.004955219803981,106987678
2014-05-23,5.115391731262207,5.128644811851631,5.018208661362053,5.03587834352441,71773601
2014-05-26,5.115391731262207,5.146314494013989,5.062383048760759,5.146314494013989,54602932
2014-05-27,5.115391731262207,5.16840150572053,5.080052366937491,5.093304719555666,49145650
2014-05-28,5.124225616455078,5.137478330115991,5.031459896698583,5.110973266779709,73792102
2014-05-29,5.080051422119141,5.186070223346525,5.075634093396519,5.119808108593853,62594811
2014-05-30,5.080051422119141,5.133061186718391,5.062382107228653,5.075634093396519,55083989
2014-06-03,5.084468841552734,5.163982938199634,5.080051149081993,5.080051149081993,48058076
2014-06-04,5.004955291748047,5.088886726050513,4.969615932034155,5.08446939708267,55968147
2014-06-05,5.049130916595459,5.05354824633251,4.987286480348547,4.991703810085597,42559128
2014-06-06,5.027042388916016,5.071216400945004,4.987284977321757,5.053546723336303,32216063
2014-06-09,5.071217060089111,5.097721397954365,5.000537612496505,5.013790691393078,54176605
2014-06-10,5.190487861633301,5.190487861633301,5.066799738138586,5.088886747054537,107478601
2014-06-11,5.203739643096924,5.230243978098401,5.13747825961492,5.159565630099281,74862709
2014-06-12,5.218070030212402,5.25031376063832,5.158957016428081,5.169704803570922,52911645
2014-06-13,5.4384002685546875,5.578122231170164,5.20194822735563,5.2126963828622905,178488685
2014-06-16,5.443774223327637,5.502887601289344,5.384661214363295,5.406157155893627,126458256
2014-06-17,5.395409107208252,5.470643981557156,5.363165378774508,5.40078281594896,78026093
2014-06-18,5.298678398132324,5.406156995605232,5.271809117761452,5.395408840660058,77551217
2014-06-19,5.255687236785889,5.341669899115371,5.2019483034533245,5.2986787524493195,69563669
2014-06-20,5.293303966522217,5.293303966522217,5.234190594268034,5.25031282560717,53578208
2014-06-23,5.2503132820129395,5.347043726477828,5.24493920443273,5.293304426665173,62043806
2014-06-24,5.266435146331787,5.293304798123696,5.2449395724972145,5.255687359414501,40981422
2014-06-25,5.2503132820129395,5.271809223336419,5.180452487454379,5.266434776758847,39061818
2014-06-26,5.277183532714844,5.282556872912073,5.218070148592052,5.218070148592052,49375474
2014-06-27,5.277183532714844,5.304052816682817,5.218070148592052,5.2610620361335405,52923000
2014-06-30,5.32554817199707,5.357791899591653,5.261061454802631,5.2664347944061225,64402263
2014-07-01,5.298678398132324,5.3470436193961906,5.2825561657145625,5.325548047500551,41031895
2014-07-02,5.314798831939697,5.32017327733712,5.271808065724964,5.298677340733833,41190006
2014-07-03,5.352417945861816,5.368540180141053,5.282556775638782,5.314800506202459,64354299
2014-07-04,5.32554817199707,5.379286733995073,5.2986785220007055,5.357791899591653,49292821
2014-07-07,5.298678398132324,5.336295833448371,5.266434671291511,5.325548047500551,49400876
2014-07-08,5.336296558380127,5.336296558380127,5.250313890119535,5.287931330545882,49836530
2014-07-09,5.185826301574707,5.330921981549182,5.148209231060491,5.330921981549182,84656324
2014-07-10,5.196574687957764,5.228818419823389,5.164331694086964,5.191200978645101,51877127
2014-07-11,5.196574687957764,5.2126969228879885,5.180453191022363,5.191200978645101,45838092
2014-07-14,5.223444938659668,5.223444938659668,5.14283597447219,5.201948993477884,66688722
2014-07-15,5.223444938659668,5.223444938659668,5.223444938659668,5.223444938659668,0
2014-07-16,5.164330959320068,5.218069520790569,5.115965737400315,5.2126961812398225,88949207
2014-07-17,5.1535820960998535,5.169703588526354,5.121338373252235,5.158955803909584,46090486
2014-07-18,5.158957004547119,5.185826287843644,5.121339565135111,5.132087721250595,54016593
2014-07-21,5.132087230682373,5.158956511410505,5.121339075594289,5.158956511410505,39311288
2014-07-22,5.228817462921143,5.266434528217889,5.115965529036214,5.121338868368114,88372638
2014-07-23,5.244938850402832,5.282555914935728,5.2019477086524715,5.212695863087398,80021329
2014-07-24,5.459896087646484,5.535130965599643,5.244939609778081,5.250313687773617,260038651
2014-07-25,5.492140769958496,5.513636716670631,5.416906247957112,5.4813929811011555,122963600
2014-07-28,5.793079376220703,5.857566098703565,5.502888018055644,5.513635805136121,268974600
2014-07-29,5.814573764801025,5.965043879337213,5.76620854216317,5.814573764801025,173063099
2014-07-30,5.776957035064697,5.965044227981527,5.766208879185975,5.814574104650676,116643687
2014-07-31,5.84144401550293,5.857565510004701,5.72321763150492,5.7769565615064185,91840957
2014-08-01,5.750086784362793,5.954295820827389,5.750086784362793,5.825321653692134,123049391
2014-08-04,5.873686790466309,5.873686790466309,5.696348143424998,5.750086702470878,119609845
2014-08-05,5.814573764801025,5.959669432714591,5.755461493904751,5.884434928942545,108313238
2014-08-06,5.723217964172363,5.776956897297488,5.6479834577971895,5.776956897297488,120189252
2014-08-07,5.642608642578125,5.739339084885118,5.631860856654831,5.723217590498855,85886589
2014-08-08,5.66410493850708,5.707096453892762,5.621113054124021,5.6587312297072305,80013844
2014-08-11,5.755461692810059,5.7769568970618534,5.674852739629593,5.674852739629593,89471786
2014-08-12,5.696348190307617,5.728591178401578,5.653356309524516,5.7232174700517,69242741
2014-08-13,5.723217964172363,5.755461693044817,5.637235302174787,5.685600526486088,76804552
2014-08-14,5.66410493850708,5.77695688227507,5.647983443110155,5.739339444686615,75411817
2014-08-15,5.6855998039245605,5.7124694515710495,5.615739015241555,5.664104233406302,97212926
2014-08-18,5.723217964172363,5.744713906419792,5.669478293052483,5.690974235299911,84819382
2014-08-19,5.6855998039245605,5.733965022089308,5.647982740016274,5.723217236830179,83638316
2014-08-20,5.626488208770752,5.680227148516873,5.610366711345627,5.680227148516873,82553137
2014-08-21,5.556626796722412,5.626487968910283,5.50826156851403,5.615740181419243,91041192
2014-08-22,5.5620012283325195,5.594244221717615,5.513636000260062,5.529757496952611,69344890
2014-08-25,5.4867658615112305,5.562001110133039,5.470644365161285,5.562001110133039,73358559
2014-08-26,5.476017475128174,5.519009360245773,5.4491481926750955,5.476017475128174,66407780
2014-08-27,5.5028886795043945,5.5834969077984065,5.465271235702401,5.476018286079889,82533143
2014-08-28,5.454522132873535,5.508260692787746,5.449147686486356,5.502887353392613,63211655
2014-08-29,5.508261680603027,5.508261680603027,5.449148663700699,5.454523111051696,49496601
2014-09-01,5.535131454467773,5.551253689878313,5.4652710173374,5.502888459636388,70240631
2014-09-02,5.615739345550537,5.637234917333131,5.5028874091932405,5.562000416094051,113472714
2014-09-03,5.642608642578125,5.690973863731621,5.604991207347922,5.6264871481918615,110437744
2014-09-04,5.669477939605713,5.669477939605713,5.578121943487009,5.642608659216925,90454825
2014-09-05,5.6802263259887695,5.717843393865184,5.642608889114985,5.669478170598515,86094444
2014-09-09,5.621113300323486,5.685600760725188,5.599618464182633,5.669478526627369,81604452
2014-09-10,5.551252841949463,5.594243618157137,5.540504686650836,5.58886990950519,76549438
2014-09-11,5.572747230529785,5.669477668496453,5.535130165984825,5.5512523976423855,102738418
2014-09-12,5.572747230529785,5.578121676746309,5.519008672321938,5.572747230529785,58846229
2014-09-15,5.5405049324035645,5.551253088178933,5.508261203072225,5.551253088178933,74220242
2014-09-16,5.508261680603027,5.621113636054102,5.502888340244275,5.545879122085857,119281030
2014-09-17,5.513635635375977,5.562000860247696,5.481391906129909,5.535130839877718,80171707
2014-09-18,5.551252841949463,5.621112899411604,5.470643891193961,5.486765386147169,110636516
2014-09-19,5.578122615814209,5.588870403064618,5.513635892311753,5.535131097815173,82188603
2014-09-22,5.406157970428467,5.5566270008300975,5.384662025659384,5.551253660383313,113787599
2014-09-23,5.427652359008789,5.449148301998852,5.400783076016645,5.406157523010899,66550752
2014-09-24,5.524382591247559,5.53513074681379,5.395409152421289,5.411530647775884,109519617
2014-09-25,5.470643997192383,5.5512529495097525,5.454522501926808,5.545878502758938,97512094
2014-09-26,5.4384002685546875,5.465270288323966,5.406157278024201,5.459895841573261,65323198
2014-09-29,5.4384002685546875,5.476017336838504,5.422278773289444,5.449148055063975,87171654
2014-09-30,5.449147701263428,5.459895487074886,5.427651760643162,5.449147701263428,69693471
2014-10-08,5.513635635375977,5.513635635375977,5.449148176883841,5.4652704105042575,97154952
2014-10-09,5.4813923835754395,5.529757612659913,5.459896439206573,5.513636115630031,95384678
2014-10-10,5.459896087646484,5.481392030631238,5.443774591654658,5.459896087646484,94946261
2014-10-13,5.427652359008789,5.449148301998852,5.395409367017172,5.438400515002516,74862059
2014-10-14,5.4384002685546875,5.481391783589209,5.411530617782784,5.422278773289444,82927200
2014-10-15,5.459896087646484,5.470644243637556,5.384661578690717,5.433026804660977,86063015
2014-10-16,5.4813923835754395,5.562001344714505,5.416905657461084,5.427652707151981,190617910
2014-10-17,5.4384002685546875,5.492139570098495,5.406157278024201,5.481391783589209,100873605
2014-10-20,5.465270519256592,5.4760175682252425,5.4222790024054826,5.454522732293162,88008549
2014-10-21,5.422278881072998,5.459895950104563,5.411530725352686,5.449148163381634,70030543
2014-10-22,5.427652359008789,5.476017584990997,5.406157523010899,5.416905310007235,80562255
2014-10-23,5.5028886795043945,5.556627252368777,5.438401211275334,5.438401211275334,228309079
2014-10-24,5.470643997192383,5.56200073601926,5.454522501926808,5.5512529495097525,118222439
2014-10-27,5.384660720825195,5.443773724371457,5.363164781265102,5.427651492953388,105057905
2014-10-28,5.465270519256592,5.4760175682252425,5.400783059481234,5.400783059481234,76413739
2014-10-29,5.535131454467773,5.5781229752369414,5.449148781926862,5.476018067285491,153399772
2014-10-30,5.604991912841797,5.669478636498426,5.4867658838072435,5.5405051891851675,218971176
2014-10-31,5.927426338195801,6.099391653201741,5.621112774906446,5.642608716030207,517404096
2014-11-03,5.970417022705078,6.051025965467949,5.900556603172451,5.997287039290032,276024192
2014-11-04,5.8306965827941895,6.008035258265987,5.793079511631931,5.991913761767133,189934858
2014-11-05,5.814573764801025,5.884434928942545,5.72859147477583,5.830695997676798,185166260
2014-11-06,5.825321674346924,5.857565400743738,5.771582745347816,5.814573519549753,92897834
2014-11-07,5.86293888092041,6.115513144771405,5.787704378515231,5.8092003196283555,321749170
2014-11-10,5.986539363861084,6.045652368239724,5.836069260810964,5.938174144915166,233474176
2014-11-11,6.056399345397949,6.255234665086657,5.948921861315259,5.97041706293393,429320286
2014-11-12,6.018783092498779,6.024157170375737,5.905931147056492,6.013409383619204,200082618
2014-11-13,5.938173770904541,6.10476425012051,5.927425617151445,6.008033818321156,193015334
2014-11-14,5.873686790466309,5.916678301898231,5.803826368508789,5.911303855597894,129819831
2014-11-17,5.782330513000488,5.905930602806557,5.755461233083936,5.884434662277027,128101605
2014-11-18,5.701722145080566,5.809200751647079,5.674852862436324,5.771583313148277,133962690
2014-11-19,5.712470054626465,5.728591549718411,5.6641048313558855,5.696348559534518,85198574
2014-11-20,5.712470054626465,5.744713782805097,5.642608889571008,5.685600404143394,98430426
2014-11-21,5.803826808929443,5.836069799204779,5.642608905573798,5.707096362113953,165129405
2014-11-24,5.793079376220703,5.88443538190606,5.653357037182322,5.701722263543164,320741065
2014-11-25,5.900557041168213,5.922052244237629,5.744713590188066,5.77695657929087,225763584
2014-11-26,6.024157524108887,6.110140192207359,5.868314053492096,5.905931493847516,314628285
2014-11-27,6.0778961181640625,6.185374354974443,5.975791959243024,6.099392060724045,302955367
2014-11-28,6.685147762298584,6.685147762298584,6.008034314756827,6.056399534652857,697656867
2014-12-01,6.550799369812012,7.00758264773797,6.529304537009352,6.771130630972662,642990764
2014-12-02,7.050574779510498,7.201044534218353,6.491687646306162,6.523931376027781,502619245
2014-12-03,7.039825916290283,7.464364703490367,6.830242823120322,7.050573331994477,575644332
2014-12-04,7.501984119415283,7.507358197950968,6.932349506509275,7.061323701391421,496826035
2014-12-05,7.808296203613281,8.1844705927243,7.2655313008888704,7.550348578219141,635572396
2014-12-08,8.184471130371094,8.329566817560812,7.523480158503371,7.636332113652653,565681324
2014-12-09,7.367635250091553,8.345687846716736,7.367635250091553,8.039374281578667,582540495
2014-12-10,7.625581741333008,7.7169388325709605,6.99683394619591,7.308520805375583,508009579
2014-12-11,7.480488300323486,7.835167140231767,7.356888187991187,7.421374914340496,322271375
2014-12-12,7.491235733032227,7.6309573289493215,7.351514137115131,7.469739421665202,236722906
2014-12-15,7.2977752685546875,7.389131645316822,7.13118327352458,7.389131645316822,259334867
2014-12-16,7.733062267303467,7.733062267303467,7.222540343070744,7.254784073841639,355546501
2014-12-17,8.2543306350708,8.420921871391105,7.630956833744233,7.738435431625571,633623927
2014-12-18,8.001755714416504,8.356434467844165,7.845912645905872,8.281199603116924,355716129
2014-12-19,8.060870170593262,8.162974696318232,7.759930671192244,7.964139722642185,278698438
2014-12-22,8.243582725524902,8.684244547161597,7.958766203846687,8.007131426734347,499304338
2014-12-23,7.926523685455322,8.211340988589397,7.7921754136030295,8.055497878834554,258890513
2014-12-24,7.56109619140625,7.980261698326704,7.351513806943387,7.921148320711812,289479026
2014-12-25,7.894278526306152,7.926522253324008,7.544974558590684,7.7115650571979195,287607722
2014-12-26,8.114608764648438,8.157599907100723,7.8029218748773355,7.851287094634829,350938562
2014-12-29,8.017878532409668,8.625130833729473,7.926522167838168,8.38867806813981,372405336
2014-12-30,8.329566955566406,8.377932185430968,7.991010346514468,8.023254079089124,340715286
2014-12-31,8.512280464172363,8.533775301915904,8.222089084711941,8.388679612185694,345609462
2015-01-05,8.60901165008545,8.74873327316662,8.38330697880401,8.587516072534108,411902845
2015-01-06,8.480036735534668,8.807845188191909,8.356436621485013,8.517653808595725,311964681
2015-01-07,8.318818092346191,8.506904900719535,8.222087649411934,8.361809236318148,244817376
2015-01-08,8.039375305175781,8.367184484307625,8.007132311683664,8.329566674573734,202710846
2015-01-09,8.103861808776855,8.528400656120988,7.905026103142208,8.007131363762271,361224033
2015-01-12,7.9372687339782715,8.08773845831782,7.792173086506843,7.991008026670199,223673883
2015-01-13,7.888905048370361,8.007131810422973,7.85128797898618,7.872783552633536,117629966
2015-01-14,7.958766460418701,8.1683488536901,7.899653080319335,7.942644226939915,181876268
2015-01-15,8.248957633972168,8.248957633972168,7.905026254241619,7.98026186624074,178872526
2015-01-16,8.25970458984375,8.39405283519932,8.157600070972459,8.27582608408854,224041871
2015-01-19,7.432121276855469,7.829791171660787,7.432121276855469,7.528851712024908,307745807
2015-01-20,7.432121276855469,7.555721359349159,7.287025624101311,7.432121276855469,214706607
2015-01-21,7.749184608459473,7.845915073322315,7.389132404580544,7.458993213870944,279436373
2015-01-22,7.684695720672607,7.802921729206606,7.609460853788304,7.706191291497455,180722319
2015-01-23,7.738436698913574,7.862036811520648,7.684697391172267,7.716941123416018,210122196
2015-01-26,7.706192970275879,7.7599315400475,7.609462511494195,7.716941127027103,152295235
2015-01-27,7.5181050300598145,7.72231409451358,7.432122732181258,7.711565938281362,192887231
2015-01-28,7.555722236633301,7.684696411165778,7.4160006447200475,7.45361771254487,178686367
2015-01-29,7.469740867614746,7.528854259327373,7.389132636363768,7.426750450543141,146412473
2015-01-30,7.485862731933594,7.587967273634315,7.3945063474623645,7.485862731933594,133936803
2015-02-02,7.324643611907959,7.416000719537282,7.281653203956405,7.308522116676783,123974231
2015-02-03,7.496610164642334,7.518105001034188,7.319270753458981,7.405253051005579,127202276
2015-02-04,7.367635250091553,7.544974643698081,7.3622611725288385,7.523479071441945,116297727
2015-02-05,7.41062593460083,7.754556545339505,7.394504440908125,7.68469575534488,275576999
2015-02-06,7.260157108306885,7.496609894013639,7.201044465376272,7.356887558552222,148378832
2015-02-09,7.265530109405518,7.351513129099621,7.104312962221727,7.254782693190416,136308424
2015-02-10,7.39987850189209,7.4267481499840615,7.211790965248285,7.2494087677749155,104382053
2015-02-11,7.378382682800293,7.442869393254816,7.351513035612247,7.405251591993691,79826329
2015-02-12,7.448244571685791,7.469739407021156,7.319270393710296,7.3891311915318845,87655057
2015-02-13,7.496610164642334,7.620210270861665,7.437496781582952,7.485862008451612,127835006
2015-02-16,7.480488300323486,7.528853529584176,7.378384501435788,7.496610535406937,103853144
2015-02-17,7.5181050300598145,7.5825924914635285,7.485862037352755,7.501983533706285,97990788
2015-02-25,7.415999412536621,7.550346904440008,7.394503843351864,7.54497356563978,83144495
2015-02-26,7.56109619140625,7.5664695310119185,7.308521924134954,7.416000524163946,147678370
2015-02-27,7.5181050300598145,7.609462144049276,7.501983533706285,7.55572283887778,114274100
2015-03-02,7.539600849151611,7.57184457774352,7.453617818904773,7.539600849151611,146706768
2015-03-03,7.308521747589111,7.512730787513399,7.303148408113242,7.512730787513399,152564585
2015-03-04,7.2924017906188965,7.3730100176932485,7.254784716383514,7.319271445641968,117356117
2015-03-05,7.190296649932861,7.270905608284598,7.141931422520781,7.254784111812172,119319098
2015-03-06,7.222539901733398,7.260156970338499,7.174174677529838,7.184922833128297,80214874
2015-03-09,7.6040873527526855,7.706191875403277,7.158052932849947,7.238661145052222,317566599
2015-03-10,7.39987850189209,7.58796530054122,7.399878501892089,7.523478587917292,199541707
2015-03-11,7.448244571685791,7.566469856004089,7.410626764862007,7.410626764862007,130082994
2015-03-12,7.845913410186768,8.03937429890363,7.566469494265343,7.630956949167446,475939756
2015-03-13,8.055498123168945,8.388679928681896,7.953392843068332,8.007132891434106,455614322
2015-03-16,8.281201362609863,8.329566590353837,8.01787964911432,8.114610104602267,319460034
2015-03-17,8.275826454162598,8.490783656343853,8.195217503344628,8.334939832361389,282217229
2015-03-18,8.334939956665039,8.372557024810922,8.21671393649902,8.254331004644902,263664096
2015-03-19,8.162975311279297,8.318819150494258,8.125358240017647,8.318819150494258,227563240
2015-03-20,8.23283576965332,8.356435872626603,8.09311417081214,8.16297497023273,284600803
2015-03-23,8.291948318481445,8.361809855099077,8.238209753537157,8.238209753537157,256616039
2015-03-24,8.248957633972168,8.377931071127039,8.179096099686518,8.291948041695715,224523859
2015-03-25,8.012502670288086,8.232833154469681,8.001754517793819,8.211337587475688,229171393
2015-03-26,8.119982719421387,8.286573947406112,7.905025534414333,7.985634478791979,214256387
2015-03-27,8.103861808776855,8.216713748628962,7.985635053319271,8.114609226003628,150859997
2015-03-30,8.415548324584961,8.566017324719597,8.114608848326299,8.18446964003034,371896369
2015-03-31,8.46391487121582,8.920696758557044,8.399427408771922,8.619757973133153,393578382
2015-04-01,8.576764106750488,8.673494531781488,8.35643361218048,8.50152924972698,236637563
2015-04-02,8.490782737731934,8.673495454224756,8.394052302413462,8.646625806859108,202440588
2015-04-03,8.51765251159668,8.566017734164713,8.388678338750347,8.437043561318381,206631550
2015-04-07,9.033549308776855,9.114157528589734,8.678870484818919,8.678870484818919,426308008
2015-04-08,9.630051612854004,9.716034631662192,8.947565229411266,9.098034220834956,485517068
2015-04-09,9.673046112060547,10.237306643267512,9.52795042037964,9.646175719532767,456921108
2015-04-10,10.640348434448242,10.640348434448242,9.592435085057382,9.673044031316584,480990209
2015-04-13,10.760706901550293,11.164071324518849,10.506978160103014,11.059976775517608,576858385
2015-04-14,10.604567527770996,10.734685171974162,10.474449883567829,10.734685171974162,296685001
2015-04-15,10.832271575927734,11.242141013418067,10.474448294778929,10.604565919245548,410117043
2015-04-16,11.059978485107422,11.125037681356886,10.572038235925103,10.630590916919434,296088865
2015-04-17,11.014436721801758,11.385271587995085,10.929860962727343,11.385271587995085,313142804
2015-04-20,10.604567527770996,11.190095809878677,10.513485251282551,11.125037360045951,413670888
2015-04-21,10.773719787597656,10.864801313190176,10.396378422388583,10.617579072176346,289912435
2015-04-22,11.027448654174805,11.046965964597215,10.734684530612641,10.786730691739068,332777006
2015-04-23,10.838778495788574,11.086001487336576,10.773720048919419,11.046966121400011,278362608
2015-04-24,10.500472068786621,10.741189263437754,10.4158955760487,10.604565870062094,293140430
2015-04-27,10.682637214660645,10.79974256177278,10.539508043447125,10.546013813338062,295267629
2015-04-28,10.864800453186035,11.307199484130447,10.552519047062074,10.702153980563672,571625287
2015-04-29,10.832271575927734,10.897330015892244,10.539507479281038,10.838777345470424,258142606
2015-04-30,10.864800453186035,11.229129504868258,10.85178891406527,10.949376946546208,346876249
2015-05-04,10.747696876525879,10.864802236913723,10.591555403291787,10.864802236913723,171309013
2015-05-05,10.318306922912598,10.747694385719218,10.084095511878301,10.676130180853557,275921007
2015-05-06,10.227228164672852,10.604568087048571,10.077592456451786,10.292286617936718,233989329
2015-05-07,10.194697380065918,10.331320041576202,10.08409705448177,10.227226975183333,151044901
2015-05-08,10.311802864074707,10.396378621209308,10.084097184394606,10.220720592202667,164936208
2015-05-11,10.428908348083496,10.487461769694116,10.077591541108188,10.279273397991462,254769268
2015-05-12,10.383366584777832,10.526495001147481,10.181684009993141,10.3963773790852,238758670
2015-05-13,10.331319808959961,10.572037020518541,10.240237540312105,10.526495886194613,210787389
2015-05-14,10.337824821472168,10.441919366969556,10.207707942541225,10.409389774968023,172563316
2015-05-15,10.051568984985352,10.33132084439838,9.934463624722941,10.279273934888673,210325981
2015-05-18,9.875909805297852,9.986509390517918,9.739287138631976,9.888921346020755,184450105
2015-05-19,10.142648696899414,10.24023672777336,9.79133193466073,9.869402657174923,230137520
2015-05-20,10.24023723602295,10.50697826407083,10.149155714619232,10.415895998129486,310760029
2015-05-21,10.272768020629883,10.337826470472915,10.162168432535411,10.279273791160415,168701592
2015-05-22,10.58504867553711,10.604565984284886,10.29228457709485,10.35083724787578,314628931
2015-05-25,10.799741744995117,10.871306697458285,10.637095276409639,10.637095276409639,327644340
2015-05-26,10.812755584716797,10.864801747399587,10.591554926088799,10.819260610514455,335065050
2015-05-27,10.721671104431152,11.001423657930998,10.669624204307645,10.812754110319275,280946128
2015-05-28,10.084096908569336,10.741190104299767,10.038555773878981,10.73468433427795,327967338
2015-05-29,9.966991424560547,10.194697094938611,9.830368022333708,10.090603286919395,241791949
2015-06-01,10.344332695007324,10.396378857789799,9.882415554935951,9.973497828880664,259003476
2015-06-02,10.259756088256836,10.344332591003392,10.09710959758381,10.337826076183308,228578643
2015-06-03,10.298789978027344,10.376860704943098,10.084096595815469,10.259755359107098,237027814
2015-06-04,10.650107383728027,10.786730037473433,10.188191030909358,10.311802145162368,441903926
2015-06-05,10.604567527770996,10.929861266010057,10.428908745323607,10.864802071639618,342654748
2015-06-08,11.248647689819336,11.352741499969566,10.533001814364425,10.617579058850769,610326032
2015-06-09,11.046964645385742,11.352740272714259,10.851788586318591,11.29418760390163,394436103
2015-06-10,10.851788520812988,11.014434987541291,10.754200491868492,10.929859241783616,263806386
2015-06-11,10.721671104431152,10.91034214111805,10.637095357066446,10.851788727008715,204835254
2015-06-12,10.741190910339355,10.819260900997307,10.611073266525823,10.721672854271585,228406654
2015-06-15,10.357343673706055,10.799742734191419,10.34433213371645,10.754201599690157,263061193
2015-06-16,10.175177574157715,10.448424339231211,10.084095319133217,10.279271367174989,217461580
2015-06-17,10.233733177185059,10.337827000081745,10.051569359384734,10.29879163036105,205913070
2015-06-18,10.006024360656738,10.201200403988924,9.765307935448726,10.201200403988924,192306578
2015-06-19,9.518086433410645,10.012533168421275,9.43351067458021,9.92145089472294,187862457
2015-06-23,9.726274490356445,9.739286775131383,9.17978161047669,9.524592638528063,216658574
2015-06-24,9.836875915527344,9.84338094183543,9.563629072775793,9.758805176301829,183839534
2015-06-25,9.674227714538574,10.1686736955589,9.602663497736698,10.136144099992043,249499785
2015-06-26,8.958582878112793,9.72627495700964,8.7048533640864,9.524593095504843,306638610
2015-06-29,8.821959495544434,9.205805164033274,8.294983898939556,9.160264026324818,313553184
2015-06-30,9.459532737731934,9.459532737731934,8.704852292591518,8.808946095746222,305772375
2015-07-01,9.056171417236328,9.492064016157153,8.939065309486685,9.33592328369537,220248739
2015-07-02,8.94556999206543,9.309899068027594,8.704852779601184,9.043158031049916,237939151
2015-07-03,8.503170013427734,9.10170972268954,8.321005495117596,9.095203953398116,311694984
2015-07-06,9.030146598815918,9.309899946723075,8.646300921181094,9.303393431577375,405783200
2015-07-07,9.531096458435059,9.531096458435059,8.594251606828944,8.88701566948945,576997426
2015-07-08,8.581242561340332,9.1082182217984,8.581242561340332,8.984607079138806,599603632
2015-07-09,9.277368545532227,9.394473882784848,7.878606545156093,8.581240057746967,521322650
2015-07-10,9.667722702026367,9.99301644957634,8.8544887054203,9.010629436210703,558118533
2015-07-13,9.394474029541016,9.68723812178357,9.186286429156334,9.368450951761725,392183526
2015-07-14,9.023641586303711,9.355440355035508,8.789430121375947,9.23833499484049,309627546
2015-07-15,8.834967613220215,9.082191282702828,8.717862291496852,8.887015250138907,195170781
2015-07-16,8.847983360290527,8.952077185824352,8.730877992699417,8.847983360290527,166672782
2015-07-17,8.991111755371094,9.069181745296065,8.80244143420105,8.887017939112663,201676519
2015-07-20,8.847983360290527,8.978101014476692,8.802442218552258,8.978101014476692,163041969
2015-07-21,8.828463554382324,8.874003938723952,8.704851706128085,8.789428194694798,135797222
2015-07-22,8.795933723449707,8.808945261477358,8.678827647588223,8.77641567187069,136570874
2015-07-23,8.893523216247559,8.945570121489789,8.724370960344725,8.75689981078508,178043536
2015-07-24,8.704853057861328,8.913040682473138,8.66581843664987,8.90002914206932,160717196
2015-07-27,8.093300819396973,8.665818264801432,7.833066293792818,8.620276385215837,214543101
2015-07-28,8.210407257080078,8.301489530978339,7.904631583662842,7.930654665040807,241344097
2015-07-29,8.197395324707031,8.210406864774303,8.054265405816425,8.197395324707031,116601950
2015-07-30,7.976195812225342,8.223418808321712,7.95667775662913,8.203901497263193,92433472
2015-07-31,8.041254043579102,8.080289405567552,7.820054155336283,7.911136418463467,144329624
2015-08-03,8.340524673461914,8.360041983970932,7.904631371254816,7.937160222103179,168614725
2015-08-04,8.366547584533691,8.451124084100238,8.19088881536281,8.30799490965595,92992509
2015-08-05,8.190887451171875,8.425098856212628,8.177876657800901,8.327510832823775,66216284
2015-08-06,8.15185260772705,8.281970228642084,8.086794169538322,8.132335299631706,54026214
2015-08-07,8.203903198242188,8.27546817603693,8.158362051792217,8.203903198242188,74641236
2015-08-10,8.405582427978516,8.451123559956192,8.164865228821538,8.236430183874006,126373434
2015-08-11,8.353536605834961,8.425100825597557,8.321007008922304,8.399077743697598,99419203
2015-08-12,8.177878379821777,8.307995275380689,8.171371864959912,8.255948368249587,82418648
2015-08-13,8.177878379821777,8.242936827601234,8.08029033588375,8.138843013339029,72761329
2015-08-14,8.223418235778809,8.294983193752829,8.184382871841855,8.255947829815875,98854714
2015-08-17,8.15835952758789,8.25594756199573,8.09980685585071,8.20390065994739,81557108
2015-08-18,7.982701301574707,8.2884761915636,7.774512954341423,8.132335489541836,141158929
2015-08-19,7.956678867340088,7.956678867340088,7.741985437575523,7.872103096409142,115067307
2015-08-20,7.83957052230835,7.917641236906758,7.741982501329096,7.917641236906758,81316126
2015-08-21,7.481747627258301,7.800534748342462,7.455724553473867,7.741982087790011,112004140
2015-08-24,6.733574867248535,7.267056210714699,6.733574867248535,7.221515075020168,182163561
2015-08-25,6.154552459716797,6.733574945616368,6.063469814998847,6.408281221803501,263080050
2015-08-26,6.447316646575928,6.655504274336404,6.050458701955889,6.245634789115757,299030350
2015-08-27,7.026339054107666,7.091397500873882,6.414786974169601,6.609963059005926,221908278
2015-08-28,7.04585599899292,7.215008249618668,6.863691464059316,7.084891362841212,192963562
2015-08-31,7.201996326446533,7.201996326446533,6.818149262502509,6.967784924575402,175715670
2015-09-01,7.527290344238281,7.553314168068715,6.902726762221819,7.091397065245161,318919362
2015-09-02,7.702947616577148,7.807042157273344,7.195490174169405,7.273560149019603,337889611
2015-09-07,7.084891319274902,7.520784599735559,7.084891319274902,7.514278829890455,165133276
2015-09-08,7.156455993652344,7.2540440366979455,6.8897156901119505,7.07838526140079,89675094
2015-09-09,7.221515655517578,7.2800683362493634,7.078385722225632,7.175973771624518,102128866
2015-09-10,7.188984394073486,7.273560137988132,7.1174194439869884,7.1564548036216635,55824675
2015-09-11,7.13043212890625,7.234525930775853,7.078384483433847,7.169467490741751,51174093
2015-09-14,7.0718793869018555,7.15645513472957,6.798632601354369,7.149949365245714,90774327
2015-09-15,6.876702785491943,7.0588665503813575,6.831161658135207,6.95477275771954,65140680
2015-09-16,7.091397285461426,7.2085026349908885,6.844174301814385,6.889715436528654,68309252
2015-09-17,7.006821632385254,7.247538104966345,7.006821632385254,7.058867793343184,74495824
2015-09-18,7.032844543457031,7.130432581977781,6.980796894677494,7.052361853346122,38192738
2015-09-21,7.0393500328063965,7.084891165269823,6.92875045876848,6.961279307286915,46333333
2015-09-22,7.13043212890625,7.195490568940352,7.039349866135947,7.045855635685597,59154672
2015-09-23,6.961280345916748,7.097903763691378,6.948268804568039,7.065374910319606,44538100
2015-09-24,6.9677863121032715,7.032844758258276,6.941762486918668,7.000315162911938,31035906
2015-09-25,6.863691329956055,6.9677858796969065,6.798632887838443,6.954773595643285,53570472
2015-09-28,6.850679397583008,6.889714758430115,6.785620214658637,6.870197450275352,23890472
2015-09-29,6.753091812133789,6.870197902381491,6.714057193255519,6.798632945362735,40032427
2015-09-30,6.824656009674072,6.889715196737353,6.75959756714842,6.766103336947222,43759167
2015-10-08,6.961280345916748,7.084892222342669,6.961280345916748,7.058868395107522,59288502
2015-10-09,7.091397285461426,7.123926880125234,6.974291935931963,6.993809246007656,56953447
2015-10-12,7.306090831756592,7.40367887331159,7.097903208315975,7.130432803680197,101959818
2015-10-13,7.241032600402832,7.325609104136543,7.2150087744318085,7.286573737448854,43175782
2015-10-14,7.143443584442139,7.254043154567608,7.117419762010362,7.182478945821007,50277678
2015-10-15,7.267055988311768,7.267055988311768,7.117420300939465,7.123926815443274,58308060
2015-10-16,7.306090831756592,7.3516319674514365,7.260550440599419,7.293079291425971,68400174
2015-10-19,7.3256072998046875,7.384159963145575,7.254042354414428,7.332113068560618,86804583
2015-10-20,7.364644527435303,7.403679149885353,7.280068023051464,7.286573793459805,85819593
2015-10-21,7.299586296081543,7.644396605212896,7.273561724598175,7.345126690295415,159915484
2015-10-22,7.371149063110352,7.416690942015518,7.273561024399622,7.319102903304787,98736687
2015-10-23,7.4622321128845215,7.501266732929633,7.377655613711477,7.4101844637490695,112491013
2015-10-26,7.4947614669799805,7.68343102475725,7.442713819514548,7.546807625370155,130310104
2015-10-27,7.4687371253967285,7.5728316789493855,7.377655600911837,7.4817494099268425,69652364
2015-10-28,7.3321146965026855,7.468737359786448,7.3191031561018844,7.455726563923322,65377340
2015-10-29,7.3321146965026855,7.390667372843966,7.3191031561018844,7.351632007103888,38004441
2015-10-30,7.390666484832764,7.429701845882624,7.332113815526766,7.351631123782903,64311686
2015-11-02,7.247538089752197,7.364644185274707,7.2215150093278595,7.332114590206621,58132297
2015-11-03,7.188984394073486,7.293078190074249,7.1629613173420745,7.254042830439573,46951821
2015-11-04,7.605361461639404,7.611867976971236,7.188986174515808,7.208503486898073,156869302
2015-11-05,7.852585315704346,8.177879071177237,7.51428001848311,7.546808872853973,275062776
2015-11-06,8.060771942138672,8.073783482241053,7.7549962825067675,7.8200547275563315,175583394
2015-11-09,8.418594360351562,8.704852704852991,8.106312936097812,8.132336015850136,289666534
2015-11-10,8.294984817504883,8.503172473204733,8.203902532001752,8.327513673371868,135003315
2015-11-11,8.164865493774414,8.314500433831746,8.054265172789542,8.262453530530832,122608208
2015-11-12,8.067278861999512,8.229925370073861,7.989208121182676,8.19739651518165,80536754
2015-11-13,7.963184356689453,8.119325080440678,7.930654760039644,7.95017281584461,70506604
2015-11-16,8.028242111206055,8.060771705042855,7.8655956310973245,7.891618710536656,67181845
2015-11-17,8.132335662841797,8.262453289568205,8.041254143124686,8.073782991403078,125578387
2015-11-18,8.080288887023926,8.262452657050531,8.008723937214768,8.10631196365449,95244571
2015-11-19,8.132335662841797,8.138842177035087,8.021736089620038,8.0672772217474,56534480
2015-11-20,8.164865493774414,8.190888573156053,8.08028974124645,8.13233590000973,71764360
2015-11-23,8.099807739257812,8.197395784309112,8.054265857393663,8.164866187779447,72957037
2015-11-24,7.989206790924072,8.099807112755158,7.911136807644196,8.073783288636774,79705773
2015-11-25,8.015231132507324,8.047760728621013,7.917643088703947,7.943666914502436,61615526
2015-11-26,7.956678867340088,8.054266925330854,7.937161553557053,8.041256127346626,66265218
2015-11-27,7.631385326385498,7.937161022417912,7.501267676259095,7.924149480766595,87363112
2015-11-30,7.637890338897705,7.722466840309737,7.481749620970804,7.624878798538215,79019266
2015-12-01,7.6443963050842285,7.715961267971737,7.488255583153789,7.611867453351444,81630468
2015-12-02,8.138840675354004,8.223416409810538,7.585841422202758,7.611865240561483,193891303
2015-12-03,8.099807739257812,8.29498382936041,7.969690097676849,8.060772372329755,171117213
2015-12-04,7.8851141929626465,8.05426570928579,7.859089622772236,8.008725317334466,91743894
2015-12-07,7.904630184173584,7.969688620637801,7.833065233979141,7.924147491751581,48335118
2015-12-08,7.781019687652588,7.865596190925357,7.741984321177641,7.852584650279605,60372214
2015-12-09,7.800535678863525,7.885112912364524,7.741983011326363,7.754995294308282,51526122
2015-12-10,7.781019687652588,7.898125042539739,7.748490836038206,7.7745139173297115,50112429
2015-12-11,7.696441650390625,7.754995060701522,7.6313832155910655,7.7484892916753205,45540963
2015-12-14,7.852585315704346,7.8786083992010365,7.618373841545374,7.631385383293719,70468396
2015-12-15,7.754996299743652,7.865595879935036,7.715960934812088,7.826560515003472,43738482
2015-12-16,7.735478401184082,7.813549132623415,7.728972630987083,7.794031077494745,47131538
2015-12-17,7.852585315704346,7.898125711823554,7.781020347012944,7.787526862424868,77792970
2015-12-18,7.956678867340088,8.164867270381437,7.8200561817832535,7.826561953044265,122753368
2015-12-21,8.138840675354004,8.275464046527986,7.878605469916662,7.898122775282599,153737055
2015-12-22,8.086795806884766,8.210407683462579,8.054266208935292,8.132336946198937,83770974
2015-12-23,8.11932373046875,8.314499788840957,8.067276831205334,8.11281796112802,124682187
2015-12-24,8.028242111206055,8.171371281735285,7.96318366807009,8.10631283859932,76827556
2015-12-25,8.028242111206055,8.028242111206055,8.028242111206055,8.028242111206055,0
2015-12-28,7.794031620025635,8.106313822982793,7.794031620025635,8.0867957664955,98689035
2015-12-29,7.865595817565918,7.872101587579983,7.787525832859493,7.800536628349969,74376256
2015-12-30,7.872101306915283,7.8786070766973975,7.774513271108327,7.86559553713317,63920044
2015-12-31,7.800535678863525,7.891617937049139,7.794029909641348,7.872100629382605,58951070
2016-01-04,7.371149063110352,7.826560406785527,7.306090618815748,7.807043096858441,67619744
2016-01-05,7.416690349578857,7.527289919406413,7.2540431350279455,7.332113857575391,79592394
2016-01-06,7.501266002655029,7.520784055315087,7.410183742341644,7.429701795001701,61884772
2016-01-07,7.1174211502075195,7.423197586866628,7.097903837980182,7.423197586866628,20971332
2016-01-08,7.234525203704834,7.345124764008813,7.091396054384233,7.293077868304733,89703309
2016-01-11,7.000314712524414,7.20850232245615,6.94826781004148,7.1564554199732155,87841678
2016-01-12,7.032844543457031,7.097902987624982,6.922244220472574,7.045856083383092,67397076
2016-01-13,6.9677863121032715,7.1174205148984795,6.961279797403868,7.084891664089812,47005137
2016-01-14,7.006821632385254,7.026338942744478,6.818150576224427,6.889715536616913,79957744
2016-01-15,6.805139541625977,7.0263394648212865,6.779116459213423,6.935257187301907,53784256
2016-01-18,6.772610664367676,6.870198712140876,6.7010456989138785,6.727068781233283,50524905
2016-01-19,6.9677863121032715,7.013326703235405,6.772610229100589,6.798633309747523,60133089
2016-01-20,6.857185363769531,7.026338350782498,6.7921269235155615,6.961279165990925,72450300
2016-01-21,6.714057445526123,6.9938092806864685,6.714057445526123,6.818150510983616,72737413
2016-01-22,6.766103744506836,6.798633339997913,6.648998391999237,6.766103744506836,56010256
2016-01-25,6.746585369110107,6.7921264977947144,6.720561547917094,6.766102676601701,45171806
2016-01-26,6.421293258666992,6.71405737542316,6.41478674413978,6.71405737542316,77748136
2016-01-27,6.427798271179199,6.492856715481496,6.245634478225239,6.460327865599172,68284446
2016-01-28,6.304187297821045,6.434304189423975,6.278163472777859,6.3887637985393155,36304893
2016-01-29,6.505868911743164,6.557915815386701,6.304187067057256,6.336715916498442,65332291
2016-02-01,6.37575101852417,6.512374414179176,6.336715656260225,6.492856360778398,50127856
2016-02-02,6.473339080810547,6.525385982548928,6.362739507683687,6.375751046983879,44292499
2016-02-03,6.408280849456787,6.434303928908672,6.356233946015383,6.408280849456787,32948660
2016-02-04,6.473339080810547,6.5058686735986395,6.427797948722261,6.434303718372357,44771936
2016-02-05,6.453822612762451,6.486352209788995,6.4473168422646845,6.4798464392912285,32507200
2016-02-15,6.369246006011963,6.408281372916021,6.2781637314150585,6.284670246347148,33419935
2016-02-16,6.512374401092529,6.525385940308495,6.395268314536018,6.401774828681607,51406365
2016-02-17,6.603457450866699,6.648998588082173,6.499363635670673,6.525386717200831,70220047
2016-02-18,6.5644211769104,6.648997669271362,6.5644211769104,6.622973846799685,48741388
2016-02-19,6.531890869140625,6.596950045921341,6.499362025287779,6.564420457530983,38267790
2016-02-22,6.6945390701293945,6.7075506096210855,6.5449041323620785,6.590444520582998,74128734
2016-02-23,6.583940029144287,6.694539612865375,6.538398892693659,6.694539612865375,51104924
2016-02-24,6.603457450866699,6.603457450866699,6.512375176435753,6.544904772886146,36012432
2016-02-25,6.291175365447998,6.590444495296771,6.245634232864188,6.583939470113506,74648740
2016-02-26,6.369246006011963,6.395269087589537,6.284670246347148,6.356234465223175,47058529
2016-02-29,6.219611167907715,6.382258408914689,6.128529263901715,6.369246123348487,68027566
2016-03-01,6.31069278717041,6.356233920566508,6.23262243232088,6.2586458839373895,45349296
2016-03-02,6.570927143096924,6.590444452131745,6.32370491717206,6.343222226206882,81193647
2016-03-03,6.577434539794922,6.622974933652908,6.5318926568615066,6.564422254154925,66370728
2016-03-04,6.766103744506836,6.831162935488989,6.55141035006368,6.5644218904450415,165749888
2016-03-07,6.727067947387695,6.824655983064489,6.701044868293951,6.733574461698757,72762356
2016-03-08,6.6880316734313965,6.740079313606275,6.466832553107023,6.740079313606275,77178775
2016-03-09,6.616469383239746,6.64899823341732,6.531892139165086,6.596951328595545,39108078
2016-03-10,6.603457450866699,6.73357509213058,6.590445165563924,6.662010128847252,56882436
2016-03-11,6.609963417053223,6.648998785042483,6.531892681074701,6.570928049063961,46048406
2016-03-14,6.675021171569824,6.8051380440742655,6.642491581174935,6.642491581174935,78618986
2016-03-15,6.714057445526123,6.740080525756082,6.609962890993315,6.6880328762208485,50150444
2016-03-16,6.733574867248535,6.798633313438863,6.668515676520538,6.681527961388739,79786344
2016-03-17,6.779115676879883,6.818150295993982,6.7010449495764135,6.740080313228148,73319565
2016-03-18,6.857185363769531,6.8767034170220445,6.766103100691411,6.779115384372288,95665897
2016-03-21,7.026339054107666,7.065374419982467,6.863691820385611,6.863691820385611,110451937
2016-03-22,6.974292278289795,7.117420714946147,6.954774222718335,7.006821874550433,75057897
2016-03-23,6.961280345916748,7.006822229712687,6.902727665309829,6.967786861128832,51633379
2016-03-24,6.844173431396484,6.915737637110394,6.831161893000785,6.902726098714694,44688748
2016-03-25,6.889715194702148,6.896220964499029,6.831162521992595,6.837668291789475,28448458
2016-03-28,6.818150520324707,6.928750845066531,6.798633210125499,6.909233534867323,43034521
2016-03-29,6.785621166229248,6.844174587979842,6.7530923147430135,6.837668817682595,38198144
2016-03-30,6.961280345916748,6.961280345916748,6.8116461313311385,6.818151157467764,64763997
2016-03-31,6.922245025634766,6.993809992627487,6.922245025634766,6.967786909748486,50206550
2016-04-01,6.935257434844971,6.954774747351025,6.8311636124038495,6.909234351503564,44321025
2016-04-05,6.961280345916748,7.032845312410105,6.8311634433542014,6.909234180521913,71077036
2016-04-06,6.974292278289795,6.993809589323563,6.9027273154239275,6.948268452373745,52231144
2016-04-07,6.889715194702148,6.980796716396105,6.889715194702148,6.974291691136853,45326350
2016-04-08,6.876702785491943,6.941761219771196,6.831161658135207,6.863690503006066,45186463
2016-04-11,6.974292278289795,7.026339185584202,6.896221545079339,6.896221545079339,94366322
2016-04-12,6.941761493682861,6.967785315143945,6.909232647528462,6.961278801375501,35831944
2016-04-13,7.032844543457031,7.136938351940811,6.96778609928908,6.980796894677494,102811243
2016-04-14,7.052361965179443,7.091397330114279,7.019832370310803,7.078385045444227,38837556
2016-04-15,7.078385353088379,7.117420719719788,7.026339190296755,7.052362271692567,59666884
2016-04-18,6.980798244476318,7.058868988203644,6.980798244476318,7.039351674540708,42078481
2016-04-19,7.006821632385254,7.032844712864219,6.96778626712914,7.006821632385254,26188792
2016-04-20,6.844173431396484,7.013325664153262,6.740079635155767,7.006820639492972,72790350
2016-04-21,6.837667942047119,6.9157379201540845,6.79863258072484,6.8441737115112335,67055904
2016-04-22,6.863691329956055,6.9092332073372935,6.772609808806448,6.805138657596442,43161254
2016-04-25,6.831161975860596,6.870197336058742,6.779115077108925,6.870197336058742,41910930
2016-04-26,6.889715194702148,6.896220964499029,6.805138698267443,6.818150237861205,35003925
2016-04-27,6.876702785491943,6.902725861388631,6.844173196083551,6.883207809928582,28746471
2016-04-28,6.935257434844971,7.000315887736234,6.857186695745256,6.883209779086663,54895249
2016-04-29,6.876702785491943,6.922243168311146,6.863690503006066,6.922243168311146,48597320
2016-05-03,6.948268413543701,6.974292239314317,6.8441745995366094,6.883209221386004,58692252
2016-05-04,6.974292278289795,6.993809589323563,6.935256911684567,6.948268452373745,49492270
2016-05-05,6.974292278289795,6.974292278289795,6.928751141339977,6.954774222718335,28742019
2016-05-06,6.844173431396484,6.980796073626452,6.844173431396484,6.980796073626452,41585416
2016-05-09,6.733574867248535,6.850680219298659,6.7140575567527385,6.831162908802862,49340522
2016-05-10,6.6880316734313965,6.746585082493754,6.681526649081442,6.727067031293793,35111973
2016-05-11,6.746585369110107,6.7921264977947144,6.7010442404255,6.7010442404255,39274741
2016-05-12,6.753091812133789,6.766103351759879,6.668515315488943,6.707550678904843,39106260
2016-05-13,6.733574867248535,6.766103718074864,6.720562582380333,6.733574867248535,22111933
2016-05-16,6.740080833435059,6.740080833435059,6.668515870460476,6.714057752017169,25826961
2016-05-17,6.70104455947876,6.746585690331692,6.662009198099447,6.740079920858072,30050906
2016-05-18,6.70104455947876,6.714056842963592,6.616468811784107,6.694538790005139,64098074
2016-05-19,6.668515682220459,6.714057562491587,6.668515682220459,6.681527967099783,20493331
2016-05-20,6.70104455947876,6.72056186789962,6.6294796061937555,6.662009198099447,24804452
2016-05-23,6.6880316734313965,6.727067031293793,6.66851436676896,6.7205612624063145,38837611
2016-05-24,6.64249324798584,6.688033643613625,6.629480961840158,6.6815286173474,31115284
2016-05-25,6.655503749847412,6.688032598785487,6.629479926159324,6.668515289422642,24508248
2016-05-26,6.648998737335205,6.681528334515805,6.616469884692316,6.648998737335205,31367583
2016-05-27,6.681528091430664,6.694539632014438,6.629480440020199,6.648998495433545,26738270
2016-05-30,6.6880316734313965,6.6880316734313965,6.635985522331567,6.66851436676896,45713624
2016-05-31,6.863691329956055,6.876703614009676,6.675021773361219,6.675021773361219,113576059
2016-06-01,6.818150520324707,6.863691655327186,6.7921274400590965,6.837668575061575,66810109
2016-06-02,6.805139541625977,6.818151082832253,6.779116459213423,6.811646056766835,35164346
2016-06-03,6.831161975860596,6.844173514414122,6.772609307832162,6.811644668030308,50806714
2016-06-06,6.837667942047119,6.850679480975348,6.79863258072484,6.837667942047118,40599841
2016-06-07,6.844173431396484,6.850679200594334,6.818149610067525,6.844173431396484,27513858
2016-06-08,6.831161975860596,6.8571850529676475,6.8051381542159755,6.8571850529676475,32182588
2016-06-13,6.720561504364014,6.811644505680513,6.720561504364014,6.805137992021258,41378019
2016-06-14,6.766103744506836,6.77261025923519,6.714057582981391,6.727068378825078,32836471
2016-06-15,6.79212760925293,6.8181506901667825,6.714057621973692,6.720562647664477,45380689
2016-06-16,6.790146350860596,6.813916369554102,6.758453748213839,6.790146350860596,38667008
2016-06-17,6.798069477081299,6.821838739417604,6.76637687542915,6.790146137765455,31517300
2016-06-20,6.813916206359863,6.813916206359863,6.782223604472148,6.805992866985126,27073158
2016-06-21,6.82183837890625,6.85353097888355,6.7980691178260715,6.82183837890625,38074985
2016-06-22,6.916916370391846,6.916916370391846,6.798069306088472,6.813915984321566,47800201
2016-06-23,6.861454963684082,6.8931475666447675,6.837685700366382,6.869378303327068,33561422
2016-06-24,6.790146350860596,6.89314749836537,6.750531164260586,6.845608972200859,42766409
2016-06-27,6.82183837890625,6.8456083955976155,6.76637651784877,6.79014577892895,32521418
2016-06-28,6.837686538696289,6.845609879310711,6.782224665618039,6.798070591235533,33651928
2016-06-29,6.88522481918335,6.88522481918335,6.829762948134823,6.837686288459276,36961156
2016-06-30,6.893147945404053,6.9248405501061585,6.861455340701947,6.885224605325702,36220487
2016-07-01,6.901071548461914,6.91691747361116,6.877302282932383,6.885224867701342,34893019
2016-07-04,6.980302333831787,7.0199175182268325,6.86937785293652,6.885223775572296,60825712
2016-07-05,6.980302333831787,6.996148256467563,6.948609732949026,6.972378994708294,42203729
2016-07-06,6.9644551277160645,6.98822438767375,6.940685867758379,6.97237846623901,32295017
2016-07-07,6.956532955169678,6.972379634871611,6.924840351377086,6.964456295020645,31285308
2016-07-08,6.924840450286865,6.964456394496271,6.916917110322726,6.964456394496271,26134229
2016-07-11,6.93276309967041,6.964455700758741,6.924839760495525,6.93276309967041,36537252
2016-07-12,7.035764694213867,7.04368803389789,6.924840205471328,6.932763545155351,71183240
2016-07-13,7.122919082641602,7.170458364592121,7.019917934758187,7.035764613945444,79828864
2016-07-14,7.083303451538086,7.130842735577568,7.059534187323987,7.10707347136347,35969939
2016-07-15,7.122919082641602,7.13084242223523,7.0595338771150775,7.0912264798783395,35203395
2016-07-18,7.162535190582275,7.194227794078208,7.10707332336721,7.122919247309541,50693492
2016-07-19,7.107072830200195,7.1704580327936975,7.091226151746211,7.162534693566705,36278781
2016-07-20,7.099149703979492,7.122918966762436,7.091226364514764,7.099149703979492,31092641
2016-07-21,7.122919082641602,7.138765761828859,7.0912264798783395,7.0912264798783395,34026127
2016-07-22,7.083303451538086,7.1229193956357735,7.067457527265781,7.1229193956357735,29554964
2016-07-25,7.114995956420898,7.114995956420898,7.059534088824747,7.075380768487233,26468286
2016-07-26,7.2179975509643555,7.225920891282515,7.107073808955401,7.107073808955401,54655692
2016-07-27,7.138766288757324,7.265536709167583,7.059534398195258,7.225920763886551,81867834
2016-07-28,7.194227695465088,7.217996958858409,7.107073225948739,7.114995810005673,47991038
2016-07-29,7.289306163787842,7.320998769715171,7.154612399693857,7.194228346005851,67142534
2016-08-01,7.352691650390625,7.400230938863685,7.265537169736597,7.273460510417333,75932441
2016-08-02,7.328921318054199,7.336844657582579,7.265536113049658,7.32099797852582,44916516
2016-08-03,7.2734599113464355,7.305152515847695,7.24968989126202,7.297229175819557,42462218
2016-08-04,7.122919082641602,7.273459512475536,7.075380556302335,7.265536172881907,134446207
2016-08-05,7.162535190582275,7.186304454301407,7.0912266438136085,7.122919247309541,72594819
2016-08-08,7.2179975509643555,7.2179975509643555,7.13876641461672,7.162535679959878,39847930
2016-08-09,7.24968957901001,7.24968957901001,7.18630437273756,7.202151052111303,41567631
2016-08-10,7.241767406463623,7.27346001140085,7.225920726189358,7.249689990989451,43665545
2016-08-11,7.30515193939209,7.408153084796102,7.233843395988448,7.241766735391349,93557601
2016-08-12,7.527000427246094,7.550769690708349,7.27345960201867,7.289305525789754,137002155
2016-08-15,7.669617176055908,7.764694981261821,7.534923429778058,7.566616031513362,189755226
2016-08-16,7.542848587036133,7.66961902453062,7.495309295169994,7.66961902453062,109955862
2016-08-17,7.566617012023926,7.6062329582294455,7.511154385091667,7.542847746545144,56072536
2016-08-18,7.527000427246094,7.598308973244121,7.47153856063041,7.574539709781866,69150431
2016-08-19,7.534923553466797,7.542846892933495,7.471538348955695,7.519076874533401,50533453
2016-08-22,7.447768211364746,7.534923432881147,7.41607560961639,7.52700009354125,97943273
2016-08-23,7.447768211364746,7.487384152452998,7.423998948956286,7.431922288296182,89065673
2016-08-24,7.471539497375488,7.471539497375488,7.431923549564035,7.455692816006365,73228127
2016-08-25,7.479461669921875,7.487385010169429,7.400230534280286,7.463615745038084,61738960
2016-08-26,7.487385272979736,7.503231954031068,7.447769325962748,7.487385272979736,50223385
2016-08-29,7.463614463806152,7.487383724857177,7.431921863867724,7.455691124918749,56523188
2016-08-30,7.503231048583984,7.503231048583984,7.4556917667780995,7.463615106347622,59508123
2016-08-31,7.519077301025391,7.527000640941511,7.471538772751236,7.495308036888313,48974676
2016-09-01,7.487385272979736,7.542847901048056,7.46361600701408,7.519077879471059,48013121
2016-09-02,7.487385272979736,7.495308613505403,7.46361600701408,7.471539347539746,36879633
2016-09-05,7.463614463806152,7.495307063744581,7.447767786031346,7.495307063744581,46993656
2016-09-06,7.455691337585449,7.471538015812268,7.416075397629609,7.4636146766988585,57473833
2016-09-07,7.447768211364746,7.463614890044538,7.423998948956286,7.455691550704642,45937329
2016-09-08,7.447768211364746,7.463614890044538,7.431922288296182,7.439845627636078,29521845
2016-09-09,7.4319233894348145,7.471539336392698,7.416076708407125,7.447769314851164,32743143
2016-09-12,7.257613182067871,7.384383599213134,7.233843917755957,7.360614334901219,75658173
2016-09-13,7.2813825607299805,7.2972292409276465,7.241767371458418,7.2734599762424486,46093142
2016-09-14,7.178381443023682,7.273459247854372,7.170458103718318,7.265535908549007,42148125
2016-09-19,7.2259202003479,7.241766879468978,7.170458334646626,7.170458334646626,35434870
2016-09-20,7.194227695465088,7.225920298526602,7.162535092403574,7.225920298526602,43667897
2016-09-21,7.194227695465088,7.210074374801475,7.15461175273538,7.194227695465088,40566533
2016-09-22,7.257613182067871,7.273459862016673,7.202151313469641,7.2100746534440425,49461323
2016-09-23,7.24968957901001,7.281382182146235,7.241766994934399,7.257612918696881,28879877
2016-09-26,7.162535190582275,7.233843737350941,7.162535190582275,7.233843737350941,43948186
2016-09-27,7.178381443023682,7.186304026717821,7.138765502108089,7.162534764412954,40132367
2016-09-28,7.17045783996582,7.178381178979738,7.154611161937985,7.178381178979738,27136600
2016-09-29,7.178381443023682,7.194227366023185,7.170458103718318,7.170458103718318,30366429
2016-09-30,7.186304092407227,7.210074110540598,7.1704581692628775,7.178381508640668,30808486
2016-10-10,7.2259202003479,7.265536142539346,7.194227597716994,7.210074276838071,61138159
2016-10-11,7.24968957901001,7.24968957901001,7.217996975873785,7.233843655247528,36337078
2016-10-12,7.2338433265686035,7.2576125889379695,7.225919987241738,7.241766665895468,27031620
2016-10-13,7.186304092407227,7.217996694307156,7.1704581692628775,7.194227431785016,63236796
2016-10-14,7.202151775360107,7.202151775360107,7.16253582855873,7.178382509523816,33541176
2016-10-17,7.17045783996582,7.2021504404102945,7.154611161937985,7.194227101396376,35922316
2016-10-18,7.202151775360107,7.202151775360107,7.154612488076187,7.154612488076187,59373709
2016-10-19,7.194227695465088,7.217996958858409,7.170458432071767,7.202151035133282,48263616
2016-10-20,7.186304092407227,7.202150771162807,7.1704581692628775,7.194227431785016,34284457
2016-10-21,7.2338433265686035,7.2338433265686035,7.178381462503006,7.194227385545507,68389677
2016-10-24,7.3209967613220215,7.368536034977075,7.225918969623035,7.233842307834064,91567704
2016-10-25,7.2972283363342285,7.3368442763061426,7.2734590745955625,7.328920937189518,50075292
2016-10-26,7.24968957901001,7.305152201206849,7.233843655247528,7.305152201206849,44045213
2016-10-27,7.257613182067871,7.2655365220422725,7.225920577781555,7.257613182067871,32414055
2016-10-28,7.265536785125732,7.313075315470921,7.241767519953139,7.257613444864429,54199774
2016-10-31,7.24968957901001,7.257612918696881,7.202151052111303,7.24968957901001,49359683
2016-11-01,7.241767406463623,7.257613331126585,7.217997386052225,7.241767406463623,52541566
2016-11-02,7.186304092407227,7.241766712440526,7.1704581692628775,7.241766712440526,63358600
2016-11-03,7.2338433265686035,7.241766665895468,7.170458123176141,7.178381462503006,61687113
2016-11-04,7.2179975509643555,7.265536837261994,7.210074966257516,7.2179975509643555,50811757
2016-11-07,7.2259202003479,7.2259202003479,7.186304258156455,7.210074276838071,49724012
2016-11-08,7.24968957901001,7.24968957901001,7.210074391798174,7.225920315560656,80669498
2016-11-09,7.186304092407227,7.241766712440526,7.138765567362949,7.241766712440526,72261671
2016-11-10,7.241767406463623,7.257613331126585,7.210074801526397,7.210074801526397,63199874
2016-11-11,7.2734599113464355,7.2734599113464355,7.21799728676076,7.241767306845175,81226969
2016-11-14,7.30515193939209,7.328921201989559,7.257612658585917,7.257612658585917,97507875
2016-11-15,7.313074588775635,7.320997928249602,7.273459402628284,7.2893053259649765,55434298
2016-11-16,7.313074588775635,7.320997928249602,7.2893053259649765,7.313074588775635,41584240
2016-11-17,7.2972283363342285,7.305151675450853,7.2734590745955625,7.305151675450853,50532402
2016-11-18,7.2734599113464355,7.297229175819557,7.257613231290159,7.297229175819557,51759734
2016-11-21,7.3209967613220215,7.352689358555017,7.26553490506706,7.273458243278089,85024326
2016-11-22,7.41607666015625,7.41607666015625,7.313075500980441,7.3209988414427345,118025694
2016-11-23,7.487385272979736,7.574540507539378,7.400230794031437,7.400230794031437,175286943
2016-11-24,7.503231048583984,7.542846990820347,7.463615106347622,7.479461029875417,77974884
2016-11-25,7.622078895568848,7.622078895568848,7.495308471996935,7.51115439713776,101367499
2016-11-28,7.630001068115234,7.748848133120624,7.606231806236399,7.677539591872906,127968924
2016-11-29,7.622078895568848,7.685464107354804,7.566617024158968,7.598309630051946,88777923
2016-11-30,7.566617012023926,7.701310775755898,7.527001065818406,7.64584814882364,102596305
2016-12-01,7.606232166290283,7.6300014292942775,7.566616224209462,7.5824621476750425,64600437
2016-12-02,7.566617012023926,7.6062329582294455,7.479461779249517,7.6062329582294455,82968650
2016-12-05,7.495307922363281,7.558693129501178,7.455691978999279,7.5270005259322295,76436570
2016-12-06,7.519077301025391,7.542847320773751,7.487384696972193,7.511153961109271,60290276
2016-12-07,7.511153221130371,7.519076560265905,7.455691358404053,7.511153221130371,49340476
2016-12-08,7.542848587036133,7.566617855163496,7.47154002704263,7.527001904543616,67145216
2016-12-09,7.645847320556641,7.72507920438457,7.511153571415908,7.527000250425991,151419915
2016-12-12,7.527000427246094,7.740926065240178,7.479461144710321,7.645847500168633,125687400
2016-12-13,7.463614463806152,7.526999663683009,7.392305925041892,7.511152985908202,64577157
2016-12-14,7.447768211364746,7.534923432881147,7.447768211364746,7.463614890044538,59770574
2016-12-15,7.328921318054199,7.455691728063283,7.297228715551928,7.4239991255610125,82761287
2016-12-16,7.328921318054199,7.36061392055647,7.297228715551928,7.32099797852582,39681397
2016-12-19,7.289306163787842,7.313075429330507,7.265536898245176,7.3051528445571705,49401064
2016-12-20,7.2179975509643555,7.289306102605153,7.194228285621197,7.289306102605153,63663837
2016-12-21,7.257613182067871,7.257613182067871,7.217997237807155,7.225920577781555,36992065
2016-12-22,7.241767406463623,7.257613331126585,7.217997386052225,7.249689990989451,34134124
2016-12-23,7.194227695465088,7.241766977862989,7.186304355796895,7.241766977862989,38291216
2016-12-26,7.2259202003479,7.233843539908439,7.146689071576259,7.170458334646626,30205896
2016-12-27,7.194227695465088,7.233843638194796,7.186304355796895,7.225920298526602,26884124
2016-12-28,7.178381443023682,7.21799662832805,7.162534764412954,7.194227366023185,33605509
2016-12-29,7.194227695465088,7.202151035133282,7.170458432071767,7.186304355796895,33875853
2016-12-30,7.210074424743652,7.210074424743652,7.1783818214626125,7.1942277452975,30260736
2017-01-03,7.257613182067871,7.273459862016673,7.202151313469641,7.217997237807155,45984049
2017-01-04,7.257613182067871,7.273459862016673,7.241767257730358,7.24968984209347,44932953
2017-01-05,7.265536785125732,7.273460125387036,7.2496901046031255,7.265536785125732,34437291
2017-01-06,7.2338433265686035,7.265535928264835,7.217996647914874,7.265535928264835,35815420
2017-01-09,7.24968957901001,7.265536258383753,7.217996975873785,7.233843655247528,36108157
2017-01-10,7.24968957901001,7.257612918696881,7.241766994934399,7.24968957901001,24105395
2017-01-11,7.241767406463623,7.2655366712637175,7.2338440663264905,7.241767406463623,30343089
2017-01-12,7.24968957901001,7.265536258383753,7.233843655247528,7.233843655247528,42800677
2017-01-13,7.257613182067871,7.281382446379785,7.225920577781555,7.241767257730358,43430137
2017-01-16,7.241767406463623,7.257613331126585,7.186304781114999,7.249689990989451,68316586
2017-01-17,7.24968957901001,7.257612918696881,7.210074391798174,7.225920315560656,54555237
2017-01-18,7.265536785125732,7.281382710037024,7.233844179691835,7.241767519953139,57426939
2017-01-19,7.2734599113464355,7.320998440292678,7.24968989126202,7.24968989126202,43771286
2017-01-20,7.30515193939209,7.313074523183757,7.2655359979888186,7.2655359979888186,39332857
2017-01-23,7.30515193939209,7.33684454139246,7.289305260586287,7.30515193939209,42029931
2017-01-24,7.344768047332764,7.352690631304069,7.289305425866114,7.313074689002534,47024408
2017-01-25,7.3368449211120605,7.352690845126737,7.328921581299086,7.3447682609250355,30440196
2017-01-26,7.392305850982666,7.40022918979069,7.336843990548853,7.344767329356877,42071258
2017-02-03,7.3368449211120605,7.416076052407989,7.3130749016731365,7.400230128393313,31547224
2017-02-06,7.376460552215576,7.384383136081802,7.336844610439479,7.336844610439479,51678611
2017-02-07,7.368536949157715,7.384382871934584,7.344767687186805,7.3764602883517565,39688497
2017-02-08,7.368536949157715,7.368536949157715,7.32099766960468,7.360613609963673,36027242
2017-02-09,7.376460552215576,7.39230647555927,7.352690533783173,7.368537212738108,34285513
2017-02-10,7.392305850982666,7.416075111795561,7.376459928977796,7.384382512174643,48274323
2017-02-13,7.455691337585449,7.4794605993144705,7.392306135900588,7.400229475013997,63836475
2017-02-14,7.447768211364746,7.463614890044538,7.423998948956286,7.455691550704642,36240460
2017-02-15,7.487385272979736,7.558693826488047,7.439846741048425,7.447769325962748,75661306
2017-02-16,7.495307922363281,7.5270005259322295,7.463615318794334,7.487384582568227,41116113
2017-02-17,7.439845561981201,7.5190766878472814,7.423998883441252,7.49530742564858,42377497
2017-02-20,7.574539661407471,7.590385585077355,7.447768493992116,7.447768493992116,89875539
2017-02-21,7.582461833953857,7.622077774395585,7.558692571933307,7.566615911143895,64658421
2017-02-22,7.582461833953857,7.582461833953857,7.526999970702167,7.582461833953857,46296611
2017-02-23,7.534923553466797,7.582462079044503,7.511153535066704,7.566616155722348,33532781
2017-02-24,7.527000427246094,7.558693030399521,7.511153747863749,7.527000427246094,33250014
2017-02-27,7.471539497375488,7.527001370944711,7.463616156690927,7.527001370944711,40734112
2017-02-28,7.511153221130371,7.534923238536972,7.463614697539587,7.4715380366751205,36971970
2017-03-01,7.519077301025391,7.566616584910828,7.503231376804433,7.519077301025391,34699373
2017-03-02,7.471539497375488,7.558693978071602,7.463616156690927,7.534924711629272,40362870
2017-03-03,7.447768211364746,7.471538229384434,7.41607560961639,7.455691550704642,34265508
2017-03-06,7.487385272979736,7.495308613505403,7.439846741048425,7.447769325962748,40451138
2017-03-07,7.487385272979736,7.495308613505403,7.447769325962748,7.479461932454071,29467282
2017-03-08,7.463614463806152,7.487383724857177,7.447767786031346,7.471537802693556,24443839
2017-03-09,7.4319233894348145,7.471539336392698,7.416076708407125,7.4556926553650085,37816992
2017-03-10,7.447768211364746,7.455691550704642,7.41607560961639,7.431922288296182,39018225
2017-03-13,7.479461669921875,7.487385010169429,7.423999799411631,7.4398464799067385,54530444
2017-03-14,7.479461669921875,7.495308350416982,7.45569240479053,7.471539085285637,40448435
2017-03-15,7.511153221130371,7.511153221130371,7.463614697539587,7.463614697539587,54656086
2017-03-16,7.542848587036133,7.550771172670981,7.487385953923736,7.511155222051101,63595381
2017-03-17,7.376460552215576,7.495307621932626,7.368537212738108,7.4873842824551575,158364708
2017-03-20,7.328921318054199,7.376460599613229,7.305152055080308,7.36061392055647,71502177
2017-03-21,7.3209967613220215,7.336843437744079,7.289304164089026,7.32892009953305,55464874
2017-03-22,7.257613182067871,7.305152466302989,7.241767257730358,7.289305786354187,56612363
2017-03-23,7.289306163787842,7.320998769715171,7.249690217475847,7.257613557860512,43358829
2017-03-24,7.2813825607299805,7.320998505612844,7.257613296044783,7.289305900828814,71082787
2017-03-27,7.241767406463623,7.2813825959266785,7.194228121252132,7.225920726189358,98501205
2017-03-28,7.2259202003479,7.265536142539346,7.210074276838071,7.257612802978806,48137276
2017-03-29,7.2179975509643555,7.2496901566256735,7.202151625939357,7.233844231600675,60114068
2017-03-30,7.194227695465088,7.225920298526602,7.178381771739961,7.225920298526602,68728555
2017-03-31,7.265536785125732,7.273460125387036,7.1942282339966335,7.1942282339966335,63312122
2017-04-05,7.2972283363342285,7.305151675450853,7.249689057245689,7.257612396362314,49915009
2017-04-06,7.289306163787842,7.3051528445571705,7.265536898245176,7.289306163787841,43439147
2017-04-07,7.289306163787842,7.3051528445571705,7.265536898245176,7.2813828234031766,51484476
2017-04-10,7.2734599113464355,7.297229175819557,7.265536571318297,7.289305835791418,40134394
2017-04-11,7.24968957901001,7.281382182146235,7.202151052111303,7.265536258383753,61243796
2017-04-12,7.2259202003479,7.265536142539346,7.210074276838071,7.257612802978806,45533653
2017-04-13,7.2259202003479,7.241766879468978,7.210074276838071,7.217996860787361,35744255
2017-04-14,7.194227695465088,7.225920298526602,7.178381771739961,7.217996958858409,49050050
2017-04-17,7.210074424743652,7.217997008855464,7.170458481739536,7.1942277452975,53189218
2017-04-18,7.17045783996582,7.210073779424212,7.17045783996582,7.2021504404102945,33537696
2017-04-19,7.059534072875977,7.162535223615613,7.051610733062633,7.1546118838022705,79966857
2017-04-20,7.06745719909668,7.083303122633197,7.043687935986279,7.0516105199489125,43762999
2017-04-21,7.107072830200195,7.1229187530429625,7.051610211222468,7.0674568896764525,32540817
2017-04-24,7.075380325317383,7.114995510769732,7.043687723588766,7.107072927045999,39499527
2017-04-25,7.130843639373779,7.138766980319815,7.075381763974292,7.075381763974292,37793334
2017-04-26,7.122919082641602,7.138765761828859,7.099149819471968,7.13084242223523,38214706
2017-04-27,7.107072830200195,7.11499541381597,7.05953355044946,7.107072830200195,38739256
2017-04-28,7.122919082641602,7.122919082641602,7.067457216708706,7.099149819471968,28644636
2017-05-02,7.083303451538086,7.099150131421675,7.051610847382192,7.099150131421675,31102610
2017-05-03,7.059534072875977,7.075380752502662,7.043688148860564,7.067457412689319,28031077
2017-05-04,6.924840450286865,7.043688282915084,6.9089945259698755,7.043688282915084,69651707
2017-05-05,6.837686538696289,6.940687699849719,6.798070591235533,6.924841018620876,62370085
2017-05-08,6.790146350860596,6.829762293071855,6.7663770877783405,6.813916369554102,46008989
2017-05-09,6.845609188079834,6.845609188079834,6.774300640973074,6.782223980787442,32419446
2017-05-10,6.869379043579102,6.972380203203665,6.829763096706372,6.837686437203185,57307768
2017-05-11,6.893147945404053,6.908994625560754,6.813916811454437,6.853532000623596,50364355
2017-05-12,7.051609992980957,7.051609992980957,6.845608468733261,6.877301069049151,91796819
2017-05-15,7.019918918609619,7.091227473723765,6.980303726311856,7.043688940721906,53657821
2017-05-16,7.004072666168213,7.011996006502794,6.91691743371048,7.004072666168214,52487233
2017-05-17,6.948610782623291,6.980303388293614,6.9327641019824675,6.980303388293614,41733802
2017-05-18,6.916916370391846,6.948609726858033,6.901070447769959,6.908993786886506,22740112
2017-05-19,6.88522481918335,6.940687445843198,6.877302234470219,6.9248407651942925,29427084
2017-05-22,6.877302169799805,6.916917359826906,6.821839543661497,6.877302169799806,67912005
2017-05-23,6.9644551277160645,7.00407106471964,6.845608072316488,6.869377332274174,80004019
2017-05-24,6.980302333831787,6.996148256467563,6.877301192060012,6.956532316461311,53237669
2017-05-25,7.210074424743652,7.241767028024693,6.956532842884067,6.964456182607143,162154374
2017-05-26,7.210074424743652,7.233843688301617,7.16253514201646,7.1942277452975,89536576
2017-05-31,7.289306163787842,7.313075429330507,7.178382420847851,7.21007502677518,103321095
2017-06-01,7.2813825607299805,7.313075165514012,7.225920691260752,7.289305900828814,56618276
2017-06-02,7.265536785125732,7.360614601427426,7.241767519953139,7.273460125387036,77075706
2017-06-05,7.154612064361572,7.2655365577139275,7.122919459919655,7.233843953272011,63413269
2017-06-06,7.162535190582275,7.178381870135876,7.122919247309541,7.138765926863143,35534153
2017-06-07,7.2338433265686035,7.249689249611105,7.13876552147991,7.1466888608067745,64572325
2017-06-08,7.2338433265686035,7.249689249611105,7.194227385545507,7.217996647914874,38300448
2017-06-09,7.24968957901001,7.305152201206849,7.225920315560656,7.24968957901001,68546808
2017-06-12,7.2179975509643555,7.281382762286992,7.210074966257516,7.2496901566256735,50457816
2017-06-13,7.2259202003479,7.241766879468978,7.170458334646626,7.217996860787361,44843497
2017-06-14,7.194227695465088,7.233843638194796,7.162535092403574,7.225920298526602,37544431
2017-06-15,7.162535190582275,7.194227794078208,7.154611850805474,7.194227794078208,33779789
2017-06-16,7.146689414978027,7.1942279434030105,7.138766075036768,7.16253533924926,28599104
2017-06-19,7.146689414978027,7.146689414978027,7.146689414978027,7.146689414978027,0
2017-06-20,7.2259202003479,7.257612802978806,7.2021509372775325,7.2259202003479,31361560
2017-06-21,7.24968957901001,7.273459598070624,7.217996975873785,7.265536258383753,49693219
2017-06-22,7.328921318054199,7.447768388534904,7.2417668500757655,7.249689433992899,142695815
2017-06-23,7.328921318054199,7.344767997110958,7.257612773521278,7.313074638997441,58400441
2017-06-26,7.368536949157715,7.447768074264486,7.336844347992764,7.336844347992764,71076995
2017-06-27,7.41607666015625,7.439846681543131,7.344768862829615,7.368538128605159,54601613
2017-06-28,7.471539497375488,7.5190780302601485,7.392307601752581,7.408154283121705,116879622
2017-06-29,7.471539497375488,7.487385423133256,7.424000208879472,7.471539497375488,48880457
2017-06-30,7.439845561981201,7.471538163449877,7.376460359043849,7.447768145639954,49963349
2017-07-03,7.447768211364746,7.471538229384434,7.400229686547826,7.447768211364746,38834937
2017-07-04,7.400230407714844,7.455692277276528,7.368537802877981,7.447768937164487,48836253
2017-07-05,7.423999309539795,7.431922649264527,7.344768179126264,7.360614102964464,56772000
2017-07-06,7.447768211364746,7.455691550704642,7.376460424139366,7.41607560961639,73891186
2017-07-07,7.503231048583984,7.511153632542257,7.400229901013943,7.42399916411126,76036958
2017-07-10,7.598308563232422,7.653770426855332,7.479460741111759,7.487384080375381,136081591
2017-07-11,8.121237754821777,8.287624119535261,7.614155320549422,7.614155320549422,381208660
2017-07-12,8.192545890808105,8.382701510697231,8.081621401400483,8.137084023909928,299884401
2017-07-13,8.636241912841797,8.636241912841797,8.11331360603712,8.160852886479013,299453432
2017-07-14,8.636241912841797,8.667934514599315,8.446086302296683,8.5649341255958,172257026
2017-07-17,8.564934730529785,8.97693858247701,8.493626182636099,8.675858466709936,327312315
2017-07-18,8.75508975982666,8.8263983028768,8.414393723303201,8.517394868196602,234943191
2017-07-19,8.786783218383789,8.86601435291138,8.620396853581154,8.707551328244895,193307592
2017-07-20,8.691705703735352,8.889784680311564,8.644166416888076,8.778860181408806,153733858
2017-07-21,8.754409790039062,8.80264302194756,8.593630305935006,8.706175791477166,150102000
2017-07-24,8.802641868591309,8.891070726592927,8.625784919241369,8.698135524277857,169266444
2017-07-25,8.842836380004883,9.059888186416751,8.802641515856024,8.826758127684032,195476835
2017-07-26,8.63382339477539,8.987537266806955,8.56951192107024,8.778524593938599,169741211
2017-07-27,8.513240814208984,8.657942034465158,8.465006818572476,8.61774716587696,119449040
2017-07-28,8.63382339477539,8.690096509257327,8.505200447365091,8.529317058341212,81919535
2017-07-31,8.57755184173584,8.698135674442888,8.400694889332634,8.682058187853494,157586439
2017-08-01,8.874991416931152,8.907147152379506,8.521278326999251,8.553434062447606,203570991
2017-08-02,8.963419914245605,9.116160239712435,8.810680355432018,8.883030955215965,206206907
2017-08-03,8.850876808166504,9.019694649102906,8.818721065447827,8.95538316366555,98421938
2017-08-04,8.979498863220215,9.075966081537535,8.786564426585574,8.842836778940685,135395156
2017-08-07,8.842836380004883,8.979498458119037,8.762446651707167,8.891070370314164,86064427
2017-08-08,8.883031845092773,8.931265072011778,8.7704863711929,8.842836978224724,68956744
2017-08-09,8.625784873962402,8.85891494081324,8.585590775067162,8.81068094882434,104232181
2017-08-10,8.53735637664795,8.698135064534743,8.473044901493232,8.601667851802667,95987996
2017-08-11,8.055021286010742,8.473045925012567,8.03090390492447,8.424811929493375,244064335
2017-08-14,8.215799331665039,8.239915944155745,8.071098123414227,8.143448727539633,115766464
2017-08-15,8.2881498336792,8.448928526058568,8.207760104162874,8.23187671635646,107516235
2017-08-16,8.31226634979248,8.336382961707306,8.159526018807625,8.272071485498925,75680602
2017-08-17,8.376579284667969,8.376579284667969,8.272072925967676,8.32030692484989,55364211
2017-08-18,8.392656326293945,8.521280060912984,8.272072485489465,8.328344842311107,61652041
2017-08-21,8.408735275268555,8.456969275567012,8.352462913798208,8.384618658446039,39915487
2017-08-22,8.561474800109863,8.569513927868911,8.336384589430478,8.424812694819739,87568181
2017-08-23,8.762447357177734,8.82675883833236,8.51324055936689,8.545396299944203,131915190
2017-08-24,8.786564826965332,8.931265277708267,8.714214218267196,8.754409086060976,92424863
2017-08-25,8.93126392364502,8.979497911015498,8.762446117828176,8.79460185385742,96394000
2017-08-28,9.124199867248535,9.276939434459555,8.923226308645292,8.923226308645292,160393832
2017-08-29,9.381446838378906,9.4377191958256,9.067927775490103,9.084006029991086,135798373
2017-08-30,9.188511848449707,9.405562904981805,9.124200367502914,9.38948541807177,109667476
2017-08-31,9.067926406860352,9.196549356841551,8.963420068337314,9.156355259962368,115178646
2017-09-01,9.011653900146484,9.156355099668783,8.963419911421305,9.067926248114826,95997689
2017-09-04,9.42164134979248,9.42164134979248,8.97949933431836,8.987538461263226,135232557
2017-09-05,9.357328414916992,9.598496052597554,9.325172678782703,9.389484151051283,128751876
2017-09-06,9.405560493469238,9.55026167182593,9.22870358288363,9.317132421502999,79162155
2017-09-07,9.196550369262695,9.445757937275737,9.156356267958662,9.36536820136099,61418724
2017-09-08,9.236742973327637,9.357327547644912,9.14831489881749,9.212626365125443,48127615
2017-09-11,9.148317337036133,9.397524143735007,9.08400585358782,9.27694030393276,69947275
2017-09-12,9.276938438415527,9.276938438415527,9.059887417088014,9.148315497383933,84618342
2017-09-13,9.188511848449707,9.276939943088218,9.116161240721233,9.23674507583314,66823742
2017-09-14,9.100083351135254,9.317135183002131,9.035771867616184,9.188512215963993,88308777
2017-09-15,9.075966835021973,9.100083449940133,8.963421354314951,9.075966835021973,64609481
2017-09-18,9.043810844421387,9.10008319990205,9.003615976226623,9.043810844421387,60761296
2017-09-19,8.947342872619629,9.116160691599369,8.907148007785732,9.04381008822901,76421262
2017-09-20,9.075966835021973,9.14027831923931,8.883032382369963,8.955382993777809,78715469
2017-09-21,9.212629318237305,9.252824189227544,9.003616602410776,9.051850600929745,69240793
2017-09-22,9.196550369262695,9.260862617986495,9.0920447858882,9.188512008993891,59392762
2017-09-25,9.075966835021973,9.204589803456646,8.987538735886476,9.196550676266137,53239104
2017-09-26,8.883031845092773,9.0840054127797,8.81068123806095,9.051849672615925,96746090
2017-09-27,8.786564826965332,8.907148663693333,8.762447446297063,8.850876308774044,72718820
2017-09-28,8.746368408203125,8.826757362882205,8.698134422073117,8.826757362882205,51722002
2017-09-29,8.93126392364502,8.97145878534488,8.73029038179893,8.778524369169409,68228010
2017-10-09,9.084006309509277,9.357330511209284,9.051850566171241,9.301057385377673,132522731
2017-10-10,9.220666885375977,9.24478349722757,9.108121418979769,9.108121418979769,74792530
2017-10-11,9.268900871276855,9.309095738770313,9.116161294785712,9.228706003783397,65807758
2017-10-12,9.284979820251465,9.309096435892206,9.220668334107229,9.276940692820089,57806531
2017-10-13,9.132237434387207,9.29301688063905,9.04380935227127,9.29301688063905,73737596
2017-10-16,9.317134857177734,9.325173983999825,9.075966419088315,9.132238773536292,103625064
2017-10-17,9.252823829650879,9.36536854406584,9.22870644800193,9.341251929070259,50637234
2017-10-18,9.397523880004883,9.405563006873653,9.2528234296337,9.268900916717906,87136536
2017-10-19,9.349289894104004,9.421640496750427,9.301055903455296,9.357329020321,72276482
2017-10-20,9.228707313537598,9.317136187903852,9.172434951052484,9.317136187903852,46180808
2017-10-23,8.995575904846191,9.164393720217992,8.963420166996956,9.156355360745632,107446502
2017-10-24,9.156355857849121,9.180472470882036,8.987538033312108,9.003615519782949,61887194
2017-10-25,9.059889793395996,9.140278769299274,9.043811538223299,9.132239641712925,41857360
2017-10-26,8.987537384033203,9.100082081158538,8.939303394798594,9.043809732595872,92899607
2017-10-27,9.29301643371582,9.29301643371582,8.987536573843078,8.995574932446512,136008642
2017-10-30,9.29301643371582,9.42967772981237,9.204587589199418,9.284977308459206,127824694
2017-10-31,9.276938438415527,9.309094173673426,9.15635462286171,9.284977563893303,62749138
2017-11-01,9.164395332336426,9.31713568897896,9.100083845324853,9.29301907301297,69261790
2017-11-02,9.276938438415527,9.309094173673426,9.051848291610238,9.132237246428383,60430848
2017-11-03,9.156355857849121,9.38948516157611,9.124200118254134,9.236744823509937,74334322
2017-11-06,9.067926406860352,9.18047187142053,8.915186845420992,9.18047187142053,102990281
2017-11-07,9.582419395446777,9.719081477483693,9.043810193690293,9.059888446472653,247716326
2017-11-08,9.751236915588379,10.121028284989167,9.59045822599092,9.646730575686714,426282573
2017-11-09,9.912017822265625,10.104952292937373,9.767316585935095,9.807511458988403,229528934
2017-11-10,9.887899398803711,10.08887296070357,9.767314801671818,9.944171750806616,175755227
2017-11-13,10.37023639678955,10.531015873731636,9.92809513515891,9.92809513515891,256690623
2017-11-14,10.410429954528809,10.659637499071415,10.297885254831662,10.410429954528809,178030247
2017-11-15,10.37023639678955,10.555132488611603,10.265730810091906,10.37023639678955,126305227
2017-11-16,10.531013488769531,10.547090972830649,10.185338764943827,10.370234048239219,120081480
2017-11-17,10.59532642364502,10.820416598202769,10.474741826570538,10.587287297176061,206414972
2017-11-20,11.455493927001953,11.455493927001953,10.619443874574612,10.659638743438624,284392582
2017-11-21,11.61627197265625,11.889596145344,11.262558833483068,11.310792060043664,249532781
2017-11-22,12.138803482055664,12.251348186401207,11.64038837238457,11.64038837238457,257023146
2017-11-23,11.535882949829102,12.25134835132564,11.3107920048013,12.178997745184798,242914214
2017-11-24,11.70470142364502,11.72881803814345,11.077663313459023,11.487649593199093,263018967
2017-11-27,11.198246002197266,11.495686752269322,11.053544806671805,11.495686752269322,206408533
2017-11-28,11.013351440429688,11.133936041959204,10.772183004023978,11.133936041959204,176643250
2017-11-29,11.109818458557129,11.198247318059494,10.82845592677197,11.03746785229276,153635593
2017-11-30,10.756104469299316,11.037466978818228,10.659637257465413,11.013350367523065,137963571
2017-12-01,10.4506254196167,10.83649429788588,10.418469679760934,10.77218281817435,178493315
2017-12-04,10.691793441772461,10.748065792698368,10.450625018777703,10.490819883719043,145402345
2017-12-05,10.691793441772461,10.844533008565614,10.531014748660384,10.57120884694844,172368132
2017-12-06,10.514937400817871,10.667677747407394,10.281808084081593,10.659638620396715,161984496
2017-12-07,10.313962936401367,10.563170485677169,10.249651459166312,10.490819882124411,118195784
2017-12-08,10.522977828979492,10.522977828979492,10.249653610047021,10.362199102152582,135131504
2017-12-11,10.85257339477539,10.908845752234036,10.354159004939666,10.514937716716775,226195273
2017-12-12,10.466704368591309,10.836495018185873,10.466704368591309,10.77218353419957,174340579
2017-12-13,10.555131912231445,10.611404266096313,10.354158343681693,10.450625564587176,128924811
2017-12-14,10.4506254196167,10.699832978488862,10.3782748132779,10.57120925241249,100199798
2017-12-15,10.225534439086914,10.394352251760044,10.185339575754597,10.370234873768702,109995250
2017-12-18,10.249650955200195,10.378273903346031,10.161222870013244,10.233572703355343,80546452
2017-12-19,10.675715446472168,10.707871185869696,10.24161258127889,10.281807447189125,239794295
2017-12-20,10.659638404846191,10.699833272433454,10.555132055780641,10.61140441041081,110624507
2017-12-21,10.88472843170166,10.997273905978354,10.579248515796337,10.595326769258715,148520344
2017-12-22,10.86865234375,10.957080449214324,10.81237921604232,10.852574088218256,74290095
2017-12-25,10.65159797668457,11.141973154710355,10.579247377197289,10.868649775146414,158556718
2017-12-26,10.981195449829102,11.005312062924215,10.603364933623569,10.659638053049909,112368845
2017-12-27,10.683755874633789,11.077663921908378,10.603366133019083,10.916885205332362,136656673
2017-12-28,10.6194429397583,10.82041649973355,10.46670337150456,10.675715291222318,155303047
2017-12-29,10.691793441772461,10.796299783958633,10.531014748660384,10.619442838208705,98291553
2018-01-02,11.013351440429688,11.198247522780283,10.707871523202899,10.731988903500797,208159255
2018-01-03,10.715910911560059,11.141974674063883,10.61140456101132,11.037468323515144,296249838
2018-01-04,10.65159797668457,10.748065187116532,10.555130766252608,10.707870324439906,185450948
2018-01-05,10.691793441772461,10.7319883067138,10.57120884694844,10.619442838208705,121031272
2018-01-08,10.41847038269043,10.683755446062483,10.338080644300502,10.651599704037185,215862081
2018-01-09,10.514937400817871,10.611404624985985,10.386314435260386,10.418470176649757,134434509
2018-01-10,10.82845687866211,10.84453436666011,10.386314842243124,10.48278207019126,240327736
2018-01-11,10.756104469299316,10.924922281671964,10.667676383448217,10.780221080594481,143334481
2018-01-12,10.892766952514648,10.99727329424691,10.780221484498378,10.81237722298113,135399140
2018-01-15,11.415298461914062,11.519804808840759,10.852572627169282,10.86061175385287,312239448
2018-01-16,11.415298461914062,11.559999675605383,11.270598014876061,11.391181848516617,244454900
2018-01-17,11.43941593170166,11.897636220476855,11.415299316498768,11.519805671249133,265629401
2018-01-18,11.83332347869873,11.83332347869873,11.47960958224138,11.576076799460669,214802680
2018-01-19,11.897635459899902,12.16292051013303,11.801168238601793,11.897635459899902,257114669
2018-01-22,11.608233451843262,12.0101806052079,11.600195091432518,11.736857184908763,207386714
2018-01-23,11.777050971984863,11.978024543292818,11.519805046039746,11.543921659933767,238879170
2018-01-24,11.769012451171875,12.122725594519123,11.65646697678018,11.785089937997363,259129212
2018-01-25,11.415298461914062,11.632350282451041,11.254519761508885,11.616272029083865,236998459
2018-01-26,11.29471492767334,11.52784424110396,11.27059831363661,11.399221277370284,203298865
2018-01-29,11.04550838470459,11.455494694613906,10.932963664327968,11.294715975037725,209054668
2018-01-30,10.97315502166748,11.125895342010311,10.892766065334657,11.0133498831605,109473986
2018-01-31,11.29471492767334,11.29471492767334,10.87668952888556,10.932962650509046,174772914
2018-02-01,11.27863597869873,11.495687791610887,11.125896410342735,11.21432450079586,200561475
2018-02-02,11.29471492767334,11.334909795503448,10.957079264545776,11.182169451079705,117651271
2018-02-05,11.696661949157715,11.712739436127986,11.037468117003336,11.09374123803261,233199790
2018-02-06,11.25451946258545,11.519804502871272,11.198247110601578,11.4394147714772,258287204
2018-02-07,10.386313438415527,11.495687559854701,10.257690485202858,11.431376083248368,334571697
2018-02-08,10.08083438873291,10.386314311622192,10.072795261817928,10.313963702694027,213781506
2018-02-09,9.397523880004883,9.711042928006895,9.148317080299696,9.711042928006895,282494975
2018-02-12,9.42164134979248,9.518108573170833,9.293018385288011,9.469874578154986,122878244
2018-02-13,9.59849739074707,9.815549214903157,9.518108422530739,9.542225036330304,129817869
2018-02-14,9.646732330322266,9.670848946485119,9.453797867712638,9.614576586553994,86419024
2018-02-22,10.016523361206055,10.072795718857536,9.847705521598236,9.847705521598236,126840607
2018-02-23,10.137105941772461,10.281807148179874,10.008482987922884,10.112989329588984,101366320
2018-02-26,10.153185844421387,10.257692203071812,10.008484614497196,10.24965307548638,104575874
2018-02-27,9.871822357177734,10.209458043931267,9.799471743351493,10.1612248124827,128586906
2018-02-28,9.68692684173584,9.799471557415997,9.590459614015687,9.727121711615915,121414559
2018-03-01,9.678887367248535,9.76731546449009,9.566341888951996,9.582420142988651,88695718
2018-03-02,9.606536865234375,9.678887475904842,9.526147894108691,9.582420250562006,66312416
2018-03-05,9.534186363220215,9.711043328357643,9.485953133325786,9.590459486968204,75418313
2018-03-06,9.727121353149414,9.735159713506496,9.461836295032008,9.606536747953008,115016249
2018-03-07,9.68692684173584,9.920056167056218,9.67888771442915,9.767315814842613,142757032
2018-03-08,9.735159873962402,9.767315615880769,9.606536906288937,9.686926644411534,68975503
2018-03-09,9.719079971313477,9.807508047952858,9.630651128020924,9.767313188879259,94387697
2018-03-12,9.670846939086914,9.783392402241265,9.60653546489964,9.767314150367824,126870132
2018-03-13,9.662808418273926,9.823587101054434,9.646730166669258,9.67888590322536,108226732
2018-03-14,9.582419395446777,9.646730873269645,9.510068791232728,9.630652620487282,63559413
2018-03-15,9.413601875305176,9.52614734841817,9.373407008718155,9.477913355183084,115569473
2018-03-16,9.357328414916992,9.52614622128532,9.357328414916992,9.421639887185572,96298338
2018-03-19,9.510068893432617,9.51810801991019,9.333211944192493,9.373406809927063,80853872
2018-03-20,9.502029418945312,9.550263409390894,9.4216404570737,9.437717942786715,77615002
2018-03-21,9.566341400146484,9.743198352246193,9.526147300415317,9.60653626653096,144510951
2018-03-22,9.373406410217285,9.622613953822025,9.341250672331505,9.566340837531962,98427842
2018-03-23,9.116161346435547,9.124200473310452,8.778525684222872,9.04381073786807,182569075
2018-03-26,8.786564826965332,9.0036158864064,8.730291705392707,8.963421018612623,138359851
2018-03-27,8.794602394104004,8.979498462620123,8.730290918094902,8.923226112775476,110393361
2018-03-28,8.754409790039062,8.955383378515736,8.674020047987034,8.722254046548931,109902339
2018-03-29,8.883031845092773,8.9794990655841,8.481084709718923,8.778525497897174,133060238
2018-03-30,8.762447357177734,8.883031959332655,8.746369870215743,8.874992832524994,75217368
2018-04-02,8.60970687866211,8.834797039110205,8.601667752697079,8.738329827489594,110931643
2018-04-03,8.489123344421387,8.577551433083437,8.448928479882902,8.521279082721522,89074565
2018-04-04,8.738330841064453,8.85087631766948,8.52127978140524,8.585591263278587,160248873
2018-04-09,8.858914375305176,8.923225849416195,8.625784323336175,8.682057438173251,107479576
2018-04-10,9.180472373962402,9.212628113217917,8.818720115674537,8.858914981407255,139095079
2018-04-11,9.510068893432617,9.582419498424182,9.148316635128095,9.156355761605669,209597045
2018-04-12,9.260862350463867,9.510069144624621,9.180472616871374,9.485952531208202,117312818
2018-04-13,9.301055908203125,9.477912851800966,9.204588693509741,9.357329025097554,130025597
2018-04-16,8.923227310180664,9.22066811829957,8.866954186131474,9.22066811829957,142707281
2018-04-17,9.011653900146484,9.204588321740722,8.93126417448893,8.939303300385335,130189172
2018-04-18,9.244784355163574,9.333212451261241,9.067927396314902,9.204589487245238,147584533
2018-04-19,9.220666885375977,9.397523061158672,9.180472021187812,9.260861749564143,84913183
2018-04-20,9.124199867248535,9.309095173169942,9.003615272094619,9.252822822090085,95869066
2018-04-23,9.301055908203125,9.333211646434252,9.051849128575201,9.084004866806328,107028935
2018-04-24,9.534186363220215,9.59849784751503,9.309096168188358,9.349291037535961,146109880
2018-04-25,9.389485359191895,9.493991706738424,9.349290492188873,9.453796839735402,73028648
2018-04-26,9.180472373962402,9.397523422273803,9.092044282673061,9.373406809495492,87423591
2018-04-27,8.722253799438477,9.252823935320746,8.545396831926594,9.236745680704496,270979568
2018-05-02,8.746368408203125,8.866952223548344,8.682056937798581,8.818719004071538,119052318
2018-05-03,8.641864776611328,8.746371140326902,8.497163539673851,8.730292884376764,128135557
2018-05-04,8.585591316223145,8.706175153815938,8.569513062328989,8.625785417651848,71050952
2018-05-07,8.690096855163574,8.706174340903202,8.553434776437035,8.601668000309184,97430967
2018-05-08,8.850876808166504,8.963421524355185,8.682058967230102,8.706175582605765,137330568
2018-05-09,8.818720817565918,8.866954046961476,8.746370206819224,8.826759178029604,62765613
2018-05-10,8.850876808166504,8.915188293603858,8.77048706804312,8.866954296199152,55273588
2018-05-11,8.850876808166504,8.947344036322537,8.810681938104812,8.874993423542167,77236966
2018-05-14,8.987537384033203,9.027731480633252,8.866952794273308,8.915186783507917,103929716
2018-05-15,8.93930435180664,8.995576706393614,8.858915383347156,8.987538346204998,66926144
2018-05-16,8.762447357177734,8.899109446294647,8.754408997023402,8.899109446294647,71436208
2018-05-17,8.698135375976562,8.794602592162704,8.665979637247847,8.770485979779489,58649438
2018-05-18,8.810681343078613,8.818720469878707,8.649902640343358,8.690097507690504,57838477
2018-05-21,8.802641868591309,8.883031600110362,8.786564382279476,8.883031600110362,76353357
2018-05-22,8.730291366577148,8.8267585855464,8.674019013841743,8.802641972467415,58987185
2018-05-23,8.561474800109863,8.698136905399988,8.537358183486141,8.698136905399988,99101629
2018-05-24,8.529317855834961,8.58559097557845,8.50520124260393,8.569512722322221,68815202
2018-05-25,8.513240814208984,8.577552297288761,8.481085072669096,8.529318301652253,59333567
2018-05-28,8.513240814208984,8.569513170240452,8.448929331129207,8.505201687160675,56940092
2018-05-29,8.344422340393066,8.545395901288892,8.320305727748488,8.505201035779068,88949497
2018-05-30,8.103254318237305,8.272072148477804,8.079137704389613,8.272072148477804,112444704
2018-05-31,8.183643341064453,8.191681700545237,8.055020389532741,8.127370224779382,98736038
2018-06-01,8.191682815551758,8.272072554527917,8.095215588772389,8.159527073291969,59721116
2018-06-04,8.255995750427246,8.288151495349945,8.159527749005719,8.223839238851115,59303835
2018-06-05,8.247955322265625,8.28011106211906,8.127370722825264,8.272071935492374,65654075
2018-06-06,8.151488304138184,8.247955526082304,8.119332563490143,8.23991639925696,71274341
2018-06-07,8.336383819580078,8.408734429423212,8.183644239530512,8.19972172691046,126263820
2018-06-08,8.135409355163574,8.304227170800457,8.087176131640616,8.304227170800457,109937982
2018-06-11,8.071098327636719,8.143448933592808,8.038942587951047,8.087176580806208,72137498
2018-06-12,8.087175369262695,8.103252853370302,7.998746523384684,8.063057993121497,91330072
2018-06-13,7.9987473487854,8.087176203788497,7.9987473487854,8.07109795136856,53058431
2018-06-14,8.09521484375,8.159526322350837,7.974631013036756,7.998747625848745,86639201
2018-06-15,8.175604820251465,8.272072041042673,8.08717672618952,8.103254212994727,124870788
2018-06-19,7.934436798095703,8.159526991662382,7.894241929009742,8.079138020143821,156587447
2018-06-20,7.966591835021973,7.9987475741144145,7.846008005088641,7.934436095929532,76363731
2018-06-21,7.926395893096924,8.071097082689288,7.926395893096924,7.982669003856838,84007077
2018-06-22,7.918358325958252,7.934435811601694,7.854046850077949,7.878163461869746,65781851
2018-06-25,7.604839324951172,7.974630695508542,7.5405278489110446,7.966591569340209,119521260
2018-06-26,7.524449825286865,7.588761303281799,7.307398778717286,7.548567204524933,112415694
2018-06-27,7.307399749755859,7.556606568438574,7.259165751523473,7.516412464340544,104514268
2018-06-28,7.170736789703369,7.299359747368367,7.130541923769732,7.194853402602231,111076403
2018-06-29,7.307399749755859,7.339555493026319,7.202893392463516,7.24308826321494,67529968
2018-07-02,6.921528339385986,7.275242193888052,6.873295119824106,7.251125584107111,131552013
2018-07-03,6.969762802124023,6.993879413553818,6.792905862781275,6.985840287526135,127483857
2018-07-04,6.921528339385986,7.034073796119044,6.921528339385986,6.937606590342082,71115337
2018-07-05,6.913491249084473,7.017996832861508,6.873296380972274,6.929568736337346,83576877
2018-07-06,6.961723804473877,7.058191018625209,6.79290598804573,6.921528940247505,98828269
2018-07-09,7.259165287017822,7.259165287017822,6.977802743068714,6.985841103381919,140995460
2018-07-10,7.218969821929932,7.25112632713723,7.146619985173351,7.25112632713723,89686202
2018-07-11,7.066229820251465,7.098385556825006,6.977801736337534,7.042113209484617,84203370
2018-07-12,7.250766277313232,7.324253897012256,7.005807804550326,7.022138732795228,114049231
2018-07-13,7.250766277313232,7.299757504644903,7.201774271280044,7.283427355101519,60337821
2018-07-16,7.128286838531494,7.267096617447595,7.09562575988662,7.226270853167656,68984558
2018-07-17,7.120121479034424,7.144617091024383,7.071129476353041,7.136451627460575,37535633
2018-07-18,7.103790760040283,7.22627038098153,7.095625296237236,7.1446173003540325,52515277
2018-07-19,7.128286838531494,7.193609774522782,7.09562575988662,7.144617767204701,46137239
2018-07-20,7.438567638397217,7.5120552616377285,7.030303757017975,7.128286995104806,175427740
2018-07-23,7.6916913986206055,7.716187012865463,7.348749684386449,7.381410762946771,178168826
2018-07-24,7.67535924911499,7.830499931625352,7.618202565401391,7.667194564799771,142589416
2018-07-25,7.659029960632324,7.73251757861976,7.618203419672471,7.708021186822948,61412281
2018-07-26,7.552881717681885,7.740682727155611,7.52022063869943,7.675360569190702,83335815
2018-07-27,7.552881717681885,7.642699490208248,7.495725024137976,7.5937082610853395,51512603
2018-07-30,7.667194366455078,7.748846658404877,7.561045686089086,7.610036905518687,70638597
2018-07-31,7.6916913986206055,7.748848091425786,7.552881620063849,7.650864855744818,72015080
2018-08-01,7.471227645874023,7.757012633318984,7.43856657119758,7.691690483966098,81408168
2018-08-02,7.299756050109863,7.4712268690068075,7.250764832540087,7.454896722717336,93140128
2018-08-03,7.275261878967285,7.430402582231641,7.275261878967286,7.291592807185225,47654662
2018-08-06,7.299756050109863,7.438565797726502,7.258930295035504,7.299756050109863,55401008
2018-08-07,7.487558841705322,7.487558841705322,7.250765847114159,7.316087998815068,69042319
2018-08-08,7.389575004577637,7.479392761081827,7.381409541613236,7.479392761081827,57895316
2018-08-09,7.585541725158691,7.634533726062718,7.365079667844168,7.381409815677886,80678377
2018-08-10,7.536551475524902,7.61003910460656,7.479394776773221,7.593708952978202,42416836
2018-08-13,7.389575004577637,7.479392761081827,7.267095396215841,7.44673168792563,81849112
2018-08-14,7.348749160766602,7.381410236999727,7.299757157066173,7.373244773266076,43024036
2018-08-15,7.177277088165283,7.365078828407626,7.144616017518964,7.365078828407626,67044285
2018-08-16,7.1691131591796875,7.258931706693734,7.05479977681856,7.12828661746435,63827255
2018-08-17,7.19360876083374,7.29975666744557,7.169112371275845,7.250765445732638,64947656
2018-08-20,7.348749160766602,7.365080088233905,7.242600468333573,7.267096080833047,68132206
2018-08-21,7.536551475524902,7.561047871019867,7.35691591410487,7.365081379269858,126447447
2018-08-22,7.585541725158691,7.626368262795141,7.454897427683206,7.544715187522243,98243398
2018-08-23,7.642698764801025,7.691690767975402,7.5365500735077715,7.593707540328123,72907462
2018-08-24,8.189772605895996,8.393904530719835,7.585542295305792,7.6018732230684165,304040839
2018-08-27,8.516383171081543,8.516383171081543,8.140780441556434,8.18160697755509,221842422
2018-08-28,8.402070045471191,8.516384204397191,8.361243504518942,8.442896586423442,128977724
2018-08-29,8.385741233825684,8.434732467821219,8.287757208431364,8.369410303359421,90188349
2018-08-30,8.263259887695312,8.45106165582779,8.23059881219855,8.385739504834266,99491773
2018-08-31,8.271424293518066,8.426564187613458,8.246928684703292,8.271424293518066,131086524
2018-09-03,8.320416450500488,8.410234990797209,8.238764152332458,8.238764152332458,71169567
2018-09-04,8.516383171081543,8.614366390257475,8.222432734852342,8.328581416968285,129634208
2018-09-05,8.206103324890137,8.434730856839987,8.206103324890137,8.41023524452073,117945317
2018-09-06,8.140780448913574,8.27959020421361,8.124449523018791,8.206102595089897,71177755
2018-09-07,8.173441886901855,8.312251648399,8.108119737809252,8.197937498136222,80903534
2018-09-10,8.067293167114258,8.222433075902357,8.034632092700898,8.173441853633037,63698929
2018-09-11,8.091788291931152,8.189771509282425,8.010136000155788,8.083622829143199,71296751
2018-09-12,8.067293167114258,8.140780779219677,8.018301166143498,8.059127703835557,56482916
2018-09-13,8.132615089416504,8.246929236029896,8.034631868905633,8.238763772978634,99972561
2018-09-14,8.03463363647461,8.148947029534813,8.010138020633365,8.148947029534813,61975019
2018-09-17,7.912153244018555,8.00197179135875,7.903988558652502,8.00197179135875,51708233
2018-09-18,8.230599403381348,8.263260481224071,7.920318774524722,7.944814388231383,112680742
2018-09-19,8.36124324798584,8.442896327385125,8.189772404208526,8.189772404208526,123154877
2018-09-20,8.35307788848877,8.45922658155118,8.320416812061989,8.385739743617037,62034836
2018-09-21,8.712349891662598,8.736845502574743,8.312251539058009,8.377573687291353,162451841
2018-09-25,8.614365577697754,8.720514249801106,8.557208121210515,8.5898699698897,97701470
2018-09-26,8.745010375976562,8.916481198199685,8.589870479061059,8.663357306841217,149051343
2018-09-27,8.769506454467773,8.851159527972142,8.630696696731201,8.696018844054127,88036333
2018-09-28,9.02263069152832,9.20226699263019,8.802167852171284,8.802167852171284,211024267
2018-10-08,8.532712936401367,8.810332434326424,8.532712936401367,8.736844828557865,168635852
2018-10-09,8.62253189086914,8.736845257723125,8.483722135088096,8.540878818515088,106408426
2018-10-10,8.532712936401367,8.70418375696088,8.475556255781987,8.606200542169926,99520008
2018-10-11,8.0509614944458,8.295919919195555,7.920317208899629,8.206102167557903,199514383
2018-10-12,8.410234451293945,8.44289552420629,8.059127333460168,8.140780405091736,151681028
2018-10-15,8.255094528198242,8.5490449900757,8.238764379594757,8.483722838258814,140268530
2018-10-16,8.467391967773438,8.606201735991156,8.263260047300497,8.279590974715042,139692105
2018-10-17,8.434731483459473,8.61436780411606,8.279591555643465,8.573541261416626,135088983
2018-10-18,8.238764762878418,8.402070150017922,8.21426914948287,8.402070150017922,100115605
2018-10-19,8.785839080810547,8.802169231450641,8.099955622492029,8.124451237802957,208366732
2018-10-22,9.104283332824707,9.357407256595478,8.802168184260546,8.82666457535872,264554312
2018-10-23,8.851160049438477,9.161440656853276,8.761341507551725,9.145109729709699,160254592
2018-10-24,9.014464378356934,9.25125734347305,8.81849794764733,8.900150237758977,182942464
2018-10-25,9.218598365783691,9.218598365783691,8.745012327971718,8.818499950856603,168501136
2018-10-26,9.128779411315918,9.234928099668597,8.949143109588194,9.218597172829053,129997510
2018-10-29,8.777673721313477,9.177772150559386,8.671525015425496,9.145111070186283,159162878
2018-10-30,8.900152206420898,9.047127451313859,8.761342425955668,8.802168969392774,150182786
2018-10-31,8.908317565917969,8.973639723167292,8.777673251419323,8.94097864454263,115268379
2018-11-01,8.84299373626709,9.022630024080385,8.785837054158883,8.973638026058072,154277632
2018-11-02,9.055291175842285,9.11244785845112,8.842993813721757,9.01446464024966,221292287
2018-11-05,8.916482925415039,9.014466160136998,8.834829840462643,8.940978539420147,129192417
2018-11-06,8.851160049438477,8.924647664181649,8.761341507551725,8.87565566145238,73572574
2018-11-07,8.826663970947266,8.940977340105144,8.777671970807157,8.842994118526352,78559741
2018-11-08,8.891986846923828,8.957308999992934,8.834829378962244,8.883821383114817,79397600
2018-11-09,8.614365577697754,8.761340003247422,8.49188598125481,8.745009857609162,162926917
2018-11-12,8.62253189086914,8.638862038119106,8.47555667211241,8.540878818515088,92033388
2018-11-13,8.606203079223633,8.696020857917706,8.47555875432258,8.500054370566128,107249762
2018-11-14,8.524548530578613,8.61436707263077,8.508218382106428,8.598036145457119,77423985
2018-11-15,8.671523094177246,8.687854020096335,8.508217728493396,8.524547875711077,90146198
2018-11-16,8.630698204040527,8.753177835687548,8.565376045309405,8.663359283406088,105959259
2018-11-19,8.859326362609863,8.883821976972868,8.630698032883354,8.630698032883354,136088709
2018-11-20,8.630698204040527,8.818499994418671,8.589872438859743,8.77767345053633,103387753
2018-11-21,8.663357734680176,8.712349734321124,8.557209051042637,8.573539977156758,66615733
2018-11-22,8.614365577697754,8.71234878763131,8.557208121210515,8.71234878763131,50026785
2018-11-23,8.426565170288086,8.638862547977102,8.418400485531937,8.598036009390528,70035815
2018-11-26,8.442895889282227,8.54087911225612,8.410234814957596,8.442895889282227,51656911
2018-11-27,8.312252044677734,8.48372288889589,8.295921117275302,8.451061812792503,73344838
2018-11-28,8.393903732299805,8.418400121613669,8.29592051114861,8.304085974253232,53775145
2018-11-29,8.328582763671875,8.483723469812215,8.320417299411535,8.451062391472385,48528405
2018-11-30,8.459227561950684,8.459227561950684,8.304087625618584,8.344914170559107,59471532
2018-12-03,8.647028923034668,8.704185615860656,8.549045687318031,8.647028923034668,106409717
2018-12-04,8.647028923034668,8.671524537288443,8.598036915825581,8.630697994397794,53481305
2018-12-05,8.532712936401367,8.581704933147531,8.491886402229794,8.565374007998352,58154527
2018-12-06,8.369407653808594,8.467390869482188,8.353076728512306,8.459225406834044,57886648
2018-12-07,8.393903732299805,8.483722269047798,8.385739047896605,8.410234658509047,34021615
2018-12-10,8.304086685180664,8.3857397658145,8.271425608667428,8.344913225497582,49481887
2018-12-11,8.35307788848877,8.37757427983497,8.30408666319934,8.336747739626121,29908962
2018-12-12,8.36124324798584,8.393904324005257,8.328582171966422,8.377574175346288,36637903
2018-12-13,8.483722686767578,8.557209522223237,8.32858199494667,8.369408533778566,79084521
2018-12-14,8.304086685180664,8.451061918840974,8.295921221376982,8.442896455037292,52667513
2018-12-17,8.402070045471191,8.43473112249269,8.246930124294442,8.295921350475943,57127487
2018-12-18,8.263259887695312,8.42656526517912,8.246929739297663,8.328582038688836,53774430
2018-12-19,8.116284370422363,8.312251595146142,8.083623296085305,8.279590520809085,59800701
2018-12-20,7.928483963012695,8.140781350960252,7.863161809598293,8.099954810400876,99028479
2018-12-21,7.716186046600342,7.920317956715174,7.618202823189396,7.903987808830736,100061676
2018-12-24,7.6916913986206055,7.716187012865463,7.601873627255102,7.675360469989676,50911767
2018-12-25,7.626367092132568,7.699854692857396,7.52021842205241,7.585540560763074,58661545
2018-12-26,7.593708038330078,7.691691272403183,7.5692124244871835,7.63453458053592,42114060
2018-12-27,7.577377796173096,7.748848666004781,7.577377796173096,7.716187585022631,62459327
2018-12-28,7.659029960632324,7.724352114687489,7.60187327050943,7.60187327050943,57660400
2019-01-02,7.50388765335083,7.69168939005738,7.479392045502613,7.667193782209163,53938632
2019-01-03,7.577377796173096,7.618204342076181,7.47122908830571,7.495725483068519,41553795
2019-01-04,7.961144924163818,8.018301612896419,7.528385469399534,7.544715618165355,148115906
2019-01-07,7.952980041503906,8.042798591733582,7.863162269975766,8.034633127403334,86568766
2019-01-08,7.887657642364502,7.952979797600114,7.854996564746696,7.944814333520283,40238811
2019-01-09,8.116284370422363,8.230598519952782,7.9203179244000195,7.952978998737077,123348636
2019-01-10,8.246930122375488,8.328582425559489,8.05096288159059,8.059128345519438,107181766
2019-01-11,8.328582763671875,8.344913692192556,8.206103914572896,8.255095142731875,69636455
2019-01-14,8.255094528198242,8.369408683228528,8.222433452289799,8.344913070972565,50044359
2019-01-15,8.36124324798584,8.393904324005257,8.238764407588391,8.25509455624736,54216055
2019-01-16,8.557209014892578,8.57353994093771,8.35307711153692,8.361242574559485,97769937
2019-01-17,8.369407653808594,8.630696228938177,8.304085510026198,8.606200619695123,88281192
2019-01-18,8.516383171081543,8.565374391318807,8.393903563085575,8.442895562024242,73879326
2019-01-21,8.442895889282227,8.549044575512637,8.426564962769193,8.442895889282227,65935576
2019-01-22,8.393903732299805,8.524548027168063,8.377573584791984,8.442895732226113,42441357
2019-01-23,8.451061248779297,8.549044470550184,8.40206924854314,8.40206924854314,53787663
2019-01-24,8.589871406555176,8.61436701846015,8.467391789627381,8.491887401532356,67924088
2019-01-25,8.981803894042969,9.014464967964159,8.614366617754223,8.622532080909878,210836185
2019-01-28,8.932812690734863,9.096118853611298,8.88382146483313,9.01446577217308,103590980
2019-01-29,8.981803894042969,9.038960578729695,8.794002913671482,8.949142820121779,82663110
2019-01-30,8.940977096557617,9.128778850160751,8.867489487699931,8.940977096557617,71200101
2019-01-31,9.063457489013672,9.145109789157953,8.932812407120176,8.965473482918181,83162275
2019-02-01,9.145110130310059,9.18593667125594,8.949143668211624,9.145110130310059,101427007
2019-02-11,9.153274536132812,9.153274536132812,8.957308096687846,9.04712585342477,80193663
2019-02-12,9.136943817138672,9.234927817782172,9.006299521215908,9.145109280309201,95993690
2019-02-13,9.292084693908691,9.316580305223248,9.079787319312016,9.136944005279798,113736574
2019-02-14,9.18593692779541,9.2512590836525,9.136944921551832,9.22676346988147,86918519
2019-02-15,8.940977096557617,9.169604607347106,8.900150560669857,9.169604607347106,110012746
2019-02-18,9.275753021240234,9.275753021240234,9.014464445028262,9.02262990771023,125552221
2019-02-19,9.202268600463867,9.488052860779783,9.177772206009852,9.275755447721158,127088204
2019-02-20,9.316580772399902,9.414564001272907,9.185936467235896,9.251258619817898,83262987
2019-02-21,9.275753021240234,9.43089369739213,9.21043087718724,9.292083946604174,75424648
2019-02-22,9.422728538513184,9.447224148647486,9.104282491961623,9.267588636060724,118404779
2019-02-25,10.247422218322754,10.32090983181,9.44722471209674,9.55337340061149,282493502
2019-02-26,9.961637496948242,10.263752643790522,9.920810957385454,10.24742249518629,201754493
2019-02-27,10.124942779541016,10.33724016027337,9.920810862383323,9.994298477152327,197901388
2019-02-28,10.092281341552734,10.29641325138051,10.018794508123943,10.157603490401508,111309980
2019-03-01,10.418893814086914,10.435223963436734,9.961637951769285,10.190265493577344,171267916
2019-03-04,10.606693267822266,10.925139310074485,10.304578151240033,10.369900296517198,245683039
2019-03-05,10.663851737976074,10.851652728742241,10.484215432116047,10.541372119966363,140842222
2019-03-06,10.680181503295898,10.737338189095492,10.484215055953198,10.663851355368061,124576020
2019-03-07,10.402562141418457,10.66385152062604,10.247422229543306,10.66385152062604,178205731
2019-03-08,10.043291091918945,10.369901867793743,10.002464550259218,10.198431015784097,177816210
2019-03-11,10.059619903564453,10.198429659526743,9.839157853842904,10.043289756293165,115765077
2019-03-12,10.092281341552734,10.320909641224878,9.994298118279573,10.19843002810735,141179492
2019-03-13,10.100447654724121,10.247422891351633,9.904481191688442,10.075952041520038,126942716
2019-03-14,10.149439811706543,10.304579735922543,10.018795501061174,10.06778672820243,105746790
2019-03-15,10.206595420837402,10.35357064408192,10.075951124042913,10.075951124042913,104540603
2019-03-18,10.541372299194336,10.565867911732173,10.059620839975135,10.231091685142962,148645480
2019-03-19,10.443388938903809,10.565867778752992,10.29641370812361,10.549537630167121,95719646
2019-03-20,10.410727500915527,10.516876188486684,10.304578813344373,10.353570814800847,92999638
2019-03-21,10.361737251281738,10.451555806020343,10.271919475244712,10.42706019050144,86014080
2019-03-22,10.280084609985352,10.402563462349764,10.206596987086083,10.361736918661109,71350206
2019-03-25,9.888150215148926,10.124943218161858,9.879985529922031,10.124943218161858,117988326
2019-03-26,9.879984855651855,10.035124766196157,9.806497242714547,9.986132764670803,93539327
2019-03-27,10.108613014221191,10.18210063177546,9.945307630045868,9.994298855947717,92282680
2019-03-28,9.977968215942383,10.051455829880895,9.879984990258185,10.051455829880895,73246744
2019-03-29,10.467885971069336,10.467885971069336,9.96980430176424,10.010630846819119,166950647
2019-04-01,10.761835098266602,11.063950247171467,10.476050098077456,10.476050098077456,195140119
2019-04-02,10.908809661865234,11.006792891255168,10.802660968684101,10.843487508938612,110038404
2019-04-03,10.974130630493164,10.98229609340317,10.737337657012848,10.786329655771473,79291579
2019-04-04,11.317072868347168,11.43138701886837,10.965966510856049,10.965966510856049,203436500
2019-04-08,11.398726463317871,11.78249469160642,11.20276000667322,11.349734459805969,174317620
2019-04-09,11.27624797821045,11.4150569720186,11.227255973153481,11.325239204565914,78133238
2019-04-10,11.210925102233887,11.333404726148279,10.941471019804334,11.22725603023641,94713506
2019-04-11,11.055784225463867,11.398725896901563,11.014957687682916,11.210924134589758,65535662
2019-04-12,10.957801818847656,11.09661159042945,10.786330970346702,11.014958508780808,77432464
2019-04-15,11.178263664245605,11.504875205443827,11.153768051733719,11.202760055458972,153389068
2019-04-16,11.904973983764648,11.904973983764648,11.063950658080728,11.16193389011853,237937518
2019-04-17,11.71717357635498,11.913140050342555,11.619189560659645,11.774330269925969,100410987
2019-04-18,11.709007263183594,11.73350287598105,11.521205488532457,11.676346186553156,50704530
2019-04-19,12.02745246887207,12.084609936541518,11.67634609259553,11.798824934298732,124603609
2019-04-22,11.553866386413574,12.117270922949086,11.49670969786995,11.921304466198247,132227390
2019-04-23,11.488544464111328,11.594693158318012,11.406892161514913,11.513040855721597,94068734
2019-04-24,11.79065990447998,11.92130499346026,11.562032361492136,11.798825368547782,194972363
2019-04-25,11.537535667419434,11.953964951457628,11.537535667419434,11.741667577787007,111147637
2019-04-26,11.259916305541992,11.635519057130763,11.186428692167881,11.49670929380221,100942124
2019-05-06,10.508710861206055,10.900644541828722,10.378066560565651,10.696512627402727,210866784
2019-05-07,10.5740327835083,10.688346933454318,10.386231800062816,10.639354932419899,107265841
2019-05-08,10.288249015808105,10.541372158968736,10.206595936832853,10.386232243357524,97545081
2019-05-09,9.928977012634277,10.271918719472762,9.839159243205728,10.222927492039561,155715161
2019-05-10,10.353569984436035,10.410726665966704,9.879984049378367,10.075950482084702,119239908
2019-05-13,10.043291091918945,10.239257557443825,9.986133622114721,10.067786705434177,74191779
2019-05-14,10.198431015014648,10.410728408668005,9.928976930262891,9.961638007847906,118259819
2019-05-15,10.549537658691406,10.704677574833276,10.263752660001964,10.271918123667716,110398851
2019-05-16,10.492380142211914,10.598528046681913,10.435222679764898,10.557702288978719,63490143
2019-05-17,10.15760326385498,10.557702390007046,10.092281116463097,10.549536926907704,96500085
2019-05-20,10.108613014221191,10.23925732156145,10.002464319831857,10.084117401270266,78643518
2019-05-21,10.255587577819824,10.394396561253867,10.092281425635878,10.124942500332379,73121051
2019-05-22,10.124942779541016,10.263752545504365,10.059620628346671,10.263752545504365,50623072
2019-05-23,10.035123825073242,10.141272502838707,9.912645000798447,9.994297290747854,66685543
2019-05-24,10.084115982055664,10.165768273301028,10.051454909817242,10.084115982055664,49552620
2019-05-27,10.100447654724121,10.141274195865265,9.741175805825375,9.969803346033668,104842598
2019-05-28,10.198431015014648,10.247423020742929,10.010630013576186,10.051456555232834,88070312
2019-05-29,10.124942779541016,10.280083472653684,10.010629404301646,10.092281703943843,66641150
2019-05-30,9.977968215942383,10.108612516854647,9.888149675039108,10.05962051466182,64628465
2019-05-31,9.945307731628418,10.124943266705344,9.888150262557119,9.928976803693331,68679439
2019-06-03,9.716678619384766,10.067785754306378,9.651356470380946,9.977967994101485,151271905
2019-06-04,9.67585277557373,9.749339608533589,9.471720867048559,9.708513849789702,97465534
2019-06-05,9.773837089538574,9.912646865130883,9.733010547534686,9.773837089538574,74889231
2019-06-06,9.733009338378906,9.855488170473205,9.708513727700332,9.773835875310814,43366526
2019-06-10,10.075950622558594,10.182099303096411,9.782000190699597,9.806496579155443,114466882
2019-06-11,10.32907485961914,10.386232326841835,10.043290638311577,10.075951714423912,125108751
2019-06-12,10.263751983642578,10.337239594388699,10.15760329908723,10.312743983707133,65731018
2019-06-13,10.280084609985352,10.35357223288462,10.149440293142899,10.239258066296697,53000026
2019-06-14,10.198431015014648,10.361736402939725,10.165769937429632,10.280084098327944,48319173
2019-06-17,10.345405578613281,10.44338880497637,10.190264886178957,10.190264886178957,61981588
2019-06-18,10.451554298400879,10.49238083751094,10.280083457099796,10.345405608195307,48355512
2019-06-19,10.672016143798828,10.933305521499031,10.623024920837286,10.851652444961196,114322639
2019-06-20,11.268081665039062,11.390560500398689,10.712842616845675,10.753669154866031,152919147
2019-06-21,11.13743782043457,11.325238812803278,11.088445817072335,11.235421048457567,101112915
2019-06-24,11.178263664245605,11.292577820470205,11.112941511746257,11.178263664245605,65957285
2019-06-25,10.965967178344727,11.202760178429465,10.672016710169542,11.202760178429465,146922707
2019-06-26,11.036128997802734,11.143436256215557,10.887549595815647,10.953585497854869,54650476
2019-06-27,11.316779136657715,11.432340986404727,11.102164610213565,11.143436755637547,92507494
2019-06-28,11.37455940246582,11.382813988798107,11.209471611823489,11.333287258005067,49809369
2019-07-01,11.498373985290527,11.704733887181883,11.448847262468359,11.564409090919717,96063600
2019-07-02,11.704734802246094,11.754260741739596,11.440593571878491,11.457102743176735,105274486
2019-07-03,11.564410209655762,11.663462877681859,11.448848370025,11.523138067844732,76907849
2019-07-04,11.547901153564453,11.787278633822165,11.457103070432439,11.564410325334258,62129252
2019-07-05,11.490121841430664,11.539647787574358,11.30027028201125,11.51488481450251,74919609
2019-07-08,11.21772575378418,11.457103237533188,11.102163911311997,11.407576508702068,77841390
2019-07-09,11.21772575378418,11.31677842424577,11.093909325306702,11.25074331060471,49429611
2019-07-10,11.192962646484375,11.308523700346782,11.135181332352534,11.234234001606298,35822079
2019-07-11,11.176453590393066,11.374558930951725,11.16819900440296,11.292015432652606,48418314
2019-07-12,11.655208587646484,11.746006672174374,11.209471176617534,11.22598034864114,146536652
2019-07-15,11.556156158447266,11.65520883105559,11.424085928302832,11.58091912979918,84128276
2019-07-16,11.349796295166016,11.547901641571661,11.316778737431742,11.53139325630486,72278079
2019-07-17,11.300270080566406,11.399323545489455,11.234234962084846,11.308524667176778,41002063
2019-07-18,11.283760070800781,11.39932190511439,11.192961992754757,11.267250899955727,42282622
2019-07-19,11.547901153564453,11.622190852127302,11.292015288737575,11.341541229645715,86639070
2019-07-22,11.432340621948242,11.572665439595887,11.358050919993525,11.523138709225853,58228330
2019-07-23,11.358051300048828,11.448849390364662,11.267252422532293,11.440594803826668,50400423
2019-07-24,11.457103729248047,11.564410990320335,11.382814026413332,11.448849142888482,57027622
2019-07-25,11.721243858337402,11.779025173993318,11.432340428860465,11.490120957315721,108782641
2019-07-26,11.746006965637207,11.76251613807328,11.622191321169336,11.704735608948363,63530571
2019-07-29,11.7955322265625,11.927602440798518,11.70473415107538,11.762514673003496,71557619
2019-07-30,11.861568450927734,12.01014784953831,11.795533337589843,11.81204250952464,79663432
2019-07-31,11.66346263885498,11.82029582988475,11.62219049788906,11.803787445818747,63472348
2019-08-01,11.638700485229492,11.712989399536351,11.50662946743796,11.605682927581777,52798128
2019-08-02,11.34154224395752,11.457104095079323,11.275507125373835,11.366306003826933,96992646
2019-08-05,11.019620895385742,11.258998389616561,10.953585778853151,11.225980831350265,89308242
2019-08-06,11.036128997802734,11.110418698796277,10.755479366138532,10.813260682022767,88249913
2019-08-07,11.176453590393066,11.258997875892831,11.036128777363855,11.135181447643184,79303899
2019-08-08,11.869823455810547,11.968876129313196,11.432340617707013,11.473611974599278,233071504
2019-08-09,11.985383987426758,12.257779006486404,11.911094293646748,12.010146956286567,206057513
2019-08-12,12.480648040771484,12.480648040771484,12.05141981054422,12.059673609186577,273342547
2019-08-13,12.29079818725586,12.447631393723961,12.166981752169862,12.381596276558373,129373644
2019-08-14,12.356832504272461,12.56319242885256,12.216507692581942,12.497157315962978,136054654
2019-08-15,12.33206844329834,12.3485776147151,12.051419614018972,12.084437169651876,89737626
2019-08-16,12.299052238464355,12.497158381220297,12.199999560686738,12.455886235346114,98690293
2019-08-19,12.315561294555664,12.332069680427896,11.98538570510405,12.3073067080192,229295613
2019-08-20,12.373340606689453,12.546682970871254,12.191744443985185,12.31556008102906,192104150
2019-08-21,11.927603721618652,12.290797636969073,11.8698231934859,12.274288464816483,199013195
2019-08-22,11.812041282653809,11.927602325391918,11.721242420844652,11.886330187042352,135307158
2019-08-23,12.092691421508789,12.166981121268062,11.845060138578749,11.861568523413782,163686768
2019-08-26,11.762516975402832,11.968876922339724,11.679972681747786,11.902841802295978,141512254
2019-08-27,11.812041282653809,11.952365293521432,11.75425997408419,11.853312633802812,135671337
2019-08-28,11.779025077819824,11.787278876674142,11.597428120613735,11.770770491764853,82965768
2019-08-29,11.66346263885498,11.754260719219518,11.62219049788906,11.737752335153518,60903434
2019-08-30,11.688225746154785,11.878077281952823,11.638699806173122,11.79553299904922,79850057
2019-09-02,11.927603721618652,11.968875864799472,11.646954092629871,11.679971649734394,136020130
2019-09-03,11.803789138793945,11.977131525952204,11.762516991908507,11.952367765500506,85865365
2019-09-04,11.91934871673584,11.968875444252749,11.812042250317024,11.820296048902652,97396487
2019-09-05,12.034912109375,12.257781231163777,12.010149136020935,12.018403722872533,176805143
2019-09-06,12.224761962890625,12.224761962890625,12.067927983426323,12.142217680309347,98643280
2019-09-09,12.12570858001709,12.381595227759052,12.05141966989906,12.36508605626574,129983914
2019-09-10,12.010148048400879,12.084437748936246,11.894586204545789,12.0514201917206,79687064
2019-09-11,12.018404006958008,12.142219663855762,11.935859710892341,12.051421567944127,81861421
2019-09-12,12.11745548248291,12.199998983122853,11.99363905072199,12.10094631003452,115068764
2019-09-16,11.927603721618652,12.150472822474681,11.886331578437833,12.133963650322093,92989414
2019-09-17,11.754261016845703,11.927603383531235,11.704735076193055,11.853313685351631,88265575
2019-09-18,11.894586563110352,11.952367093179372,11.754261743913574,11.754261743913574,82043633
2019-09-19,12.24952507019043,12.290797211944026,11.952366279325034,11.952366279325034,188402083
2019-09-20,12.662245750427246,12.711771694045224,12.323815582635234,12.340323968107667,264428514
2019-09-23,12.695263862609863,12.769553568479607,12.5301760646775,12.662246303023391,140328200
2019-09-24,12.53017520904541,12.827333225032016,12.53017520904541,12.769552696501451,112910324
2019-09-25,13.000675201416016,13.083219485829071,12.538428625664055,12.546683211545487,193889272
2019-09-26,12.967658042907715,13.240053874946994,12.926385899435056,13.091473686125028,168659258
2019-09-27,13.124489784240723,13.207034062008505,12.95940201590573,13.083218432557405,100770627
2019-09-30,12.868605613708496,13.116237692016298,12.852096441127662,13.000675845552477,104636317
2019-10-08,13.372123718261719,13.396885901549533,12.876859585288827,12.876859585288827,138667636
2019-10-09,13.413395881652832,13.63626499108124,13.223545117799615,13.28958023454862,131669341
2019-10-10,13.40514087677002,13.429904635178323,13.198780946571464,13.429904635178323,87974662
2019-10-11,13.875640869140625,13.991203497341836,13.372123724440007,13.372123724440007,140542282
2019-10-14,14.214070320129395,14.527738271307845,13.966439052905313,14.007710405975594,155763745
2019-10-15,14.181055068969727,14.32137988857565,13.88389625700392,14.238835599207219,88195542
2019-10-16,13.859135627746582,14.3956712072571,13.727063805293264,14.24709178459847,126767121
2019-10-17,13.784842491149902,14.032473751114999,13.661025286766199,13.949929472992915,112618222
2019-10-18,13.628009796142578,14.06549340907021,13.561974682342303,13.867386493268084,119679914
2019-10-21,13.94167709350586,14.00771221157096,13.561975558231879,13.561975558231879,94595225
2019-10-22,13.553720474243164,13.974694926858671,13.231799482290683,13.958185754347943,188353143
2019-10-23,13.578483581542969,13.760079747244355,13.39688584144031,13.471175539772986,96753459
2019-10-24,13.925168991088867,14.032475463662637,13.570229653927303,13.619755597084323,110921477
2019-10-25,13.93342113494873,13.999456246511473,13.685789860188756,13.850878426296237,69143576
2019-10-28,13.751825332641602,14.065493301597176,13.603245934125939,14.015965785824429,107013113
2019-10-29,13.958184242248535,13.974693412970813,13.669280052213349,13.776588087506989,78886473
2019-10-30,13.561975479125977,13.999457543354948,13.553720892615813,13.8673873079951,85431717
2019-10-31,13.421648979187012,13.594990551023907,13.405139808230775,13.553719198034512,86256930
2019-11-01,13.916914939880371,14.032476003156741,13.438159939219315,13.4959404708575,125465544
2019-11-04,13.966440200805664,14.238835246900756,13.842624557017228,14.015966143440773,88982425
2019-11-05,14.156290054321289,14.395668314819211,13.859132843111643,13.867385854355298,117248589
2019-11-06,13.999455451965332,14.247088287072028,13.933420344150445,14.08199973033423,86332536
2019-11-07,13.94167709350586,14.090256502752688,13.826116030492283,13.974695439739111,71189699
2019-11-08,13.743569374084473,14.048982726575742,13.735314788946749,14.015964386024846,84913924
2019-11-11,13.43815803527832,13.644517947263791,13.372122926419017,13.619754191041109,95351563
2019-11-12,13.479430198669434,13.51244854228565,13.339105387103075,13.446413429454497,51626640
2019-11-13,13.479430198669434,13.586736666619577,13.256561102463815,13.446413429454497,65512065
2019-11-14,13.47117805480957,13.603248304413462,13.413397517408063,13.561976941812834,46889955
2019-11-15,13.487685203552246,13.661026789718191,13.405140916348847,13.528956559953283,56922798
2019-11-18,13.578483581542969,13.6610262913337,13.39688584144031,13.495939297350967,55791841
2019-11-19,13.545466423034668,13.603246954703208,13.462922131621864,13.578484769360353,56212040
2019-11-20,13.083220481872559,13.45466742840816,13.017185364195026,13.45466742840816,172438353
2019-11-21,13.091473579406738,13.099728165474113,12.90162282306105,13.00067549426758,77256324
2019-11-22,12.868605613708496,13.141000663686876,12.835588055747502,13.116237692016298,77347354
2019-11-25,13.041948318481445,13.074965877274536,12.827333792726018,12.909878083309088,78325794
2019-11-26,12.893367767333984,13.11623685983084,12.786060513968902,13.11623685983084,81529753
2019-11-27,12.769553184509277,12.90987800533251,12.703518067321957,12.90987800533251,47616998
2019-11-28,12.78606128692627,12.82733343105412,12.744789142798417,12.769552901595533,37801651
2019-11-29,12.620972633361816,12.835587138369817,12.530174552258716,12.827332552669366,65386691
2019-12-02,12.678754806518555,12.736536126730005,12.571447540069546,12.67050100694611,55387738
2019-12-03,12.753044128417969,12.76129871494216,12.554938775041544,12.629228479357877,45541805
2019-12-04,12.637482643127441,12.720026144005987,12.554938355048224,12.662245614670939,52454527
2019-12-05,12.73653507232666,12.777806428374374,12.629227814761162,12.67049995800953,55708446
2019-12-06,12.876859664916992,12.975912334683967,12.7612978232552,12.769552409202609,71261524
2019-12-09,12.720026016235352,12.893368389699976,12.670500073645838,12.893368389699976,60599289
2019-12-10,12.653990745544434,12.695262888661409,12.587955631437534,12.678753716534356,55638388
2019-12-11,12.926386833190918,12.94289600665281,12.629228795683337,12.695263915129466,87150519
2019-12-12,12.876859664916992,12.934640192147567,12.819078350485775,12.926385606200158,47899882
2019-12-13,13.306089401245117,13.306089401245117,13.017185175199955,13.083220291918732,105310381
2019-12-16,13.314342498779297,13.322597085222352,13.099728761664709,13.306089486737624,78795234
2019-12-17,13.619755744934082,13.72706221867272,13.1905267011768,13.207035873875473,120310490
2019-12-18,13.586738586425781,13.751827179031322,13.545467225475146,13.561976399616002,79709133
2019-12-19,13.661027908325195,13.817861909413573,13.570230601927888,13.661027908325195,67553676
2019-12-20,13.694045066833496,13.768334767510094,13.570229423839606,13.661026722354421,64447838
2019-12-23,13.40514087677002,13.768334794751848,13.347360348218636,13.768334794751848,71579272
2019-12-24,13.537210464477539,13.619754747524604,13.396885655617902,13.396885655617902,45912842
2019-12-25,13.454667091369629,13.66928161204588,13.405141147952449,13.578484311514611,41491798
2019-12-26,13.594991683959961,13.603246270125974,13.471176040272427,13.487685212604452,37203386
2019-12-27,13.72706127166748,13.974694121859718,13.561974279273908,13.644518562671323,104257472
2019-12-30,13.677536964416504,13.72706291060759,13.289580832850344,13.586738084398307,97697031
2019-12-31,13.578483581542969,13.727061403807047,13.462920953913658,13.677535463052354,70444225
2020-01-02,13.925168991088867,13.991204106765343,13.661026953981617,13.743571242177548,153023187
2020-01-03,14.181055068969727,14.28836154306773,13.966440546372352,13.982949719126314,111619481
2020-01-06,14.090256690979004,14.313125807826468,13.958186453084526,14.040730745368931,86208350
2020-01-07,14.156290054321289,14.263598093303541,13.991203064627316,14.139780883031523,72860756
2020-01-08,13.751825332641602,14.073746313158011,13.727061574755227,14.032474957748677,84782412
2020-01-09,13.859135627746582,13.974696701191498,13.644521081062067,13.875643227951894,103163665
2020-01-10,13.776590347290039,13.87564223906891,13.636265521935442,13.859134640040054,58554845
2020-01-13,14.02422046661377,14.057238810685527,13.710554069938574,13.826115125387126,87213336
2020-01-14,13.834371566772461,14.25534606373767,13.834371566772463,14.0242223474426,130449366
2020-01-15,13.636263847351074,13.916913463595439,13.578483321842159,13.859132938086525,85943912
2020-01-16,13.479430198669434,13.677535537162893,13.37212373071929,13.6362641820439,102810467
2020-01-17,13.528955459594727,13.66102567861789,13.495938692039536,13.520700874105628,60543669
2020-01-20,13.578483581542969,13.710553806489662,13.495939297350967,13.561974409824314,74607475
2020-01-21,13.207036018371582,13.487685659714089,13.149255487695427,13.487685659714089,89660310
2020-01-22,13.28132438659668,13.339104911463469,12.967657218232985,13.140999580033958,71946491
2020-01-23,12.835586547851562,13.140999119911752,12.703516331522895,13.140999119911752,109309307
2020-02-03,11.547901153564453,12.133963368981696,11.547901153564453,11.547901153564453,225919483
2020-02-04,12.051420211791992,12.100946154097617,11.572665237767442,11.597428208920254,170617207
2020-02-05,12.076183319091797,12.290797837370825,11.820296656959005,12.04316576144892,149138021
2020-02-06,12.19174575805664,12.27428926258253,11.977131229328059,12.224763317307136,118581572
2020-02-07,12.067928314208984,12.125708841279275,11.894585945797475,12.051419929560605,92485296
2020-02-10,11.96887493133545,11.993637900432391,11.803787158688182,11.977129516767961,133949524
2020-02-11,12.208253860473633,12.332069507986477,12.018403095993845,12.051420654477317,140750744
2020-02-12,12.19174575805664,12.233017116719232,12.051420934441854,12.208254144081536,107050321
2020-02-13,12.092691421508789,12.28254296391589,12.059673864638073,12.142218150415188,101320528
2020-02-14,12.406359672546387,12.497158552151644,12.133964608132047,12.175236754570737,151243473
2020-02-17,12.687007904052734,12.687007904052734,12.32381478787401,12.414612870118534,154369601
2020-02-18,12.546683311462402,12.653990567173672,12.389850114469404,12.653990567173672,97361235
2020-02-19,12.579699516296387,12.687006760476937,12.447629304135884,12.464138474256226,87410693
2020-02-20,12.868605613708496,12.893368585379074,12.464140331886137,12.604465150020536,123544434
2020-02-21,12.860350608825684,12.975912451528075,12.753043352145031,12.786060909031335,99507102
2020-02-24,12.571446418762207,12.76129796160768,12.5054113048683,12.76129796160768,119179450
2020-02-25,12.414612770080566,12.488902467318649,12.199998264104023,12.381595214330376,114457502
2020-02-26,12.373340606689453,12.604464283732268,12.133963131124169,12.191744443985185,117659915
2020-02-27,12.472393989562988,12.505411547149627,12.290797816436802,12.348578345413255,97527090
2020-02-28,11.96887493133545,12.414612311083367,11.935857376805997,12.257779123868612,130064445
2020-03-02,12.208253860473633,12.340324094407517,11.935858806184823,12.010148509572804,111658066
2020-03-03,12.150472640991211,12.37334095131775,12.076182941815484,12.348577980659389,115358432
2020-03-04,12.12570858001709,12.199998277335744,11.977129972580405,12.117454781471059,86259523
2020-03-05,12.703516960144043,12.90987688016925,12.15872611002897,12.216507422932452,268660234
2020-03-06,12.406359672546387,12.604465818011947,12.398105873019222,12.53017611186245,122853103
2020-03-09,11.935857772827148,12.158726076495382,11.902840217202202,12.14221769228322,165352254
2020-03-10,12.175236701965332,12.257780994486062,11.86982407915978,11.86982407915978,116029397
2020-03-11,12.12570858001709,12.282542560401055,12.067928054191748,12.191744478789714,80678164
2020-03-12,12.100946426391602,12.249525831053107,11.993639166047254,12.092691840088033,97354811
2020-03-13,11.993639945983887,12.034912092984941,11.47361278305235,11.47361278305235,115376849
2020-03-16,11.382813453674316,11.935858116727147,11.358050483042282,11.927603530782921,138266955
2020-03-17,11.052638053894043,11.531393025039801,10.838023539325073,11.34979606754293,116619706
2020-03-18,10.491338729858398,11.184708211170935,10.441812000964367,11.069146368551964,136820944
2020-03-19,10.09512710571289,10.516101539663145,9.83098665485813,10.466575598728197,187500413
2020-03-20,10.367523193359375,10.46657586494935,10.119891120784105,10.235452177372082,153801000
2020-03-23,10.020838737487793,10.194181114557374,9.847496360418212,9.905276890374513,106224264
2020-03-24,10.417048454284668,10.466575180440964,10.128145044508198,10.23545150797906,116881152
2020-03-25,10.623408317565918,10.788496091936675,10.483083512550623,10.631662903084607,112533674
2020-03-26,10.763733863830566,11.011365936040297,10.499593406647204,10.549119348768755,106587143
2020-03-27,10.854532241821289,11.04438379094065,10.796751712054851,10.937076530516782,64562774
2020-03-30,10.68118953704834,10.763733823206936,10.53261092404378,10.606900624146387,64562573
2020-03-31,10.573883056640625,10.805005955574657,10.549119298497203,10.771988398584082,50201729
2020-04-01,10.639918327331543,10.838023672192788,10.582137011346514,10.615154568823389,51637175
2020-04-02,10.689443588256836,10.705952759542779,10.450066115014966,10.524355811400481,50897735
2020-04-03,10.408794403076172,10.639918087403156,10.359268461577996,10.582136772721087,81807794
2020-04-07,10.615155220031738,10.681190339036545,10.573883861054268,10.639918980059075,86115071
2020-04-08,10.549118995666504,10.664680835416444,10.499593055202695,10.631663279373694,51963814
2020-04-09,10.5243558883667,10.639917726611575,10.499592918457303,10.631663140908238,40311077
2020-04-10,10.565629005432129,10.714207625810545,10.441812570049308,10.532611446770183,65969236
2020-04-13,10.384031295776367,10.491338550545516,10.293233212756611,10.458320994247366,44235065
2020-04-14,10.606900215148926,10.615154013686,10.375776537697144,10.441811649197476,67136959
2020-04-15,10.598647117614746,10.672936825284124,10.549120383434914,10.615155504207532,64347140
2020-04-16,10.458321571350098,10.557374245710395,10.351014310659606,10.557374245710395,77714992
2020-04-17,10.63166332244873,10.763733547154825,10.441811784033247,10.54086523976345,132403577
2020-04-20,10.722461700439453,10.77198842966856,10.540865530067583,10.615154443110264,81254553
2020-04-21,11.110417366027832,11.308522686779455,10.978347152193418,10.978347152193418,211248334
2020-04-22,10.945331573486328,11.077401811148793,10.862787281346932,11.036129665079095,101757974
2020-04-23,10.92882251739502,10.986603837392613,10.821515251343166,10.920567930652403,64209012
2020-04-24,10.912314414978027,10.961840362320629,10.821515532848691,10.871042267392033,55853461
2020-04-27,11.126927375793457,11.258998396135798,10.937076612452497,10.978348757109435,92251690
2020-04-28,11.151689529418945,11.192961668134007,10.953584208227335,11.102162805520758,76586617
2020-04-29,11.547901153564453,11.638700023897107,11.102163749388003,11.126926719842075,108955039
2020-04-30,11.514884948730469,11.820297577512484,11.45710441515571,11.572666269505959,80464309
2020-05-06,11.366305351257324,11.465358023445976,11.234234334471791,11.358050765108104,99516417
2020-05-07,11.275506019592285,11.35805030332718,11.225980079111851,11.35805030332718,65346023
2020-05-08,11.514884948730469,11.572666269505959,11.29201661408445,11.358051734512955,92672070
2020-05-11,11.531393051147461,11.66346327973487,11.473611735739977,11.490120907913733,60684029
2020-05-12,11.399323463439941,11.59742881745871,11.325033758882727,11.514884526350539,54950114
2020-05-13,11.267251014709473,11.374558264693446,11.168198350232096,11.349795295374253,63269779
2020-05-14,10.978347778320312,11.217725251347721,10.912312667636932,11.18470769600603,93362809
2020-05-15,10.92056655883789,11.08565512414932,10.846277649088492,11.052637568527159,75679447
2020-05-18,10.895803451538086,11.011365288358862,10.829768341126387,10.895803451538086,63242230
2020-05-19,11.027873992919922,11.10216369109269,10.95358508194779,11.069146134927085,59294564
2020-05-20,11.151689529418945,11.242487604831625,10.953584208227335,11.044382283640013,68268307
2020-05-21,11.052638053894043,11.201216667118159,11.027874295689477,11.159945311178527,54772700
2020-05-22,10.68118953704834,11.011365894482074,10.664681152137012,11.003111308426083,84458033
2020-05-25,10.68118953704834,10.714207094071648,10.53261092404378,10.705953295216311,40608278
2020-05-26,10.771987915039062,10.788496299192976,10.681189046990369,10.747224945207881,39114840
2020-05-27,10.730716705322266,10.887549910800983,10.697699146947764,10.771988850090565,47859094
2020-05-28,10.788496017456055,10.879294883133575,10.573882305856001,10.623408244225015,95156631
2020-05-29,10.705953598022461,10.763734127647345,10.664681453775824,10.738971155979634,42661740
2020-06-01,10.994856834411621,11.052638150191713,10.796751490253008,10.813260662533224,87213402
2020-06-02,11.176453590393066,11.250743289902724,10.961839077854195,10.9700936638443,87237548
2020-06-03,11.15994644165039,11.45710448540057,11.14343726784168,11.25899912290045,95202708
2020-06-04,11.184708595275879,11.258998297567857,11.069146748688285,11.168199422677361,57804433
2020-06-05,11.192962646484375,11.24248858751094,11.08565539132597,11.225980202902297,37403090
2020-06-08,11.234234809875488,11.432340949836794,11.209471837580587,11.292016128164521,57836090
2020-06-09,11.267251014709473,11.333286124361056,11.168198350232096,11.258997216403476,46947907
2020-06-10,11.110417366027832,11.316777271944249,11.060890642239642,11.316777271944249,56973820
2020-06-11,10.813260078430176,11.052637553158142,10.730715795889243,11.044382967463925,133489337
2020-06-12,10.68118953704834,10.74722543829561,10.623409009057713,10.648171980025031,100104157
2020-06-15,10.590392112731934,10.705953963123338,10.565629140219741,10.606901285873864,64990824
2020-06-16,10.639918327331543,10.722461827423396,10.615154568823389,10.648172126300263,71805910
2020-06-17,10.598647117614746,10.664682238387364,10.532611996842128,10.639919264897815,70559424
2020-06-18,10.532610893249512,10.565628450176286,10.392286079510557,10.532610893249512,110722551
2020-06-19,10.565629005432129,10.598646564094077,10.40879501138736,10.507847687373202,146379360
2020-06-22,10.43355941772461,10.532612099852283,10.417050243769626,10.5161029258973,130838079
2020-06-23,10.400540351867676,10.474829262311916,10.33450524000571,10.441811706380934,97851673
2020-06-24,10.565629005432129,10.631664122756025,10.400541212122393,10.433558770784341,150693948
2020-06-29,10.557374000549316,10.705953402239825,10.491338885842572,10.664681258747942,101746506
2020-06-30,10.565629005432129,10.631664122756025,10.499593888108235,10.590391977628416,92894322
2020-07-01,10.829769134521484,10.854532105939867,10.516101943486175,10.55737408731726,166828281
2020-07-02,11.08565616607666,11.135182110564477,10.705953847133731,10.796751936828523,255995361
2020-07-03,11.746006965637207,11.820296667198198,11.192963071440133,11.2012168704575,369319387
2020-07-06,12.942895889282227,12.942895889282227,12.043166410986872,12.051420997642962,469874518
2020-07-07,12.794315338134766,13.727061505533188,12.40635845907837,13.454666467761854,393268403
2020-07-08,13.008929252624512,13.20703458243286,12.571445665296988,12.571445665296988,261154518
2020-07-09,12.802571296691895,12.926386949971794,12.63748349658512,12.926386949971794,221922138
2020-07-10,12.27428913116455,12.777807101143749,12.183491040998016,12.67050062512907,213676176
2020-07-13,12.282543182373047,12.447630969662875,11.968875992922046,12.133963780211872,191724222
2020-07-14,12.109200477600098,12.538428712809582,12.01014780793637,12.299051230988747,194132827
2020-07-15,11.779025077819824,12.266033847053299,11.746006733599941,12.199998733014839,201502683
2020-07-16,11.679971694946289,12.010148054470262,11.655208723822206,11.803788124968026,190730098
2020-07-17,11.66346263885498,11.787278274552133,11.514883246257906,11.696480194187595,128379257
2020-07-20,12.158727645874023,12.191745992961408,11.638701274459258,11.746007753690373,196500100
2020-07-21,11.96062183380127,12.117455827726728,11.886332130068231,12.117455827726728,124694173
2020-07-22,11.87807846069336,12.092692200579151,11.779025783699755,11.960621964587679,129858859
2020-07-23,11.564410209655762,11.795533101716654,11.399322429612267,11.754260959905624,201818333
2020-07-24,11.143436431884766,11.547901713447235,11.077401316005206,11.531393328077684,181050742
2020-07-27,10.912314414978027,11.292016755807845,10.813261733092084,11.283762168850497,187066331
2020-07-28,11.003111839294434,11.085656129435554,10.879296191283444,11.011366425748685,119636699
2020-07-29,11.176453590393066,11.250743289902724,10.904058550324748,11.01962039258429,150414025
2020-07-30,11.052638053894043,11.151690725110338,11.036128881757666,11.14343613904215,94402263
2020-07-31,11.027873992919922,11.168198803423897,10.93707591026467,10.961838880588715,114978452
2020-08-03,11.209470748901367,11.242488304488091,11.085655112251304,11.118672667838029,140905975
2020-08-04,11.589174270629883,11.679972361399523,11.12692765580103,11.275507065424716,244566325
2020-08-05,11.382813453674316,11.432340182139027,11.242488641425053,11.40757642430635,140568630
2020-08-06,11.473612785339355,11.523139519190638,11.267252837493679,11.407577665004796,133078468
2020-08-07,11.316779136657715,11.47361234462801,11.242489432334686,11.391068840980743,98244238
2020-08-10,11.514884948730469,11.572666269505959,11.242489880162706,11.283762027230704,157836835
2020-08-11,11.671717643737793,12.100945878479717,11.531392831733541,11.531392831733541,258529348
2020-08-12,11.87807846069336,11.96887655113732,11.67997231950545,11.729499051602602,158573570
2020-08-13,11.704734802246094,11.935857690017208,11.67171724685022,11.886330963323092,83079420
2020-08-14,11.944112777709961,11.977130334493651,11.60568262387696,11.638700180660653,108575485
2020-08-17,12.538429260253906,12.670500279439246,12.010148332315255,12.051420476610632,326802780
2020-08-18,12.464139938354492,12.629227722947133,12.307305952590996,12.546683437050488,132810703
2020-08-19,12.480648040771484,12.670499579157095,12.348577816086172,12.472393454928493,141169011
2020-08-20,12.04316520690918,12.497157193994706,11.993638479125039,12.389849939796262,132611771
2020-08-21,11.935857772827148,12.14221769228322,11.820295934539525,12.14221769228322,121714207
2020-08-24,11.927603721618652,12.142218236398387,11.894586164514129,11.968875864799472,91277308
2020-08-25,12.051420211791992,12.12570912525043,11.935858367744437,12.018402654521356,74832022
2020-08-26,11.861568450927734,12.059673790941405,11.787278751622447,12.051419992174653,72543372
2020-08-27,11.91934871673584,11.927603302522096,11.646953683394415,11.886331160791444,61013877
2020-08-28,12.488903999328613,12.530176145879347,11.770771483268433,11.770771483268433,241040002
2020-08-31,12.447630882263184,12.942895027855885,12.373341181704212,12.629227840607262,178034454
2020-09-01,12.480648040771484,12.571446123442477,12.282542703743516,12.348577816086172,80092958
2020-09-02,12.662245750427246,12.819078954818417,12.389850698926326,12.389850698926326,166226210
2020-09-03,12.29079818725586,12.653991331666601,12.249526042227194,12.64573674522073,126792559
2020-09-04,12.348579406738281,12.43112370139966,12.051421362918642,12.158727843897406,90988999
2020-09-07,12.33206844329834,12.579700504145423,12.241270362108011,12.282542503449294,102373781
2020-09-08,12.711771011352539,12.736534769032257,12.381595447629346,12.381595447629346,136946721
2020-09-09,12.596210479736328,12.8355879701575,12.48890322027847,12.596210479736328,99329847
2020-09-10,12.662245750427246,12.777806810336315,12.546683903317497,12.645736577754132,94833288
2020-09-11,12.398104667663574,12.629227563169234,12.23301609795889,12.530174893666809,94405105
2020-09-14,12.629227638244629,12.629227638244629,12.315560456022007,12.389850155390608,66219212
2020-09-15,12.670499801635742,12.777806270676255,12.505411230679712,12.54668337341872,64889067
2020-09-16,12.73653507232666,12.827333157712548,12.554938114354226,12.645736199740115,71576375
2020-09-17,12.827333450317383,12.975912854520503,12.711771604025992,12.827333450317383,97983103
2020-09-18,13.273070335388184,13.281324921330247,12.81082454344169,12.893368041260386,131177610
2020-09-21,13.050202369689941,13.248306927121979,12.967658082492651,13.207035570723997,88890365
2020-09-22,12.852095603942871,13.074964696062414,12.703516996397132,12.934639887068768,86273160
2020-09-23,12.909878730773926,13.06671194610653,12.802571462514466,12.868606583412483,59463942
2020-09-24,12.497157096862793,12.88511318148727,12.480647925329517,12.86860479715462,104553645
2020-09-25,12.53017520904541,12.637482467174072,12.472393893314186,12.546683594111002,60779133
2020-09-28,12.629227638244629,12.687008165664365,12.36508639746731,12.538428766927163,60859711
2020-09-29,12.233016967773438,12.720026551189099,12.18349102310106,12.703518165365207,116554714
2020-09-30,12.488903999328613,12.604465852230524,12.216508934174776,12.216508934174776,120908482
2020-10-09,12.521920204162598,12.835587381926008,12.488902647934903,12.629227458702761,89479293
2020-10-12,13.124489784240723,13.248305413691822,12.554936786684857,12.563191371901752,158102381
2020-10-13,13.264814376831055,13.297832717182635,13.02543691968602,13.12448957913908,90307948
2020-10-14,13.215291023254395,13.306089902564157,13.041948638536603,13.240054783357447,64946936
2020-10-15,13.652772903442383,13.966439285442076,13.330850361409729,13.372123289568389,159151532
2020-10-16,14.115019798278809,14.337888904820373,13.65277398702328,13.669281585195678,208464370
2020-10-19,14.420431137084961,14.940459034973944,14.280106323699188,14.280106323699188,200353352
2020-10-20,14.420431137084961,14.527739180827709,14.238834968045085,14.428685723096041,93980995
2020-10-21,14.80013370513916,14.85791423079918,14.304869582565605,14.560755442374798,123666615
2020-10-22,14.486466407775879,15.27063476891302,14.288361064566786,14.808388968091805,187954105
2020-10-23,15.023003578186035,15.50175855422574,14.469958901174538,14.469958901174538,168288783
2020-10-26,14.618537902832031,15.097294491725295,14.403924943233507,15.023004784786785,116835340
2020-10-27,14.701080322265625,14.85791430296258,14.445194461213621,14.85791430296258,101914778
2020-10-28,14.58552074432373,14.775371512857317,14.27185432563352,14.659810449297987,118958586
2020-10-29,14.684572219848633,14.800133267753518,14.321378330774596,14.478212306074939,83238251
2020-10-30,14.618537902832031,15.155075025032701,14.527740596663872,14.643301663278686,99628283
2020-11-02,14.55250072479248,14.899185450012556,14.304869452950095,14.569009896088966,96845277
2020-11-03,14.824895858764648,15.138563818018506,14.610282927992525,14.618535939298095,95786863
2020-11-04,15.122057914733887,15.254128165782966,14.824899062672666,15.146821677206182,124763640
2020-11-05,14.610284805297852,15.270636002680202,14.478214565821382,15.163329523506112,142946944
2020-11-06,14.560755729675293,14.651554600019029,14.214070994473438,14.61853625647539,84878153
2020-11-09,14.725845336914062,14.857915571598381,14.47821404048131,14.5855205157618,95142432
2020-11-10,14.948715209960938,15.270636226605227,14.800135794770815,14.85791632858887,102106281
2020-11-11,14.701080322265625,15.105545578251457,14.527738744443663,15.023002869422665,94013007
2020-11-12,14.577266693115234,14.808390403123935,14.403925091409812,14.70108234781932,67725848
2020-11-13,14.181055068969727,14.420431776296674,13.77658978290592,14.379160418813141,128918923
2020-11-16,14.337888717651367,14.387414660324744,13.949931039239468,14.098510441660933,75985693
2020-11-17,14.717588424682617,14.80013270191651,14.2388335060074,14.346139964330664,85293051
2020-11-18,15.237618446350098,15.27063679513339,14.651556925060413,14.676320686647882,137340072
2020-11-19,15.559539794921875,15.666846271013133,15.105546982163112,15.344925268337962,121174062
2020-11-20,15.567793846130371,15.675100318531735,15.287144211355916,15.543030087390974,67391922
2020-11-23,16.195127487182617,16.195127487182617,15.518265615682198,15.559538545018286,116585826
2020-11-24,15.980515480041504,16.24465597154607,15.823681472810097,16.195130022989346,67854323
2020-11-25,15.732879638671875,16.261162097034,15.724625053059833,16.07956436237152,55258501
2020-11-26,16.0960750579834,16.186873933913795,15.708118943883166,15.724626542269387,63965789
2020-11-27,16.26116371154785,16.508795006890658,15.997021668940443,16.508795006890658,75377374
2020-11-30,16.294179916381836,17.23518069525089,16.170364273015064,16.426250145893235,158144128
2020-12-01,16.55006217956543,16.929765187395578,16.013526792397656,16.26115959952192,126371975
2020-12-02,16.203380584716797,16.558319906886155,16.11258328849765,16.451013438844882,88938529
2020-12-03,16.129091262817383,16.39323169475524,15.823677904388507,16.327196586770775,71445230
2020-12-04,15.930984497070312,16.07130929950549,15.65858947756687,16.07130929950549,89134784
2020-12-07,15.609066009521484,16.005276723416983,15.419215239246736,15.939241604434402,87380661
2020-12-08,15.443976402282715,15.708118435125016,15.295398575210655,15.617319562135433,71964751
2020-12-09,15.443976402282715,15.724626032976586,15.419214218304699,15.510013091294281,67722115
2020-12-10,15.394451141357422,15.584301907465413,15.22936413472493,15.460486258890697,60786655
2020-12-11,15.28714370727539,15.518265816949997,15.039510851250936,15.443976117582789,88779387
2020-12-14,15.584300994873047,15.732880394222684,15.270634598558154,15.35317888424143,83599174
2020-12-15,15.468740463256836,15.559539338022597,14.981730893079053,15.518266406583,78885794
2020-12-16,15.691608428955078,15.765898125743707,15.336669116387462,15.518265278314532,68907042
2020-12-17,15.642085075378418,15.741136971205616,15.353180826146337,15.609066727168353,68614069
2020-12-18,15.155075073242188,15.765900329922998,15.047767018700117,15.683356035906357,105875636
2020-12-21,15.089037895202637,15.386195108976889,14.882677975503263,15.105545492233642,90687811
2020-12-22,14.775371551513672,15.394451378317887,14.758862378275888,15.155074663975661,102873751
2020-12-23,14.857914924621582,14.915695452979788,14.684573339546962,14.824896580187568,75008273
2020-12-24,15.072528839111328,15.262379588831266,14.899185686548718,14.981729969940377,63295012
2020-12-25,14.890934944152832,15.072531135763906,14.692828004066124,15.072531135763906,57707733
2020-12-28,15.559539794921875,15.567794381452186,14.8248973377381,14.874424856919973,127033706
2020-12-29,15.823680877685547,15.930987357922938,15.435724742179332,15.576049569813742,96309223
2020-12-30,15.848441123962402,15.848441123962404,15.452228915062511,15.683352572387356,97849778
2020-12-31,15.964001655578613,16.162106966501074,15.699861241015332,15.856693628161619,92450343
2021-01-04,15.353179931640625,15.765899813811602,15.221109695298026,15.765899813811602,155421643
2021-01-05,14.99824047088623,15.25412635512,14.692827067586778,15.188091237433822,182135210
2021-01-06,16.145599365234375,16.145599365234375,14.857913931963234,14.923949042018133,193494512
2021-01-07,16.426250457763672,16.49228557377312,15.873205770784027,16.112584050319125,158418530
2021-01-08,16.384979248046875,16.59133918423285,15.939241030172507,16.42625060552352,119547322
2021-01-11,16.822460174560547,17.037074682698574,16.508793785374976,16.508793785374976,179045714
2021-01-12,17.334232330322266,17.334232330322266,16.657372081709106,16.830713649299774,128816550
2021-01-13,17.08660125732422,17.342487106083425,16.838968419530413,17.334232520716846,104911973
2021-01-14,16.649120330810547,17.24343640224323,16.467524147028694,17.070094805142563,113015562
2021-01-15,17.334232330322266,18.118400613121118,17.185652944158175,17.334232330322266,248068898
2021-01-18,18.73748207092285,18.803517184831954,17.499322504326223,17.499322504326223,215730178
2021-01-19,18.440322875976562,18.853042722664664,18.20094460918485,18.580647686826566,124208834
2021-01-20,18.54762840270996,18.9603482284664,18.258725784201406,18.28348796613003,128079316
2021-01-21,18.349525451660156,18.820025862051228,18.283490333963186,18.572394564287947,94477860
2021-01-22,18.184436798095703,18.349523790189508,17.75520778472956,18.349523790189508,92443442
2021-01-25,18.56414031982422,18.654939198731064,17.689174600617598,17.928551316279155,102836527
2021-01-26,18.465087890625,19.24925470807599,18.40730578565792,18.40730578565792,112672055
2021-01-27,19.0511474609375,19.37306842742054,18.41555853917248,18.41555853917248,129415272
2021-01-28,18.82828140258789,19.133694821412462,18.531124145095347,18.803519216197706,85747696
2021-01-29,19.059404373168945,19.430852898609352,18.74573637959673,18.828280671294756,124025841
2021-02-01,20.264543533325195,20.62773743369961,18.737481383407964,18.98511265788069,147523930
2021-02-02,19.216236114501953,19.8930963930586,18.910822743386742,19.298778822110343,241616877
2021-02-03,20.594722747802734,20.78457351572394,19.29878099543276,19.38132528673806,192327159
2021-02-04,20.305818557739258,20.834099504151528,19.843572729628523,19.959133793055855,125524750
2021-02-05,20.578210830688477,20.891877206541523,20.033420784879738,20.305815807784107,101557559
2021-02-08,20.470903396606445,20.553447679334948,19.893096566309413,20.553447679334948,108426467
2021-02-09,20.289306640625,20.503921139680738,19.95087650829897,20.462649786724374,94209355
2021-02-10,19.66197395324707,20.60297473381616,19.2987800342339,20.30581750407932,191886710
2021-02-18,20.058183670043945,20.264543590823827,19.381323381790136,19.810552394868587,150523081
2021-02-19,19.686735153198242,19.967384748543545,19.45561149397237,19.777532440350342,92258314
2021-02-22,18.473339080810547,19.64546347258181,18.374287202295353,19.64546347258181,195684248
2021-02-23,18.10189437866211,18.72097420515862,18.011095500300836,18.473341329919165,187046013
2021-02-24,18.291744232177734,18.390797692196614,17.79648008088601,18.38254310599493,142849985
2021-02-25,18.233963012695312,18.6219191030756,17.895532863248377,18.48984887765247,159340347
2021-02-26,17.647899627685547,18.126654578079226,17.507574819411474,17.82949736451155,112497730
2021-03-01,17.7056827545166,17.89553351366233,17.482813650614403,17.779972455817337,112538653
2021-03-02,17.870771408081055,18.28349130930418,17.548850388935488,17.846009221624612,147342505
2021-03-03,18.993370056152344,19.051150590458697,17.713937416848378,17.81299088594604,191963527
2021-03-04,18.919078826904297,19.38957922488835,18.69620972015353,18.795263181287655,121357937
2021-03-05,18.440322875976562,18.968603775928926,18.044112201012286,18.737481669400402,88017141
2021-03-08,17.82950210571289,18.72923172018389,17.730448625249313,18.52287174575296,99377397
2021-03-09,17.210416793823242,18.093636955946348,16.987547713361945,17.895531631447806,136189533
2021-03-10,16.838970184326172,17.259944635734495,16.739918298348535,17.20216410651398,114941657
2021-03-11,17.557104110717773,17.64790141391959,16.971041061171896,16.987550234263644,104865939
2021-03-12,17.730443954467773,17.912041691745245,17.49932185160735,17.639646660230284,69720060
2021-03-15,17.82950210571289,18.258731230385628,17.425036744756465,17.66441349640748,95874870
2021-03-16,17.8790225982666,18.250471068557932,17.55710164028157,17.829496660361485,93968432
2021-03-17,17.49932098388672,17.78822359813674,17.251688147442344,17.705680893723112,82148865
2021-03-18,17.936805725097656,17.936805725097656,17.334235074184715,17.581866374055362,69161019
2021-03-19,16.89674949645996,17.870768560021627,16.814206788891326,17.771716681178773,152562227
2021-03-22,17.788227081298828,17.788227081298828,16.94627968084717,16.962787280321592,145119008
2021-03-23,17.524085998535156,17.870770766084195,17.301216882024754,17.80473564723683,68290338
2021-03-24,16.946277618408203,17.565357393796308,16.880242505342856,17.507575292263006,85008507
2021-03-25,17.127872467041016,17.193907575022237,16.838968279222744,16.987547665780777,49266574
2021-03-26,17.449796676635742,17.66441121120798,17.136130248815675,17.202165369114713,82210806
2021-03-29,17.73870086669922,17.870771106912777,17.499324146712684,17.565359266819467,78566668
2021-03-30,18.10189437866211,18.10189437866211,17.507576737608556,17.647901561257157,73865481
2021-03-31,18.16792869567871,18.21745463878114,17.82949853140966,17.969823348867656,77702807
2021-04-01,17.978078842163086,18.250473904571553,17.746955138688673,18.225710144570265,54444898
2021-04-02,17.74695587158203,17.936806649561202,17.63139480227323,17.912044462938738,58108352
2021-04-06,17.895532608032227,18.23396275265266,17.755207798721223,17.788224567405504,40110282
2021-04-07,17.86251449584961,18.101892763110317,17.590119459477826,18.06061983371988,51760459
2021-04-08,17.796480178833008,17.936804996231285,17.606629418353382,17.713935890763196,38302950
2021-04-09,17.581867218017578,17.92855199911884,17.40027102768891,17.920297412140062,39896028
2021-04-12,17.08660125732422,17.755206928005254,17.028819159758175,17.755206928005254,59474314
2021-04-13,17.152637481689453,17.235180191922545,16.99580349832428,17.103109966268065,49990418
2021-04-14,17.119619369506836,17.284707941007326,16.85547891462709,17.16089229958261,52821049
2021-04-15,16.781190872192383,17.1443848207215,16.574830924637432,17.136130233891127,72705005
2021-04-16,16.723407745361328,16.863732550913568,16.351959267605043,16.805952026462858,72999826
2021-04-19,17.45804786682129,17.532337559504025,16.43450291412721,16.533556362504576,111228262
2021-04-20,17.90378761291504,18.118402124791164,17.268198663251276,17.40026888988254,83477272
2021-04-21,18.993370056152344,19.1419494725981,18.3990539647708,18.407306977327583,159709965
2021-04-22,18.96860122680664,19.174961122418726,18.80351425495761,19.141944357809344,82969388
2021-04-23,19.224491119384766,19.52164833693798,19.042893380123136,19.249253302446796,82323015
2021-04-26,18.93558692932129,20.000403310726387,18.902568586008876,19.70324609292099,87241767
2021-04-27,18.93558692932129,19.14194685182008,18.869551817097726,18.943841515149394,47043140
2021-04-28,19.274019241333008,19.35656353448504,18.803518817088285,19.224493295202365,59383793
2021-04-29,19.472122192382812,19.571174072395593,19.075911523529204,19.2657622722214,61483688
2021-04-30,19.224491119384766,19.389578112602937,18.99336743959781,19.27401705991009,56198132
2021-05-06,19.3978328704834,19.56292143956717,19.067657306717127,19.067657306717127,50029522
2021-05-07,19.851825714111328,20.058185655315818,19.307035595283587,19.53815929621712,80221421
2021-05-10,19.69499397277832,19.84357338748283,19.001624420424918,19.810555040036736,66143890
2021-05-11,19.422595977783203,19.60419213817342,19.034638325747828,19.496885673943115,49722345
2021-05-12,19.439104080200195,19.513393778292276,18.886059424626538,19.22449114615782,53326526
2021-05-13,19.042892456054688,19.472121451515594,18.853041714585853,19.414340927973008,54965250
2021-05-14,19.400623321533203,19.492136204659143,18.801633799537054,19.2508755443387,56378536
2021-05-17,19.63356590270996,19.816590095399714,19.09281123572399,19.25919643268323,52756465
2021-05-18,19.883146286010742,20.057852583384598,19.467180875898457,19.84155037971236,39541498
2021-05-19,19.63356590270996,20.074488182094814,19.567011506569873,19.816590095399714,42942033
2021-05-20,19.81658935546875,19.833228350577983,19.359028097438248,19.47549788963905,40578837
2021-05-21,19.54205322265625,20.041211992453775,19.159365837440074,19.866505708972745,53933574
2021-05-24,19.533733367919922,19.633565754768792,19.292474278773252,19.533733367919922,34393563
2021-05-25,20.465497970581055,20.573648276255447,19.508777869189164,19.583651768033768,97237462
2021-05-26,20.80658721923828,20.898100104984128,20.382302367301044,20.498772158772557,91926378
2021-05-27,20.623563766479492,20.931377251087927,20.398942086285043,20.723394566489056,50409136
2021-05-28,20.38230323791504,20.557007932584682,20.099446657874886,20.532051025793,49240073
2021-05-31,20.13272476196289,20.407261845681386,19.891464083080166,20.24087506115661,51535081
2021-06-01,19.899782180786133,20.174319245187515,19.550371227295116,20.1327233453741,62501796
2021-06-02,19.874826431274414,19.8997849266755,19.450541530148435,19.874826431274414,49752702
2021-06-03,19.774995803833008,20.082809316013826,19.70012190372803,19.733398311117966,40090085
2021-06-04,20.41558074951172,20.764990130638704,19.79995061675349,19.958017898774223,75673942
2021-06-07,20.21591567993164,20.36566346207337,19.90810220489089,20.36566346207337,44791410
2021-06-08,20.407262802124023,20.440539208519382,19.92474300852593,20.091128214066828,57007792
2021-06-09,20.507091522216797,20.698435203178263,20.116084662845726,20.324067338703465,45383150
2021-06-10,20.13272476196289,20.84818412714268,20.09112727244071,20.515412144875107,53021516
2021-06-11,19.442222595214844,20.257514360689697,19.234239904831547,20.224236368573006,83466504
2021-06-15,19.31743049621582,19.492136770272904,18.96801953488356,19.42558237700875,66062259
2021-06-16,19.350709915161133,19.467179715278444,19.142727222504778,19.317431922680747,37820804
2021-06-17,19.217601776123047,19.70844107452329,19.151047375667865,19.151047375667865,45328209
2021-06-18,18.843231201171875,19.36734846313282,18.626929015401863,19.24255758100175,69409930
2021-06-21,18.435585021972656,18.859869888647626,18.310795728664008,18.801634990889053,71827274
2021-06-22,19.10944938659668,19.209281778073787,18.510459798080113,18.61861010096345,75775141
2021-06-23,19.25087547302246,19.475497137982085,18.901464523123664,19.009616400377638,44790778
2021-06-24,19.200960159301758,19.234238148379532,18.868188202433295,19.159364259736396,39028349
2021-06-25,19.433902740478516,19.633565929167844,19.184322564530373,19.20096156028331,55997295
2021-06-28,18.951383590698242,19.45886028349808,18.70180340659053,19.433903375834728,62625737
2021-06-29,18.5853328704834,18.95970233843671,18.30247629175911,18.784996057797844,104974939
2021-06-30,18.81827163696289,19.076169689172463,18.593649984982736,18.60196948173553,40343546
2021-07-01,19.30079460144043,19.550373199055993,18.735081420944322,18.976340520401767,66483330
2021-07-02,18.1444091796875,18.918105029643566,18.10281327697712,18.901466033846624,107067756
2021-07-05,18.352392196655273,18.427266092305263,17.545419927383396,18.044578702789323,85934129
2021-07-06,18.951383590698242,19.13440778961828,18.17768771749377,18.36903141456227,79195726
2021-07-07,18.76003646850586,19.17600181447523,18.71844056862167,18.868188347055742,46894487
2021-07-08,17.89483070373535,18.951383141834917,17.636932614369517,18.951383141834917,145705947
2021-07-09,17.695167541503906,17.99466153432306,17.48718485273244,17.72012444861601,76236474
2021-07-12,17.603652954101562,17.88650951051268,17.37903129104888,17.88650951051268,87790102
2021-07-13,17.570377349853516,17.753401535400254,17.087857599974022,17.59533425569331,65761395
2021-07-14,17.27088165283203,17.47054483192593,16.979705588276886,17.47054483192593,84795055
2021-07-15,17.98634147644043,18.069533272594345,17.162728730836836,17.2376026168008,95600305
2021-07-16,17.753402709960938,18.15272909763601,17.720124717597006,17.8116376098158,57300261
2021-07-19,17.64525032043457,17.82827609967422,17.287521433373918,17.770041201473227,52213595
2021-07-20,17.137771606445312,17.63693031086251,17.029619733984333,17.553736928996017,80403433
2021-07-21,17.012983322143555,17.304157795534724,16.805000648703082,17.12113361414858,75307652
2021-07-22,16.954748153686523,17.187689337220668,16.838278355310447,17.012984639656555,86864809
2021-07-23,16.7218074798584,16.95474706160657,16.63861409204181,16.95474706160657,72740433
2021-07-26,15.640296936035156,16.630294939333567,15.332483457549166,16.605336446436624,145130394
2021-07-27,14.775091171264648,15.798365672556685,14.641982370451801,15.698534865338086,135755148
2021-07-28,14.76677131652832,15.032988911729904,14.708536415925728,14.849964711724324,106299421
2021-07-29,14.941474914550781,15.174416086534906,14.791728718398755,14.89987901341665,87237812
2021-07-30,14.7168550491333,15.01634903274116,14.342485586146049,14.908198736090366,95015588
2021-08-02,14.983074188232422,15.091224496140269,14.29257167434727,14.675259088094222,115992263
2021-08-03,14.883240699768066,15.099542886490456,14.69189700693818,14.966434092627754,89694857
2021-08-04,14.816685676574707,15.032987854154577,14.64198098705746,15.008030948098924,72962008
2021-08-05,14.708534240722656,15.016347694609573,14.625340857829887,14.725173234657571,62157388
2021-08-06,14.858283042907715,14.891559446303267,14.517191577498286,14.60038337937812,56745413
2021-08-09,15.856598854064941,16.01466613292259,14.841643961297825,14.899878856986986,175279800
2021-08-10,16.41399383544922,16.621976529522673,15.723491354596636,15.881558646391428,130198844
2021-08-11,16.480546951293945,17.12113398000684,16.389035652036323,16.630294733256118,104830844
2021-08-12,16.547101974487305,16.888193452256942,16.330799790841343,16.46391016959283,66645800
2021-08-13,16.547101974487305,16.572060468024826,16.222649492409346,16.45559067174699,56288502
2021-08-16,16.59701919555664,16.80500188428902,16.280884620085512,16.71348899347654,62705022
2021-08-17,16.36407470703125,16.82163589509225,16.314159316118445,16.513822466551336,47602194
2021-08-18,17.1544132232666,17.636933007736534,16.264245963995393,16.364078354856975,133273216
2021-08-19,16.921472549438477,17.15441374399855,16.65525494810243,17.037942353327477,64997561
2021-08-20,16.156095504760742,16.69685018415193,15.557105925758783,16.613656790372822,161462793
2021-08-23,16.05626106262207,16.680209056041814,15.8981953801053,16.22264782891339,119184935
2021-08-24,16.106182098388672,16.61365884842002,15.981391198870309,16.09786259930197,86895330
2021-08-25,15.939793586730957,16.197691683728376,15.76508888492749,16.156095779522417,69808397
2021-08-26,15.357442855834961,16.02298849338598,15.315846947705229,15.973073086273862,95161900
2021-08-27,15.299206733703613,15.706852630746113,15.232652333916716,15.440635031598525,72882023
2021-08-30,14.741812705993652,15.21601457884676,14.600384411307362,15.14945859378778,125221101
2021-08-31,14.808368682861328,14.916520583329277,14.40072275161163,14.741814277489585,117486786
2021-09-01,14.874918937683105,14.908196924474511,14.15114017956923,14.542147003677774,231689409
2021-09-02,15.307524681091309,15.623659238135373,14.808365939872505,14.974752715872738,242260354
2021-09-03,15.00803279876709,15.390720215441572,14.725176192189378,15.390720215441572,139481871
2021-09-06,15.34912109375,15.473910373621589,14.791727495993905,14.916516775865494,151522556
2021-09-07,16.006345748901367,16.272563306896778,15.2659279673789,15.473910632910544,162234416
2021-09-08,15.998028755187988,16.2642463548403,15.889878450372507,16.00634825352488,102620105
2021-09-09,15.806684494018555,15.931473791088617,15.640297706737138,15.898197385701536,73950585
2021-09-10,17.11281394958496,17.279200721424296,15.67357424426758,15.715170143836486,231494528
2021-09-13,16.813322067260742,17.06290227953169,16.48055003768168,16.93811296678732,129722802
2021-09-14,16.114500045776367,16.86323743687804,16.031306649702394,16.78836353908967,115817315
2021-09-15,16.239290237426758,17.462227990427024,15.964753126068244,16.064583937408358,84161841
2021-09-16,15.873237609863281,16.222648565514877,15.582061549023306,16.056261791668643,117695356
2021-09-17,15.415677070617676,15.80668394431448,15.315844684364265,15.723490553566963,112487963
2021-09-22,14.958114624023438,15.016349523104925,14.492233844589546,14.866603319801953,147336521
2021-09-23,14.708534240722656,15.240969352385516,14.683575749820287,15.057945179446858,137983759
2021-09-24,14.433999061584473,14.7085361500207,14.425679563537072,14.641981752423494,126569628
2021-09-27,14.617021560668945,14.708534441780104,14.192736730219695,14.317526012873751,114066759
2021-09-28,14.949796676635742,15.116183479939338,14.517193844254276,14.533831255158912,129316747
2021-09-29,15.099542617797852,15.340803294119569,14.733492647798194,14.858283528258093,123012175
2021-09-30,14.916518211364746,15.141139888819266,14.733492435609833,15.04962700094181,79561105
2021-10-08,15.507186889648438,15.715169553240425,14.991390772538114,15.116180053336947,115920062
2021-10-11,16.13945770263672,16.422314310342056,15.806685689684008,15.806685689684008,145533835
2021-10-12,16.097858428955078,16.397352384577854,15.973069148547104,16.056260944297893,103123218
2021-10-13,16.289203643798828,16.563740721461315,15.948112171150948,16.056262467958984,80789668
2021-10-14,15.981389999389648,16.57206169595527,15.715172395724839,16.297524593828175,84298987
2021-10-15,16.355758666992188,16.555421859617226,15.806684490577835,15.806684490577835,99349378
2021-10-18,16.047945022583008,16.26424562247412,15.88987773486382,16.181053816415382,72962250
2021-10-19,16.280885696411133,16.372398593273513,15.931474692769974,15.931474692769974,68241515
2021-10-20,16.006345748901367,16.455589068104985,15.964749850507763,16.430630576999736,66295555
2021-10-21,16.638614654541016,16.688530054205692,16.01466660499573,16.239288283659697,162166101
2021-10-22,16.671894073486328,17.129455380964465,16.472229284162037,16.771724881366392,113496363
2021-10-25,16.738447189331055,16.805001585069107,16.222649432274668,16.397354126043826,73082823
2021-10-26,16.680208206176758,16.89651035662205,16.5886969174827,16.80499906792799,65280684
2021-10-27,16.572059631347656,16.78004230664731,16.35575745862219,16.55542063649603,68760019
2021-10-28,16.405672073364258,16.588697834432672,16.114497611267797,16.472226462812277,61901089
2021-10-29,16.2226505279541,16.422313728653535,16.072902730734008,16.330800833289686,53992976
2021-11-01,16.131134033203125,16.4139905677749,15.815001099330871,16.08121864086155,84149020
2021-11-02,15.124502182006836,16.21433108456371,14.9664348858738,16.114500277266476,199769050
2021-11-03,14.999711990356445,15.17441668616167,14.849964201505124,15.057946888958186,111497204
2021-11-04,14.86660385131836,15.057947551364807,14.808367363372787,15.04130855480893,98341098
2021-11-05,14.675257682800293,14.9747532556842,14.617022785135521,14.849963962576556,109603988
2021-11-08,14.492234230041504,14.816686726000436,14.442318827612906,14.658621020512872,137681482
2021-11-09,14.583745956420898,14.683576753289177,14.359124283294413,14.54214846874086,124057275
2021-11-10,14.475595474243164,14.53383037584148,14.275932274428051,14.525510877501427,122085088
2021-11-11,15.265929222106934,15.332483617075985,14.409039998446195,14.433998491602816,208472900
2021-11-12,15.199377059936523,15.49887108790216,15.066268250444647,15.232653468918405,95754646
2021-11-15,15.332483291625977,15.498868482125914,15.14113960849919,15.26592889806962,65508999
2021-11-16,15.157779693603516,15.423998901624067,15.11618378532834,15.27425109298194,60111048
2021-11-17,15.066267967224121,15.224333683785497,14.958116069806188,15.099544375580463,66464038
2021-11-18,14.808368682861328,15.074587891130486,14.750133776508827,15.049629394072761,79984377
2021-11-19,15.099542617797852,15.174416511361008,14.725174736764028,14.80836654136135,78637156
2021-11-22,15.074585914611816,15.182736214117348,14.891560133750483,14.999712020037995,73861780
2021-11-23,14.874918937683105,15.265927348573396,14.708533764071314,15.066264188170198,123597796
2021-11-24,14.86660385131836,14.93315825075982,14.69189756104574,14.783410455321018,74131084
2021-11-25,14.708534240722656,14.800047120582885,14.666936755885372,14.7584496357456,60353270
2021-11-26,14.625340461730957,14.700214345628456,14.575425068059873,14.658618448699514,69449988
2021-11-29,14.567108154296875,14.617023556818749,14.44231885460117,14.483914758905726,51259471
2021-11-30,14.508872985839844,14.70853617902519,14.433999090047589,14.592066379695908,73361606
2021-12-01,14.675257682800293,14.783409567133683,14.450637589919314,14.50055298980598,70692519
2021-12-02,14.633663177490234,14.816687385732502,14.450638969247967,14.658621673206857,99479835
2021-12-03,14.683577537536621,14.725175027438373,14.483914346354181,14.67525803955627,70759974
2021-12-06,15.05794620513916,15.440633571018656,14.808366039460356,14.849963527131111,214562528
2021-12-07,15.357442855834961,15.532149160900644,15.099544734509811,15.224334045681195,161644387
2021-12-08,15.365760803222656,15.43231520157905,15.107862707939388,15.349123393720076,98028118
2021-12-09,15.557106971740723,15.856600987987177,15.282569864558573,15.38240067438002,145588668
2021-12-10,15.290884017944336,15.557103147857363,15.199372729231527,15.399035886580005,98925513
2021-12-13,15.199377059936523,15.706853801080987,15.124503156249572,15.365762278410283,131449027
2021-12-14,14.625340461730957,15.116179662044903,14.575425068059873,15.107860165302762,193720890
2021-12-15,14.600383758544922,14.691896647127587,14.475594465702528,14.567107354285193,129462741
2021-12-16,14.741812705993652,14.750132204126025,14.52551051489803,14.600384411307362,81947951
2021-12-17,14.617021560668945,14.766769334566543,14.617021560668945,14.725173435942464,60236967
2021-12-20,14.575428009033203,14.683578314939655,14.51719310686957,14.60870441593439,74643520
2021-12-21,14.633663177490234,14.733493986792524,14.542150279978047,14.550469778550257,89373404
2021-12-22,14.46727466583252,14.675257345154009,14.39240077433423,14.658619936762545,97692775
2021-12-23,14.409039497375488,14.442317487093751,14.317526612432152,14.392400502516358,105957594
2021-12-24,14.40071964263916,14.433997631531739,14.317526257189561,14.41735863708545,48825149
2021-12-27,14.325845718383789,14.433997595230824,14.275930321952304,14.41735860082638,73111899
2021-12-28,14.284249305725098,14.417358082612525,14.217694917281383,14.325845203459249,112663891
2021-12-29,13.934839248657227,14.275930709293748,13.893243348299361,14.275930709293748,146937398
2021-12-30,13.993074417114258,14.101226299007608,13.909881027992125,13.943159018353745,79666360
2021-12-31,13.710219383239746,14.059630387300126,13.643664981836915,14.026353979989759,175076089
2022-01-04,13.859966278076172,13.859966278076172,13.460639895734042,13.710218488002376,116925933
2022-01-05,14.267611503601074,14.325846400005588,13.768452755190784,13.79341124798497,196199817
2022-01-06,14.242654800415039,14.367444092599227,14.142822414598525,14.2343353026985,110788519
2022-01-07,14.309209823608398,14.375764221480818,14.192738437245154,14.22601642957237,112663070
2022-01-10,14.300890922546387,14.492234626069875,14.167782121244649,14.384084320055493,90977401
2022-01-11,14.483915328979492,14.592067223279354,14.259293628617097,14.359126024372195,158199940
2022-01-12,14.142824172973633,14.517193682853437,14.059630772246772,14.483915687849837,150216355
2022-01-13,14.126181602478027,14.342483754944809,13.993072829695661,14.067946712733459,90942265
2022-01-14,13.585428237915039,14.159460863962682,13.560469745727966,14.1428218691713,210309491
2022-01-17,13.493916511535645,13.710218702043326,13.410724704002089,13.602068400180492,114368943
2022-01-18,13.74349594116211,13.760134936469596,13.444000372755065,13.518874264856827,115297431
2022-01-19,13.726858139038086,13.884925434635079,13.610388335325599,13.760136132545691,98839185
2022-01-20,14.41736125946045,14.525511569469103,13.66030432905346,13.701900235953218,303119377
2022-01-21,14.433999061584473,14.608703760233889,14.31752767570286,14.517192455276483,148168295
2022-01-24,14.309209823608398,14.458956028734836,14.126184039372735,14.42567962318963,87477087
2022-01-25,14.018033981323242,14.209377680181747,13.98475598841809,14.209377680181747,109328397
2022-01-26,13.851645469665527,14.226014909432909,13.760134174108266,14.101225625104396,98497522
2022-01-27,13.560470581054688,13.76013535728689,13.5188746782958,13.726857365654197,102464311
2022-01-28,13.169463157653809,13.685260899242623,13.161143660088289,13.635343913849507,167556367
2022-02-07,13.635343551635742,13.651982546324776,13.219378998492022,13.327530083797946,151547630
2022-02-08,14.001394271850586,14.117864067523323,13.527194004575065,13.56047040900358,175469528
2022-02-09,14.02635383605957,14.142823640623854,13.901562946275462,14.076269239903965,105116166
2022-02-10,14.134503364562988,14.16778135648315,13.86828577632965,13.951479169348065,78455735
2022-02-11,14.2260160446167,14.425679232831078,14.167781146401918,14.167781146401918,107813914
2022-02-14,13.793411254882812,14.267611510736055,13.735176358449175,14.226015609506861,115065851
2022-02-15,13.543831825256348,13.868284277502491,13.39408405136372,13.726856000690768,120826437
2022-02-16,13.651984214782715,13.751816608335929,13.485597421121378,13.602068811397139,78239959
2022-02-17,13.660303115844727,13.768453416248258,13.577109722651706,13.635344621852221,79450184
2022-02-18,13.951478004455566,13.951478004455566,13.568789063236643,13.577108560522039,80249940
2022-02-21,13.735177040100098,13.868285834777755,13.577109751377128,13.859966336762652,80099455
2022-02-22,13.502235412597656,13.676941691613319,13.444000515186415,13.568789807750779,89495673
2022-02-23,13.468960762023926,13.568791574360262,13.344171453212429,13.560472075535207,88674244
2022-02-24,13.236019134521484,13.435682339629404,13.14450703052812,13.419043342508218,132408685
2022-02-25,13.227697372436523,13.37744514733814,13.20273967441656,13.302571259887332,72639707
2022-02-28,13.102909088134766,13.244337376684324,12.994757997279752,13.227698381141565,72399045
2022-03-01,13.24433708190918,13.269294781276868,12.994757708059419,13.13618599346125,93504034
2022-03-02,13.04467487335205,13.202741372327525,13.028035876938308,13.136186973454587,76076086
2022-03-03,13.069632530212402,13.152825925216655,13.003078131565406,13.086270733178644,57828505
2022-03-04,12.753498077392578,13.003077456048539,12.711901382051423,12.994757958302113,99093566
2022-03-07,12.246020317077637,12.620388979236244,12.196104125207377,12.620388979236244,111315899
2022-03-08,11.904928207397461,12.362489440054963,11.855012018228708,12.162826270161771,100303269
2022-03-09,11.513920783996582,12.021398215196873,10.99812385554934,11.97980152235303,180076017
2022-03-10,12.121230125427246,12.27097790630454,11.721903767609058,11.796777658047704,224915816
2022-03-11,12.395768165588379,12.462322563770492,11.771820087587802,11.97980278025466,149364697
2022-03-14,12.05467700958252,12.420727003087736,12.021399809572138,12.171147606314367,111840734
2022-03-15,11.380813598632812,11.979803203430617,11.314259198099723,11.979803203430617,178140887
2022-03-16,11.904928207397461,11.979801301064224,11.23938351436258,11.530558772109089,153177906
2022-03-17,12.02139949798584,12.237701689142426,11.846694004111828,12.19610499185985,173006142
2022-03-18,12.229382514953613,12.354172610106923,11.763501714542807,11.94652591800868,152880713
2022-03-21,12.137868881225586,12.32921255889589,11.971482902079467,12.0629949922621,120886805
2022-03-22,12.628708839416504,12.661986037155256,12.062995684466744,12.137869577726681,162865658
2022-03-23,12.478961944580078,12.637028446786037,12.39576854759313,12.570474046552892,105010238
2022-03-24,12.645346641540527,12.736859527470214,12.32089417219986,12.412406264738596,100235995
2022-03-25,12.462322235107422,12.68694391809147,12.32921344225361,12.603750525862344,74293335
2022-03-28,12.354171752929688,12.520557741531942,12.17114676877172,12.312575057431381,72713699
2022-03-29,12.212743759155273,12.437364650844199,12.14618936210737,12.379129751775032,61564315
2022-03-30,12.653667449951172,12.703583646846837,12.279298750102292,12.362491353740356,123679155
2022-03-31,12.795095443725586,12.953161942242026,12.52887784900694,12.562155048346773,116374674
2022-04-01,13.102909088134766,13.13618628582931,12.645347024791548,12.786775313341105,148487874
2022-04-06,13.635343551635742,13.760134425021633,13.003076827880179,13.011396325224696,248854005
2022-04-07,13.543831825256348,13.859964780421588,13.477277435390937,13.627023622501744,165906455
2022-04-08,13.64366340637207,13.685260894184292,13.41904173253181,13.527193614061675,106677946
2022-04-11,13.352487564086914,13.643663636557314,13.144505675253589,13.60206773482523,141673536
2022-04-12,13.24433708190918,13.527193652712844,13.028034905013323,13.352487376966149,103926142
2022-04-13,13.144506454467773,13.377446850218357,13.077952055681893,13.219380351449644,89062806
2022-04-14,13.344170570373535,13.518875273794887,13.244338177859872,13.310892577274965,92961494
2022-04-15,13.660303115844727,13.75181600703525,13.194421542067602,13.227698740666611,123176103
2022-04-18,13.227697372436523,13.477277526199826,13.152824278376631,13.435680040515027,108688756
2022-04-19,13.152825355529785,13.285934147058452,12.994758070546258,13.227698455721425,82177249
2022-04-20,13.186102867126465,13.352488067104838,13.061312777056187,13.152825668452591,71655528
2022-04-21,13.152825355529785,13.294252851485759,13.061312466310591,13.119548157647618,70989116
2022-04-22,13.360808372497559,13.46896026646188,12.811734164503282,13.011398162002967,90573108
2022-04-25,12.354171752929688,13.236017889217118,12.295936061875667,13.036354702894414,166448098
2022-04-26,12.254340171813965,12.46232286958453,12.02139977246042,12.37913026651092,98820956
2022-04-27,13.019716262817383,13.019716262817383,12.445684379301127,12.462322582175723,149029503
2022-04-28,13.019716262817383,13.252657450189815,12.786775868835962,12.953161864536977,91177187
2022-04-29,12.745179176330566,13.09459016412891,12.454003882092621,13.052993466840343,164501308
2022-05-05,12.745179176330566,12.853330271924436,12.603750881584046,12.645347578872613,79019620
2022-05-06,12.445685386657715,12.64534859765972,12.404088686017861,12.495601586103753,83243182
2022-05-09,12.104592323303223,12.42904480138893,12.029718430393915,12.42904480138893,81862135
2022-05-10,12.137868881225586,12.146188378530624,11.73854173788397,12.0629949922621,99228502
2022-05-11,12.171147346496582,12.345852841169394,12.013080054778268,12.096273449723803,84857362
2022-05-12,11.963164329528809,12.112912119031307,11.921567633179116,12.046356928837202,68506423
2022-05-13,12.154507637023926,12.196104332056139,12.054676044981193,12.06299554266583,67631191
2022-05-16,11.98812198638916,12.254339572633548,11.938206585663833,12.196104673990336,66822782
2022-05-17,12.237700462341309,12.246019959642016,11.913247208132116,12.071314483281824,93140639
2022-05-18,12.270978927612305,12.387449521698542,12.204424529103315,12.354172322444049,77857833
2022-05-19,12.162827491760254,12.229381888409177,12.062995896786868,12.104592593040193,59092172
2022-05-20,12.495599746704102,12.51223794847619,12.204423678478427,12.229381377832041,94859778
2022-05-23,12.337532997131348,12.53719618733414,12.279298098336614,12.53719618733414,64772592
2022-05-24,11.979803085327148,12.370810779647558,11.979803085327148,12.370810779647558,93355706
2022-05-25,11.971484184265137,12.054676786052934,11.896610287282408,12.004761383658458,60322826
2022-05-26,11.805096626281738,12.004760603049547,11.705265034593316,11.988121607739329,101131756
2022-05-27,11.796777725219727,11.938206009433378,11.738542035996431,11.888289817726404,72306674
2022-05-30,11.713583946228027,11.879969924051252,11.680306750663382,11.863331722964393,89690123
2022-05-31,11.780138969421387,11.796777964791938,11.647030180020845,11.70526507703584,93886855
2022-06-01,11.713583946228027,11.763500136270457,11.647029555098737,11.763500136270457,84529898
2022-06-02,11.60543441772461,11.671988817773915,11.547199516029222,11.663670112811026,97926822
2022-06-06,11.788458824157715,11.788458824157715,11.34753574756592,11.57215663813495,171085175
2022-06-07,11.780138969421387,11.855012861806932,11.63871068233557,11.663669175391398,131511262
2022-06-08,11.780138969421387,11.788458467106661,11.655349677706122,11.780138969421387,114552124
2022-06-09,11.938207626342773,12.029719731243839,11.730224920611304,11.763502121792698,163290134
2022-06-10,11.913248062133789,11.92156756003088,11.755181569044009,11.86333266153322,134601231
2022-06-13,11.572155952453613,11.805096327157559,11.547198253511642,11.796777623104198,154775285
2022-06-14,11.746861457824707,11.755180955287424,11.4057699957628,11.4057699957628,115142939
2022-06-15,12.262659072875977,12.570473355377148,11.696946701999416,11.730223900286273,341354371
2022-06-16,12.013079643249512,12.337532920353176,11.996441440864984,12.262659026145332,133254631
2022-06-17,12.02139949798584,12.087953896281556,11.81341680496397,11.913248402407547,105378794
2022-06-20,11.929886817932129,12.013079415056469,11.863332422876267,12.013079415056469,103216680
2022-06-21,11.95484447479248,12.171146654642628,11.838373887167563,11.929886775083915,132179398
2022-06-22,11.713583946228027,11.946524315180543,11.713583946228027,11.946524315180543,105604592
2022-06-23,11.813416481018066,11.838374181346822,11.696946683889886,11.72190438421864,80602803
2022-06-24,11.838374137878418,11.855013133630484,11.738542543538975,11.813416437641303,86604061
2022-06-27,12.05467700958252,12.112912704643959,11.830056107860209,11.846694311169884,149727818
2022-06-28,12.171147346496582,12.204424545796593,11.988122353651013,12.038038549296536,112511048
2022-06-29,12.179466247558594,12.395767635708763,12.104592354456583,12.187784951932503,126654728
2022-06-30,12.462322235107422,12.495600226711863,12.104592552660552,12.171146949087458,154874501
2022-07-01,12.412407875061035,12.537197180475287,12.345853473054627,12.478962277067444,77924332
2022-07-04,12.429044723510742,12.46232192088515,12.270978234330041,12.437364221202087,83496807
2022-07-05,12.40408706665039,12.70358263744499,12.329213173951741,12.470641461628976,111517210
2022-07-06,12.0879545211792,12.420727323251784,12.029719618007693,12.337533924385875,104333523
2022-07-07,11.996441841125488,12.187785538582162,11.963164641855155,12.096273438936494,73016098
2022-07-08,12.096272468566895,12.187784560871414,11.954844184665673,12.062995271966075,63969823
2022-07-11,12.029718399047852,12.121230493814679,11.94652500861185,12.06299559654406,61169194
2022-07-12,11.996441841125488,12.254339937122833,11.963164641855155,11.988122342960152,74288242
2022-07-13,11.62207317352295,12.038038561904248,11.555518774853223,11.996441864387915,217599606
2022-07-14,11.12291431427002,11.405770903383273,11.056359916054078,11.397451405258527,263212087
2022-07-15,11.014763832092285,11.280982233169347,10.998125628307436,11.21442703785679,159863740
2022-07-18,11.13955307006836,11.181148973012204,10.989805280619347,11.023082479009016,115350581
2022-07-19,11.164511680603027,11.172831179226367,11.048041080049426,11.097957278398415,75559710
2022-07-20,11.13955307006836,11.206107466847701,11.10627587167869,11.17283026845803,80145866
2022-07-21,10.823419570922852,11.097956663144728,10.80678057459861,11.081317666820487,197038789
2022-07-22,10.847128868103027,10.948741216282476,10.686242044494863,10.8725317532621,137650974
2022-07-25,10.855595588684082,10.880999280521763,10.728580359668209,10.83866060166876,76395581
2022-07-26,10.931804656982422,10.931804656982422,10.762450755188341,10.796321535547158,102404881
2022-07-27,10.830192565917969,10.906402025370355,10.779385990435337,10.8809991414006,92391408
2022-07-28,10.906401634216309,10.931804517275,10.821724280629885,10.847127971231668,75034652
2022-07-29,10.737048149108887,10.923337042122075,10.71164445752635,10.90640205527684,83149747
2022-08-01,10.516887664794922,10.720112352147693,10.49995187041063,10.720112352147693,102573271
2022-08-02,10.381404876708984,10.449146441357726,10.11043781057087,10.347534094384613,137300930
2022-08-03,10.186647415161133,10.389872919492902,10.169712427533662,10.322130546353538,74613653
2022-08-04,10.29672622680664,10.30519412321238,10.178178907298511,10.245920463458313,60267562
2022-08-05,10.42374324798584,10.440678234875222,10.144308292651358,10.271324328265782,76529787
2022-08-08,10.330597877502441,10.46608100126618,10.296727096561506,10.372936555564388,55199969
2022-08-09,10.262857437133789,10.34753480251113,10.228986652491495,10.339066904464755,55844757
2022-08-10,10.212051391601562,10.36446951465552,10.178180607862553,10.262857163438488,68302321
2022-08-11,10.457613945007324,10.491484726056175,10.195114786221396,10.228985567270245,139930361
2022-08-12,10.483017921447754,10.5084208079961,10.330598987071275,10.38140556771117,82050356
2022-08-15,10.254388809204102,10.466081400036463,10.23745382185995,10.406807733017208,117201000
2022-08-16,10.271324157714844,10.330597822158152,10.245921274031012,10.254388363563548,63122370
2022-08-17,10.49995231628418,10.51688811138764,10.220518157422353,10.288259722749876,134850658
2022-08-18,10.372936248779297,10.618499605224185,10.29672679203035,10.567693031543858,126970094
2022-08-19,10.643903732299805,10.79632266361167,10.356001665396583,10.389873256837609,210641724
2022-08-22,10.584630012512207,10.7370489431062,10.50842054721521,10.65237157998883,113807658
2022-08-23,10.449146270751953,10.576161500508746,10.398339694323354,10.542290718737393,92146307
2022-08-24,10.49995231628418,10.618500459378927,10.440678648508385,10.440678648508385,129537533
2022-08-25,10.68624210357666,10.720112886490407,10.415275840266686,10.499952393779472,106401061
2022-08-26,10.677773475646973,10.796321611508466,10.550758250293528,10.737047947349273,92763426
2022-08-29,10.516887664794922,10.6354358028556,10.423743218310683,10.584629227245845,92449065
2022-08-30,10.567693710327148,10.618500287270882,10.39833979975328,10.52535583834104,79971238
2022-08-31,10.796321868896484,10.821724753064165,10.466081144544125,10.483016939017997,165304158
2022-09-01,10.677773475646973,10.830192392105593,10.652370592084905,10.711644256244098,86198195
2022-09-02,10.593097686767578,10.745515806601638,10.525356120720625,10.686242138196345,78636281
2022-09-05,10.643903732299805,10.669307425880573,10.474549812810611,10.550759278466545,63203998
2022-09-06,10.584630012512207,10.720113147465455,10.525356342855957,10.65237157998883,73129499
2022-09-07,10.440678596496582,10.516888058996187,10.398339916492006,10.516888058996187,97981281
2022-09-08,10.466081619262695,10.533823185144538,10.415275848622896,10.432210836321774,62111692
2022-09-09,10.770919799804688,10.787854788016967,10.466081936551785,10.49995272051953,195129731
2022-09-13,10.965676307678223,11.024950783668046,10.720112928700862,10.906402639231567,172268989
2022-09-14,10.779385566711426,10.897933699815507,10.753982683740226,10.79632136038762,85803584
2022-09-15,11.008014678955078,11.092692037964298,10.813257883794273,10.838660768479782,184101788
2022-09-16,10.635436058044434,10.96567598103075,10.635436058044434,10.940273096387912,135744781
2022-09-19,10.643903732299805,10.728581095815994,10.567694266643871,10.618500846262222,63212104
2022-09-20,10.449146270751953,10.694709640480054,10.432210476094708,10.67777384582281,88998853
2022-09-21,10.52535629272461,10.567694166538459,10.330598681499543,10.423743941993644,68419739
2022-09-22,10.406806945800781,10.466080608336316,10.372936166131463,10.440677725470099,58613338
2022-09-23,10.406806945800781,10.525355078414938,10.356000372525262,10.364468269328363,58644106
2022-09-26,10.161245346069336,10.39834084469885,10.152777447803903,10.296728488143344,90372904
2022-09-27,10.288259506225586,10.296727403599101,10.000358263414288,10.161244275795399,78962229
2022-09-28,10.254388809204102,10.372936950785757,10.09350279549049,10.23745382185995,78092558
2022-09-29,10.042696952819824,10.398340596030774,10.008826168111316,10.372937709385193,91771804
2022-09-30,10.025762557983398,10.127374918126618,10.017294659418983,10.05116544613339,53723019
2022-10-10,9.712455749511719,9.966487005791036,9.703987852542351,9.907212534548563,96608018
2022-10-11,9.72092342376709,9.805600783468913,9.661649756501705,9.771730001096813,41525337
2022-10-12,9.82253646850586,9.83947145573082,9.610843879163433,9.695520430374518,55957243
2022-10-13,9.602376937866211,9.77173086469371,9.576974050727893,9.74632797755539,85261597
2022-10-14,9.763261795043945,9.847939152069486,9.653181553927991,9.695520232440762,109606158
2022-10-17,9.72092342376709,9.754795013682338,9.602376089236317,9.670117653980517,102482271
2022-10-18,9.72092342376709,9.856407360798636,9.703988436352615,9.780197898575626,94683709
2022-10-19,9.560037612915039,9.729391528381017,9.551569715255948,9.670117859853717,92398968
2022-10-20,9.4838285446167,9.576973807665222,9.449957760110836,9.509231431110296,78192323
2022-10-21,9.3906831741333,9.526166298955998,9.373747379758901,9.492295517750323,78557429
2022-10-24,8.992701530456543,9.399151741446193,8.984233632665612,9.390683843655264,138339065
2022-10-25,9.018104553222656,9.153588497305266,8.975766678711484,9.060443235277022,131697940
2022-10-26,9.026572227478027,9.085845896359517,8.984233546472748,9.009637239601819,114382988
2022-10-27,9.043508529663086,9.11971799823446,9.026572733294683,9.06044351848827,95738346
2022-10-28,8.823347091674805,9.060442563027216,8.814879194383579,9.001168897074898,105794701
2022-10-31,8.755606651306152,8.848751110825685,8.653994293409415,8.747138752928947,98309569
2022-11-01,9.035039901733398,9.04350779923366,8.772540732027318,8.789476527027844,138123413
2022-11-02,9.001169204711914,9.043507885071941,8.87415316363183,8.984233409550638,130298818
2022-11-03,8.840282440185547,8.950362686843178,8.78947666944705,8.924959801473928,98353561
2022-11-04,9.162055015563965,9.187458707736186,8.797944310736698,8.806411400584297,177611223
2022-11-07,9.212861061096191,9.238263944260387,9.085845030189024,9.15358739786537,98808204
2022-11-08,9.187458038330078,9.246731700660245,9.128183568456828,9.221328817882043,58322205
2022-11-09,9.221329689025879,9.382215705210927,9.162055213552938,9.178991008700395,83210685
2022-11-10,9.20439338684082,9.229796270619492,9.051974469082564,9.136651825068954,55202119
2022-11-11,9.67858600616455,9.873342812068113,9.322942370777604,9.424554722667704,254507055
2022-11-14,10.118906021118164,10.398340185825743,9.90721342315526,9.90721342315526,387208410
2022-11-15,10.16971206665039,10.313663090319853,10.017293145696105,10.042696030007441,157390134
2022-11-16,10.00882625579834,10.203583875235937,9.983423368930206,10.135842305225438,127869288
2022-11-17,9.898744583129883,10.025760614342424,9.805600139608497,10.000357731117155,109104716
2022-11-18,9.814067840576172,9.974953841181302,9.797132047068747,9.941083061709534,86809329
2022-11-21,9.703989028930664,9.737859813371097,9.50076432228807,9.72092401737928,104773707
2022-11-22,10.00882625579834,10.101971520220188,9.687053394476857,9.70398919075109,149132388
2022-11-23,10.00882625579834,10.203583875235937,9.924149697056821,9.97495547079309,124765653
2022-11-24,9.966486930847168,10.152775817513831,9.898744563144723,10.093502154260173,79671882
2022-11-25,10.305195808410645,10.35600158006719,9.96648797222308,9.983422960260867,176072817
2022-11-28,10.000358581542969,10.093503032985316,9.898745424914562,10.076567237699525,133156295
2022-11-29,10.999547004699707,10.999547004699707,10.271324771110498,10.29672765631137,474927650
2022-11-30,11.033417701721191,11.295916871900372,10.855595891610948,10.923337456648836,320962830
2022-12-01,11.092692375183105,11.566883338929378,11.067288682182179,11.329787857056242,200268883
2022-12-02,10.923337936401367,11.135030538328085,10.745516118481197,11.12656344798384,140420278
2022-12-05,11.456803321838379,11.490674105642935,11.016483132379147,11.084224699988258,228762742
2022-12-06,11.372126579284668,11.566883381075732,11.21970765089641,11.295917115090539,125257891
2022-12-07,11.135029792785645,11.32131949612028,11.033417447569425,11.28744871438154,137737690
2022-12-08,11.312850952148438,11.448334878902164,11.10962627333248,11.135029156298703,106572280
2022-12-09,11.600753784179688,11.643092463738274,11.304384642355872,11.346722514371313,161583192
2022-12-12,11.10115909576416,11.49914138988886,11.05882122392499,11.49914138988886,139258428
2022-12-13,11.211238861083984,11.312851202742808,11.126562313473185,11.135029402954089,90228513
2022-12-14,11.20277214050293,11.346723174855518,11.075756901976854,11.20277214050293,97406110
2022-12-15,11.092692375183105,11.245110495472822,10.957208435141,11.126563158307839,83534926
2022-12-16,11.295915603637695,11.346721367940255,11.024949373909207,11.024949373909207,92425167
2022-12-19,11.041886329650879,11.405997871472652,10.965676862056256,11.287449721042883,103086606
2022-12-20,10.804790496826172,11.075756766387672,10.728581031626204,10.982612313111701,89621223
2022-12-21,10.914870262145996,10.99954681386084,10.787854223259009,10.880999479951429,61458964
2022-12-22,10.965676307678223,11.13503022291379,10.92333762698354,11.008014988372906,67239430
2022-12-23,10.991079330444336,11.058821704928373,10.838661208598989,10.88099988982282,56442641
2022-12-26,10.813258171081543,11.041885754411597,10.76245159281755,10.99954707378213,79711987
2022-12-27,11.10115909576416,11.194304351913875,10.897934403780836,10.897934403780836,88600412
2022-12-28,11.12656307220459,11.329787769380333,11.008014928413827,11.14349805986432,79119198
2022-12-29,11.033417701721191,11.118095061790129,10.880999584157522,11.067288484240136,66689009
2022-12-30,11.143498420715332,11.245110772593636,10.974144500918161,11.04188606883703,81803598
2023-01-03,11.660028457641602,11.727770023074582,11.050353561201629,11.177368794502675,219412794
2023-01-04,12.125751495361328,12.210428855765288,11.541480292712102,11.609221858018008,218968253
2023-01-05,12.261234283447266,12.481394768312706,12.168089835639488,12.193492720033767,166542518
2023-01-06,12.379781723022461,12.46445907627176,12.26123358998206,12.278169383649155,119574471
2023-01-09,12.532201766967773,12.5999433326641,12.295106287030633,12.48986308652178,105765911
2023-01-10,12.227363586425781,12.608410892694723,12.185025714656469,12.4983306494996,126942339
2023-01-11,12.422121047973633,12.515265495374718,12.185025577061603,12.235831345628329,83056612
2023-01-12,12.422121047973633,12.506798405642352,12.303572908746052,12.506798405642352,62569484
2023-01-13,12.659215927124023,12.659215927124023,12.320508127368482,12.422120467295144,94908583
2023-01-16,12.76929759979248,12.938651518713499,12.574540794919107,12.659217350608024,156003989
2023-01-17,12.676152229309082,12.85397403319874,12.506798322638723,12.81163535464537,93583454
2023-01-18,12.794699668884277,12.853974142379723,12.625345760775435,12.659216542397203,71843403
2023-01-19,12.777765274047852,12.913248406814075,12.591475562722708,12.811636057239408,64187520
2023-01-20,12.811635971069336,12.904780422333841,12.701555724551378,12.837038856406354,60859008
2023-01-30,12.828571319580078,13.32816598800365,12.608411627895387,13.209618648068014,137431750
2023-01-31,12.693087577819824,13.133408555250254,12.667684692981345,12.904780169074495,103049784
2023-02-01,12.447524070739746,12.769296902900322,12.286638058431027,12.72695822359493,165342148
2023-02-02,12.362847328186035,12.515265440764269,12.083413179658958,12.481394659353201,157790039
2023-02-03,12.125751495361328,12.320509101273176,11.990268364749516,12.235831740869214,124638298
2023-02-06,11.854784965515137,11.96486520852867,11.736236825144456,11.939462324000358,131761010
2023-02-07,12.032607078552246,12.125751529222182,11.880188152416753,11.905591845134776,86946046
2023-02-08,11.888655662536621,12.125751134042401,11.880187765239917,12.058009570755036,65789257
2023-02-09,11.964864730834961,12.108815749986752,11.820913711683172,11.863252389235424,83035002
2023-02-10,11.837848663330078,11.95639679861878,11.736236322029665,11.939461812173596,84728366
2023-02-13,11.70236587524414,11.803978219441639,11.51607698132029,11.803978219441639,180005416
2023-02-14,11.820913314819336,11.837848300745813,11.685430197235195,11.72776887336601,90993709
2023-02-15,11.575350761413574,11.820914130873,11.533012082359921,11.812446233553642,125024398
2023-02-16,11.516077041625977,11.778575396958345,11.431399683913073,11.583818604779049,127912329
2023-02-17,11.372126579284668,11.617689959719542,11.372126579284668,11.541480495525413,91836369
2023-02-20,11.981800079345703,11.981800079345703,11.422931779891151,11.431399677166072,211619117
2023-02-21,11.939461708068848,12.024138254642645,11.787042793675674,11.905590927930708,99049499
2023-02-22,11.871720314025879,11.956396861785358,11.803977945257945,11.854784519948119,63892239
2023-02-23,11.897122383117676,12.125749934713754,11.837847915446575,11.854783708364906,82449068
2023-02-24,11.736236572265625,11.880187594062928,11.685430804303708,11.871720504431355,72998904
2023-02-27,11.592286109924316,11.753172933835573,11.583819019884114,11.643092687881333,62146193
2023-02-28,11.668495178222656,11.727769651757171,11.524544154349474,11.64309229387537,60793592
2023-03-01,11.998735427856445,12.015670414233613,11.634623934001665,11.685430508219373,122345178
2023-03-02,12.05801010131836,12.2273640169885,11.905591980986816,11.964865649585574,101587684
2023-03-03,12.100348472595215,12.168090037130444,11.973333240977446,12.151155049768212,69095439
2023-03-06,11.72776985168457,12.108816353562244,11.617689607578905,12.108816353562244,145582414
2023-03-07,11.592286109924316,11.93946264295376,11.558415327134023,11.727770048628644,127926629
2023-03-08,11.456803321838379,11.549948582958297,11.346723072587775,11.541480685121362,109689791
2023-03-09,11.1773681640625,11.49914098549169,11.118094499537662,11.465270204685623,173606476
2023-03-10,11.12656307220459,11.236643318393908,11.008014928413827,11.008014928413827,85699610
2023-03-13,11.05035400390625,11.253578708346874,11.008015321928655,11.109627674148967,100063496
2023-03-14,10.897933959960938,11.008014198854658,10.779385824026985,10.999546301814423,114907558
2023-03-15,11.05035400390625,11.160434254030719,10.957208742046904,11.05035400390625,97936372
2023-03-16,10.855595588684082,11.033417393832185,10.83866060166876,10.914870062095538,91679249
2023-03-17,10.796321868896484,11.041885235965738,10.711644511613379,10.999546557324186,155681414
2023-03-20,10.643903732299805,10.881000027127861,10.626968744122479,10.804790561471927,118881633
2023-03-21,10.753983497619629,10.821725062365015,10.58462958575616,10.711644817767974,84074317
2023-03-22,10.830192565917969,10.906402025370355,10.762451003636542,10.796321784777255,87669077
2023-03-23,10.923337936401367,10.923337936401367,10.69471034624297,10.75398401636863,80430604
2023-03-24,10.855595588684082,10.889466370257859,10.804789820094985,10.880999280521763,62151875
2023-03-27,10.669306755065918,10.84712856123512,10.550758615105403,10.83866066390727,100842214
2023-03-28,10.703178405761719,10.779387065269903,10.626968938710332,10.720113394249138,67386843
2023-03-29,10.610032081604004,10.78785388442611,10.584629197641737,10.779385987257648,59606433
2023-03-30,10.737048149108887,10.762451033148299,10.508419770124807,10.626967908213935,82454624
2023-03-31,10.610032081604004,10.813257575931496,10.593097094810199,10.74551520612692,86549166
2023-04-03,10.728580474853516,10.745515462050657,10.550758667796265,10.626968129041249,74042886
2023-04-04,10.711645126342773,10.770919602859895,10.660839355091724,10.703178036163047,64745722
2023-04-06,10.65237045288086,10.677773336110963,10.584628892571848,10.669306246729661,56332130
2023-04-07,10.68624210357666,10.745515771789927,10.58462975483542,10.643903423048686,60792526
2023-04-10,10.737048149108887,10.75398313595412,10.652370792253347,10.703177367875295,64018181
2023-04-11,10.618499755859375,10.7709186715195,10.601564769421085,10.753982877538105,77777962
2023-04-12,10.567693710327148,10.660838966800135,10.542290825626855,10.652371069385655,90995706
2023-04-13,10.635436058044434,10.728580506763599,10.415275571024795,10.50842001974396,113159146
2023-04-14,10.745516777038574,10.923338605856861,10.65237231719785,10.669308114010658,129799484
2023-04-17,10.94874095916748,10.957208048992895,10.669306806350304,10.720112575475351,130421259
2023-04-18,11.008014678955078,11.177368589430372,10.914870230079451,10.94874101217451,153893615
2023-04-19,10.880998611450195,11.067287494879507,10.864062817933123,11.024949626172988,101437815
2023-04-20,10.796321868896484,10.923337097278015,10.686241627445698,10.923337097278015,81178841
2023-04-21,10.584630012512207,10.864064180239074,10.567694216871459,10.753983931203766,91866839
2023-04-24,10.245922088623047,10.584629923146464,10.186647611924066,10.567694127648704,146767192
2023-04-25,10.398338317871094,10.474547768654402,10.262855208719891,10.279791001135306,130190082
2023-04-26,10.262857437133789,10.372937689107049,10.15277718516053,10.372937689107049,99126040
2023-04-27,10.381404876708984,10.457614338824605,10.161244387829,10.212050965087132,100409337
2023-04-28,10.626967430114746,10.821724211560152,10.34753329562337,10.38140407533314,144525434
2023-05-04,10.779385566711426,10.86406292000621,10.32212963551438,10.499951431398957,147826438
2023-05-05,10.931804656982422,11.1011585587765,10.796321535547158,10.821724418930494,176218865
2023-05-08,11.278980255126953,11.422931272230546,10.872530894511938,10.957207440868517,263071861
2023-05-09,11.143498420715332,11.516077851812298,11.118095534631554,11.346723124471938,242253445
2023-05-10,10.87253189086914,11.228175517769957,10.838661107713975,11.151966053785044,123705339
2023-05-11,10.880998611450195,11.109626171129108,10.838659935200594,10.965675156406315,90375844
2023-05-12,10.68624210357666,10.89793469867337,10.677774205962432,10.855596018145395,88560368
2023-05-15,10.86406421661377,10.88100001231122,10.542291366250868,10.73704897905563,92832563
2023-05-16,10.68624210357666,10.940273379201344,10.643903423048686,10.838661030460102,99830169
2023-05-17,10.576160430908203,10.703176455362602,10.53382175609007,10.65236988407223,75462120
2023-05-18,10.576160430908203,10.703176455362602,10.525354667160888,10.643901987599994,68718687
2023-05-19,10.449146270751953,10.533822821408771,10.432210476094708,10.525355731623284,68841368
2023-05-22,10.483017921447754,10.542291592574962,10.423744250320548,10.423744250320548,54932785
2023-05-23,10.339065551757812,10.508419452811946,10.339065551757812,10.4830165695396,69436436
2023-05-24,10.16971206665039,10.33906597463119,10.16971206665039,10.330598077346368,82425088
2023-05-25,10.101971626281738,10.161245298777443,10.00035927019915,10.152777400551422,88274430
2023-05-26,10.245922088623047,10.27132497432651,10.025761592411238,10.101971057064802,51142864
2023-05-29,10.144309043884277,10.271325088904826,10.118906157897442,10.254389293218145,56607382
2023-05-30,10.051164627075195,10.152776978938139,9.991890957040944,10.144309081063764,76399692
2023-05-31,9.82253646850586,10.025761160464235,9.805600673737757,10.008825365696133,117958671
2023-06-01,9.814067840576172,9.890277296273421,9.737858384878923,9.822535737329884,74302293
2023-06-02,10.101971626281738,10.135842411642601,9.856408230529679,9.890279015890542,122184253
2023-06-05,10.085036277770996,10.161245750103696,10.008826805438297,10.059633389507848,52184619
2023-06-06,10.025762557983398,10.237455176834253,10.008826760854568,10.085036232847797,83327347
2023-06-07,10.110438346862793,10.220518597141815,10.059632574452902,10.068100472368947,64369784
2023-06-08,10.262857437133789,10.33059900641838,10.04269693318727,10.127374298564611,86939712
2023-06-09,10.059633255004883,10.23745508555585,10.034230367081387,10.212052197632353,131528476
2023-06-12,9.983423233032227,10.076567688642944,9.958020346509885,10.008826119554568,75874703
2023-06-13,9.966486930847168,10.025760594100825,9.898744563144723,9.958019033941476,84998805
2023-06-14,9.953470230102539,10.17909315820877,9.944792202364765,10.02289279684019,106920004
2023-06-15,10.074958801269531,10.092314855871965,9.884047166136163,9.97082495640163,92530056
2023-06-16,10.092314720153809,10.127026001309657,10.040247384628927,10.074958665784774,84203365
2023-06-19,9.936114311218262,10.092315502316405,9.901403027372261,10.092315502316405,95399707
2023-06-20,9.858014106750488,9.944792733599261,9.849336906131466,9.92743667719658,54455079
2023-06-21,9.849336624145508,9.962147677203893,9.840658596192618,9.858013824516101,61658296
2023-06-26,9.701813697814941,9.80594755306308,9.67577961331617,9.80594755306308,67657743
2023-06-27,9.788591384887695,9.823302669573803,9.693135558896476,9.719168815515479,46170178
2023-06-28,9.805947303771973,9.831980560026599,9.736524735371438,9.788591247880692,36539644
2023-06-29,9.701813697814941,9.797269524896823,9.693135669648683,9.797269524896823,48590630
2023-06-30,9.74520206451416,9.814625461414396,9.675779495196231,9.701813579377184,51905258
2023-07-03,9.9708251953125,10.00553647776685,9.745201445568096,9.753879473077246,88509071
2023-07-04,9.892724990844727,9.970825586325347,9.82330242321357,9.944792330359236,61630056
2023-07-05,9.840659141540527,9.892725656978689,9.80594785538764,9.858014370825801,42348240
2023-07-06,9.753880500793457,9.840659129863877,9.727847243105266,9.805947843752177,59709591
2023-07-07,9.719169616699219,9.779914990594081,9.701814386716668,9.719169616699219,48444083
2023-07-10,9.719169616699219,9.78859219179417,9.693136357934206,9.762558933029156,49588228
2023-07-11,9.7278470993042,9.771236413198011,9.710491042713743,9.736525127599426,57080909
2023-07-12,9.753880500793457,9.858014359128557,9.736525271528777,9.745202472369947,73608367
2023-07-13,9.9187593460083,9.953470630774412,9.779914206943857,9.823302692214765,112422973
2023-07-14,9.944792747497559,10.02289334625414,9.892725405799064,9.918759490439472,71914699
2023-07-17,9.814624786376953,9.901402578264745,9.771235476641932,9.901402578264745,60834258
2023-07-18,9.762558937072754,9.823303483410402,9.736525678296958,9.797270224634607,47196618
2023-07-19,9.814624786376953,9.823301986258159,9.74520139425157,9.74520139425157,38219596
2023-07-20,9.82330322265625,9.927437082577633,9.797269964571493,9.831981251211953,55406957
2023-07-21,9.840659141540527,9.884048456127223,9.788591798520025,9.814625883821448,37710256
2023-07-24,9.771236419677734,9.831980962619955,9.753880363075769,9.831980962619955,42685218
2023-07-25,10.170415878295898,10.179093078383351,9.927436069037315,9.936114096707035,203295819
2023-07-26,10.127026557922363,10.187771096388248,10.03157073639279,10.109670502599386,75166268
2023-07-27,10.196449279785156,10.300583130566705,10.109670657009392,10.135704740391489,111519586
2023-07-28,10.639019012451172,10.673730296848147,10.127026946909087,10.144382175316423,234701346
2023-07-31,10.691084861755371,10.84728604563889,10.61298426981361,10.673729634425118,185495239
2023-08-01,10.552239418029785,10.734473851264077,10.526206164019806,10.639018034839342,95773478
2023-08-02,10.439428329467773,10.621662776357438,10.352650533737918,10.465462413010787,111590004
2023-08-03,10.699763298034668,10.734474581603692,10.370005690337798,10.404716973906822,117584771
2023-08-04,10.67372989654541,10.873319567447112,10.595629302685694,10.777863745830942,130313102
2023-08-07,10.552239418029785,10.630340007641943,10.517528136822406,10.595628726434564,64691326
2023-08-08,10.500174522399902,10.595630353482683,10.413395892264756,10.517529751877522,72570456
2023-08-09,10.560918807983398,10.586952065352646,10.456784950924073,10.465462979241266,57760774
2023-08-10,10.552239418029785,10.595628726434564,10.46546162880245,10.543561390832384,47559453
2023-08-11,10.317939758300781,10.647697384519073,10.317939758300781,10.560918756931297,94353857
2023-08-14,10.127026557922363,10.222482379451936,10.057603991794988,10.205127151711226,97592018
2023-08-15,10.179093360900879,10.239838728692629,10.066282308392541,10.144382076840861,71281277
2023-08-16,10.179093360900879,10.283228040663223,10.074959508720827,10.127026848601998,57290437
2023-08-17,10.040246963500977,10.153058829421258,9.944791151221748,10.127025576541866,96505775
2023-08-18,10.031570434570312,10.18777078986613,10.005536352369141,10.048925661788852,65981885
2023-08-21,9.82330322265625,10.048926999610421,9.82330322265625,10.031571770081367,70149785
2023-08-22,9.866691589355469,9.936114155962715,9.81462507819117,9.875369617076943,60680809
2023-08-23,9.762558937072754,9.910082116106222,9.753880908286698,9.849337569768574,69180998
2023-08-24,9.658424377441406,9.823302774567091,9.58900180732719,9.79726951766984,129127070
2023-08-25,9.74520206451416,9.831980689952726,9.615034953938618,9.632391010059255,84534992
2023-08-28,9.996859550476074,10.35265041223192,9.970825467238615,10.274549817684095,199760987
2023-08-29,9.814624786376953,9.970825142807879,9.658423602363778,9.95346991546322,196496143
2023-08-30,9.658424377441406,9.779914288932442,9.658424377441406,9.779914288932442,137563829
2023-08-31,9.658424377441406,9.736524975715477,9.64974634928155,9.66710240560126,80647403
2023-09-01,9.82330322265625,9.85801450929671,9.710491334179165,9.710491334179165,113870483
2023-09-04,10.031570434570312,10.057603689189241,9.831979942272541,9.849335997073323,141002923
2023-09-05,9.884048461914062,9.988182320433692,9.8580143765974,9.979504291994806,80417716
2023-09-06,9.9187593460083,9.944792602687308,9.805947463622864,9.83198072030187,63484051
2023-09-07,9.83198070526123,9.927436531326434,9.823302677187401,9.892725246613423,54004157
2023-09-08,9.779914855957031,9.823303344107279,9.745202741305052,9.788592057037663,47902967
2023-09-11,9.840659141540527,9.892725656978689,9.77991459766856,9.80594785538764,65448558
2023-09-12,9.788591384887695,9.849336753775113,9.76255812826869,9.849336753775113,49548506
2023-09-13,9.762558937072754,9.823303483410402,9.727847649510903,9.797270224634607,49021797
2023-09-14,9.797269821166992,9.831981107299377,9.762558535034607,9.78859179273831,55165017
2023-09-15,9.736525535583496,9.892725913531132,9.71916947826578,9.849337425401567,89047613
2023-09-18,9.74520206451416,9.753880092574478,9.66710229471822,9.736524864036149,50132501
2023-09-19,9.7278470993042,9.745202328312326,9.684457785410387,9.736525127599426,50366432
2023-09-20,9.675780296325684,9.73652567019516,9.675780296325684,9.719169612637488,55887241
2023-09-21,9.589001655578613,9.667102252616722,9.580323627556089,9.667102252616722,84393011
2023-09-22,9.753880500793457,9.762558529216967,9.571646041811446,9.571646041811446,91148430
2023-09-25,9.736525535583496,9.823303339424992,9.710491449606922,9.75388076531885,76121125
2023-09-26,9.684457778930664,9.771236406660226,9.66710254993415,9.736525121084867,44498035
2023-09-27,9.693136215209961,9.736525530901023,9.67578015790059,9.67578015790059,49031061
2023-09-28,9.719169616699219,9.753880904246694,9.701814386716668,9.710491587916756,52069678
2023-10-09,9.641067504882812,9.693134841851471,9.59767902292155,9.684456814426321,69582809
2023-10-10,9.562968254089355,9.719168618214793,9.562968254089355,9.710490590323856,82074851
2023-10-11,9.5282564163208,9.623713070699495,9.51090118762251,9.623713070699495,72411569
2023-10-12,9.641067504882812,9.684456814426321,9.580322968071249,9.641067504882812,85305750
2023-10-13,9.545612335205078,9.60635687614823,9.502223022710414,9.571645591668958,68448308
2023-10-16,9.554290771484375,9.571646000674464,9.50222342874943,9.545612743098161,50162432
2023-10-17,9.562968254089355,9.58900151017988,9.510900914326017,9.554290226198416,49352505
2023-10-18,9.502223014831543,9.562968383306627,9.467511730381052,9.536934299282033,65182492
2023-10-19,9.19849967956543,9.47618996110988,9.189821651371586,9.467511932916036,118896083
2023-10-20,9.19849967956543,9.259244221757697,9.120399080985473,9.15511036617853,52613912
2023-10-23,9.111720085144043,9.198498702702116,9.050975549402729,9.189820675429862,53040448
2023-10-24,9.155110359191895,9.207176873150585,9.059653704297098,9.146432331004673,76065269
2023-10-25,9.007586479187012,9.146431608891417,8.990230424182833,9.120398353967405,141144968
2023-10-26,9.03361988067627,9.042297908319155,8.938164059351339,8.946842086994224,59999147
2023-10-27,9.068330764770508,9.094364018971753,8.9641969203833,9.007586229106861,91977136
2023-10-30,9.068330764770508,9.085686819292825,8.981552974905616,9.024941456046948,80568955
2023-10-31,9.077010154724121,9.103043412833626,9.03362083948671,9.050976896614616,65285523
2023-11-01,9.094364166259766,9.16378755789115,9.068330911636899,9.155109530489446,56730035
2023-11-02,9.094364166259766,9.198498839915718,9.085686966440305,9.111720221063171,61942995
2023-11-03,9.094364166259766,9.129076275866579,9.050975684415736,9.10304219366147,70546347
2023-11-06,9.276598930358887,9.276598930358887,9.120398569540546,9.120398569540546,100706221
2023-11-07,9.19849967956543,9.250566193563854,9.181143623177741,9.250566193563854,64086612
2023-11-08,9.111720085144043,9.198498702702116,9.068330776365006,9.181142648157609,87781875
2023-11-09,9.103042602539062,9.129076685913535,9.050976090954679,9.077009346746872,63913648
2023-11-10,8.938164710998535,9.085687881353854,8.929486682722969,9.068331824802723,104504417
2023-11-13,8.894775390625,8.964197961613536,8.86874213339988,8.946842732657565,77004310
2023-11-14,8.912132263183594,8.964198782401192,8.877420146928658,8.886098175992393,59685888
2023-11-15,8.998908996582031,9.068331565637871,8.972875740081665,8.998908996582031,110914015
2023-11-16,8.886096954345703,9.016264889659219,8.877418926475011,9.007586861788527,92262194
2023-11-17,8.80799674987793,8.894775377274513,8.781963492691885,8.868742120088468,90336217
2023-11-20,8.842707633972168,8.868741717558917,8.764607865958782,8.807996350105457,63952831
2023-11-21,8.920808792114258,8.981554163398323,8.868742276822017,8.877419477649164,104116573
2023-11-22,8.816675186157227,8.94684313327609,8.79931995642413,8.903453817569803,73748951
2023-11-23,8.80799674987793,8.816674778134052,8.738574178993591,8.80799674987793,84665587
2023-11-24,8.764607429504395,8.79064068421247,8.747251374644181,8.773284629352256,68469456
2023-11-27,8.686508178710938,8.755930753703877,8.651796891214468,8.755930753703877,83618785
2023-11-28,8.634440422058105,8.695185792967884,8.634440422058105,8.669151707899836,78617469
2023-11-29,8.434849739074707,8.651795456856386,8.4174936844127,8.634439402194378,146759662
2023-11-30,8.400139808654785,8.443528297125193,8.348072463874978,8.408817009799444,90176457
2023-12-01,8.382782936096191,8.400138991862624,8.313360368195037,8.374104908212974,77805699
2023-12-04,8.35675048828125,8.400139804311593,8.339394430836164,8.39146177558905,60543785
2023-12-05,8.226582527160645,8.348072446336714,8.217905326034215,8.339394417627915,78737848
2023-12-06,8.243938446044922,8.304682990821005,8.157159815579929,8.191871102249454,75305592
2023-12-07,8.191871643066406,8.23526096116341,8.139805123415927,8.23526096116341,58538019
2023-12-08,8.070381164550781,8.20054826898617,8.070381164550781,8.165836985964582,102115150
2023-12-11,8.113771438598633,8.139804697060274,7.922858945521084,8.000959548488371,113366281
2023-12-12,8.174516677856445,8.243939258033288,8.07038280759118,8.079060837008894,85501642
2023-12-13,7.948892116546631,8.148482636110062,7.940214087960752,8.139804607524184,106130165
2023-12-14,7.940213680267334,8.053025563344319,7.940213680267334,7.992281021526832,74290056
2023-12-15,7.99228048324585,8.113770386280779,7.9749244281341785,7.983602455690014,98893942
2023-12-18,7.922857761383057,8.01831357986397,7.888146479427975,7.966247070722469,65442562
2023-12-19,7.896824836730957,7.9575693757946135,7.870790753490296,7.914180064642455,64407088
2023-12-20,7.8360795974731445,7.940213449381823,7.8360795974731445,7.905502165412264,71563363
2023-12-21,7.957569599151611,7.974924827550244,7.8013684056524175,7.81872446163335,101704676
2023-12-22,7.983602046966553,8.05302460869461,7.905501458126935,7.974924019854992,100564502
2023-12-25,7.974924564361572,7.983602592065646,7.931536081005748,7.966247364239771,41397088
2023-12-26,7.896824836730957,7.983602631452999,7.870790753490296,7.9749246037061114,54189633
2023-12-27,7.914180278778076,7.922858306759767,7.82740248170807,7.896825050396994,64153435
2023-12-28,8.200549125671387,8.217905182786446,7.879469517283966,7.905502775374202,166159184
2023-12-29,8.148482322692871,8.22658209421474,8.11377103726682,8.174515579866828,85385279
2024-01-02,7.99228048324585,8.174514924007113,7.99228048324585,8.148481668921864,115836645
2024-01-03,7.983602046966553,8.000958101189676,7.940212738990963,7.974924019854992,73361031
2024-01-04,7.9055023193359375,7.974924888626745,7.879469062747461,7.974924888626745,86419399
2024-01-05,8.044346809387207,8.191869121373559,7.870789590425092,7.896823669818701,199162216
2024-01-08,7.940213680267334,8.070381619624923,7.90550239528844,8.009636250225123,112115619
2024-01-09,7.966248035430908,7.974925236283802,7.888147434678473,7.948891978560438,76619388
2024-01-10,7.888147354125977,7.9749251548451445,7.888147354125977,7.948891897387628,85862091
2024-01-11,7.957569599151611,8.000958911521643,7.8360796900319825,7.879469002402014,93468637
2024-01-12,7.974924564361572,8.04434795841189,7.905501997893527,7.922858053301675,77258215
2024-01-15,7.99228048324585,8.06170304852802,7.922857917963679,7.948891173048929,74513266
2024-01-16,8.105093002319336,8.11377103056426,7.948891804239983,7.974925061392434,143831258
2024-01-17,8.009635925292969,8.148481887158205,8.009635925292969,8.096414548010955,148229621
2024-01-18,7.983602046966553,8.018313327830581,7.8100456426464095,7.992280074078114,175513247
2024-01-19,7.957569599151611,7.98360285554071,7.896825058382946,7.948891571161145,96398142
2024-01-22,7.896824836730957,8.035669970352044,7.844757497831911,7.948891348047726,158031966
2024-01-23,7.948892116546631,7.966248173718388,7.7753356827408355,7.853436284849033,113554458
2024-01-24,8.096414566040039,8.105092593847617,7.870790808536677,8.009635943128814,175912316
2024-01-25,8.243938446044922,8.278649732714449,8.044348754590732,8.096415270803845,216251395
2024-01-26,8.348072052001953,8.391461365914012,8.191870852951478,8.21790493784811,227228706
2024-01-29,8.417494773864746,8.573695975710542,8.313360915161665,8.40881674541057,237625184
2024-01-30,8.243938446044922,8.417494879392555,8.235260417481951,8.33939427749053,157912214
2024-01-31,8.209226608276367,8.296005232915768,8.139804039597767,8.209226608276367,135721747
2024-02-01,8.165838241577148,8.22658278930969,8.105093693844607,8.165838241577148,105525987
2024-02-02,8.044346809387207,8.217903200767168,7.870789590425092,8.17451389602664,163421431
2024-02-05,8.13980484008789,8.183194156674611,7.905503027069024,7.974925602574826,180359190
2024-02-06,8.400139808654785,8.400139808654785,8.061704136541962,8.070382165268992,199540954
2024-02-07,8.339394569396973,8.39146191501497,8.226582676876633,8.348072598263704,206201497
2024-02-08,8.391460418701172,8.391460418701172,8.261293319240355,8.313359827991787,165681384
2024-02-19,8.512950897216797,8.512950897216797,8.37410493341435,8.469561585252425,160524265
2024-02-20,8.521628379821777,8.53898443621536,8.443527781215293,8.495595122813722,112356398
2024-02-21,9.372056007385254,9.372056007385254,8.47823980233748,8.486917002858137,505528460
2024-02-22,9.458832740783691,9.467510767909678,9.215853774331608,9.241887028127348,492232512
2024-02-23,9.415444374084473,9.753879160265038,9.406766346853631,9.441477628194772,356747950
2024-02-26,9.137754440307617,9.441478810771768,9.111721182936565,9.354700182758487,286260888
2024-02-27,9.111720085144043,9.198498702702116,9.07700880363726,9.10304205787179,198190492
2024-02-28,9.103042602539062,9.285277048248965,9.024942007580208,9.120398658122044,308269265
2024-02-29,9.189821243286133,9.189821243286133,9.03362005306253,9.042298080871014,184534423
2024-03-01,9.103042602539062,9.1984992530809,9.050976090954679,9.189821225289409,182810290
2024-03-04,8.964198112487793,9.111721285216941,8.955520084072587,9.068331970723248,165592954
2024-03-05,9.050975799560547,9.085687082026707,8.903452642183801,8.938163924649961,181731907
2024-03-06,8.964198112487793,9.068331970723248,8.964198112487793,9.024942656229557,134564016
2024-03-07,9.007586479187012,9.233210228747797,8.96419716925882,8.96419716925882,201616589
2024-03-08,9.007586479187012,9.059652989035037,8.938163914334808,8.981553224262997,111397428
2024-03-11,9.085687637329102,9.085687637329102,8.972875755523638,9.007587040111297,121067298
2024-03-12,9.163788795471191,9.189822053609879,9.033620849613044,9.0943653944641,164126237
2024-03-13,8.964198112487793,9.155110599710632,8.938164854824514,9.137754542880218,176803911
2024-03-14,8.877419471740723,9.007587415049366,8.85138621411193,8.938164842984358,140939973
2024-03-15,9.19849967956543,9.32866679214381,9.11172105279163,9.15511036617853,375020789
2024-03-18,9.146432876586914,9.207177422356223,9.103043560644966,9.16378893399664,167139651
2024-03-19,9.024942398071289,9.146432309661941,9.016265197486634,9.13775428149497,129321558
2024-03-20,9.068330764770508,9.085686819292825,8.998908201845703,9.007586229106861,87266316
2024-03-21,9.085687637329102,9.129076949959249,9.042298324698955,9.06833158124412,86446625
2024-03-22,8.990230560302734,9.068331153839537,8.946842077299857,9.068331153839537,102814174
2024-03-25,9.024942398071289,9.1030429964094,8.955519827900149,8.981553912401065,95320221
2024-03-26,9.19849967956543,9.250566193563854,9.042298482405517,9.068331739404728,174002146
2024-03-27,9.137754440307617,9.224533068320897,9.120399211254359,9.163788525261,127413599
2024-03-28,9.103042602539062,9.172465169706427,9.007586779579507,9.120398658122044,130218892
2024-03-29,9.12907600402832,9.172464484580363,9.050975414903094,9.068330641607467,50039139
2024-04-01,9.233210563659668,9.241887763894248,9.120398684787302,9.129076712604165,119108796
2024-04-02,9.155110359191895,9.267922242878816,9.137754302817452,9.224532929525028,108545826
2024-04-03,9.077010154724121,9.155110756634992,9.042298868050663,9.137754699507084,98184585
2024-04-08,9.050975799560547,9.10304230946866,8.99890846207018,9.042297772048443,90636052
2024-04-09,9.024942398071289,9.085687767657774,8.99023111298572,9.050976482572203,85715673
2024-04-10,8.920808792114258,9.033620678690564,8.91213159128711,9.007587421044443,124639082
2024-04-11,8.894775390625,8.929486676119268,8.781963505873048,8.886097362355851,101021340
2024-04-12,8.729896545410156,8.91213099184024,8.712540489758585,8.868741680293594,130545371
2024-04-15,8.929486274719238,8.955519530774106,8.729896598994774,8.738573799291537,145320260
2024-04-16,8.920808792114258,9.01626544945393,8.868742276822017,8.920808792114258,147803643
2024-04-17,9.21585464477539,9.224532672721022,8.86006377482745,8.903453086973313,223264057
2024-04-18,9.372056007385254,9.571645688259617,9.163788298407924,9.181143527031546,316591426
2024-04-19,9.276598930358887,9.389410807805744,9.25056567481954,9.293954985773297,145767502
2024-04-22,9.111720085144043,9.380733137508287,9.068330776365006,9.2332099842089,200981837
2024-04-23,9.146432876586914,9.241888709593308,9.077010302112743,9.120399618054693,124002700
2024-04-24,9.137754440307617,9.172465725996462,9.077009897247718,9.129077239572153,94156774
2024-04-25,9.20717716217041,9.215855190630041,9.094365274942243,9.111721331861505,111381224
2024-04-26,9.19849967956543,9.259244221757697,9.094364996403941,9.189821651371586,160762751
2024-04-29,9.380733489990234,9.458833255628429,9.129076482714462,9.163787765525525,216917737
2024-04-30,9.363378524780273,9.441479127092386,9.311311180711412,9.37205655338881,132455653
2024-05-06,9.450156211853027,9.64106785667911,9.406766900726272,9.510900750881119,178410057
2024-05-07,9.44147777557373,9.450155802940035,9.337343929924806,9.432799748207428,108705665
2024-05-08,9.311310768127441,9.441478708740679,9.293955539261736,9.406767423426945,122179127
2024-05-09,9.3373441696167,9.3894106799866,9.293954859253606,9.293954859253606,106946063
2024-05-10,9.493544578552246,9.510900633822242,9.337344219033605,9.346022246668603,176783561
2024-05-13,9.51957893371582,9.554290217666285,9.38073379791396,9.45883356611579,140249860
2024-05-14,9.467511177062988,9.597679106831535,9.44147792214218,9.545611769407666,107578391
2024-05-15,9.398088455200195,9.476189046240004,9.38073322807037,9.45883299152794,86829660
2024-05-16,9.693136215209961,9.727847502246338,9.398089861609572,9.415445918918941,307629165
2024-05-17,9.910080909729004,9.910080909729004,9.658423898644774,9.701813209710801,284174885
2024-05-20,9.875370025634766,10.005537136512979,9.814625484235908,9.91875933845494,217021030
2024-05-21,10.022892951965332,10.083637491905357,9.814625248529,9.823302448818797,203004941
2024-05-22,10.031570434570312,10.18777078986613,9.944791815730891,10.031570434570312,211553138
2024-05-23,9.892724990844727,10.057604209655434,9.866691734878614,10.005536870140924,184162290
2024-05-24,9.814624786376953,9.970825142807879,9.805946758913498,9.866691295993178,139827584
2024-05-27,9.988182067871094,10.005537296727681,9.814625641393617,9.814625641393617,145436143
2024-05-28,9.892724990844727,10.048926181805967,9.85801370702915,9.979503614174813,120432285
2024-05-29,9.771236419677734,9.93611481948476,9.745202334774786,9.87537027654254,144481111
2024-05-30,9.64974594116211,9.840658414693047,9.597679429569668,9.753879791929272,132549635
2024-05-31,9.641067504882812,9.710490069119526,9.641067504882812,9.667101587158264,82670676
2024-06-03,9.5282564163208,9.65842435567839,9.467511874503314,9.649746327538088,132669675
2024-06-04,9.562968254089355,9.58900151017988,9.467511602453616,9.502222886435078,98100495
2024-06-05,9.43280029296875,9.606356712406821,9.43280029296875,9.580323456386681,101896775
2024-06-06,9.458832740783691,9.528255302627144,9.441477514113938,9.458832740783691,104933153
2024-06-07,9.536934852600098,9.554290909623465,9.45015705023031,9.47619030818301,117012604
2024-06-11,9.43280029296875,9.562968228234018,9.363377725193521,9.528256116764117,133762854
2024-06-12,9.44147777557373,9.467511030090401,9.354699157075174,9.41544452105706,95742635
2024-06-13,9.372056007385254,9.484867889976885,9.372056007385254,9.45015660514733,120350779
2024-06-14,9.464094161987305,9.510577214382495,9.287455371098966,9.436203266621318,163799047
2024-06-17,9.38971996307373,9.445499979098935,9.371126033327082,9.417609971086332,68121702
2024-06-18,9.371127128601074,9.445501083065569,9.333940151368827,9.399017139873392,70065308
2024-06-19,9.436203956604004,9.491984864807327,9.371126969206342,9.389720900809936,79618418
2024-06-20,9.343235969543457,9.454796887535313,9.343235969543457,9.445499922717485,62962757
2024-06-21,9.296751976013184,9.380422885654479,9.250268038811646,9.343235913214722,83054528
2024-06-24,9.278158187866211,9.361829098782449,9.185191198653904,9.268862109570142,94708154
2024-06-25,9.371127128601074,9.417611071793251,9.27815924221672,9.28745620817665,76999281
2024-06-26,9.371127128601074,9.417611071793251,9.31534710605644,9.352534083288687,62859871
2024-06-27,9.417610168457031,9.491984115787584,9.296752282393035,9.352533186194643,92888197
2024-06-28,9.436203956604004,9.538468807208853,9.380423935008139,9.389720900809936,91808992
2024-07-01,9.622138977050781,9.622138977050781,9.333939265885904,9.38042320466829,134305149
2024-07-02,9.668622016906738,9.742995964220837,9.55706109593559,9.575655026067809,138438570
2024-07-03,9.584951400756836,9.696512314856482,9.566357471769894,9.668621421376072,71306746
2024-07-04,9.538467407226562,9.650028320651703,9.529170442789301,9.575654378368275,73504424
2024-07-05,9.2688627243042,9.566358528086042,9.222378783311429,9.538468518133351,171335386
2024-07-08,9.231675148010254,9.315346059030237,9.157301201905241,9.24097122631785,86865962
2024-07-09,9.36182975769043,9.389720654363785,9.213081855195608,9.240971865261528,103248530
2024-07-10,9.426907539367676,9.48268755896331,9.343236623366797,9.3618296676962,87386511
2024-07-11,9.417610168457031,9.51057715931653,9.361829264655421,9.491984115787584,72139225
2024-07-12,9.584951400756836,9.584951400756836,9.408312621810229,9.408312621810229,121416369
2024-07-15,9.603545188903809,9.622139119334669,9.5384682056106,9.584952145080349,86941247
2024-07-16,9.575654983520508,9.640731965479342,9.51987407997909,9.603544991987524,94300811
2024-07-17,9.668622016906738,9.687215947038956,9.55706109593559,9.575655026067809,122016835
2024-07-18,9.677918434143066,9.696512363222753,9.575654484026796,9.650028427130872,108706102
2024-07-19,9.640731811523438,9.687215749297739,9.566357865727504,9.650028776399772,89872324
2024-07-22,9.510577201843262,9.650029018667151,9.473390228011704,9.631435088447677,99448087
2024-07-23,9.464094161987305,9.603545092387662,9.445500231743313,9.529171144626485,102015363
2024-07-24,9.417610168457031,9.519874124384694,9.408313203388865,9.464094107190473,72451757
2024-07-25,9.380423545837402,9.436203565119092,9.296752630307449,9.408313555478246,85640443
2024-07-26,9.324642181396484,9.40831309281181,9.268862164857852,9.389720049501392,92955195
2024-07-29,9.399016380310059,9.4269072759359,9.26886241381907,9.31534635325474,78155243
2024-07-30,9.371127128601074,9.417611071793251,9.324643185408897,9.389721060520934,61326795
2024-07-31,9.547765731811523,9.557061810965749,9.361829963007743,9.371126928769423,109690634
2024-08-01,9.547765731811523,9.594248787405014,9.454797847409633,9.529171800288164,73388377
2024-08-02,9.426907539367676,9.529171499697956,9.417610573899262,9.501281489900139,59022876
2024-08-05,9.343235969543457,9.501280825017094,9.343235969543457,9.399015985235703,75897852
2024-08-06,9.231675148010254,9.408313048357815,9.194488174957748,9.361829110390339,126553691
2024-08-07,9.231675148010254,9.278158199370356,9.213081218180314,9.25026819123282,51760842
2024-08-08,9.240972518920898,9.278159497175022,9.203785540666775,9.222379473097584,50041067
2024-08-09,9.333939552307129,9.38972045787916,9.240971671889547,9.259565602616028,73027396
2024-08-12,9.306050300598145,9.343237278471756,9.27815940223732,9.315347266718419,35301346
2024-08-13,9.250268936157227,9.324642888251574,9.222378925773706,9.315346809195365,62207720
2024-08-14,9.22237777709961,9.278157790919085,9.213080812593919,9.240970819503657,43638038
2024-08-15,9.324642181396484,9.352533076273177,9.17589428848363,9.222378226670742,77624747
2024-08-16,9.417610168457031,9.491984115787584,9.343236221126478,9.371126229723588,126036761
2024-08-19,9.566357612609863,9.575654577240208,9.408312760323394,9.417609724953737,148298526
2024-08-20,9.612842559814453,9.696513477069724,9.557061652775126,9.594248628598864,156918665
2024-08-21,9.622138977050781,9.650028985677256,9.491984125781581,9.575655038268396,103488781
2024-08-22,9.650028228759766,9.71510520598624,9.594247329274701,9.612841257972162,110903039
2024-08-23,9.733699798583984,9.761589806925132,9.594247983663482,9.659325851936002,107190571
2024-08-26,9.75229263305664,9.80807353515154,9.687215652785394,9.76158959784035,74067524
2024-08-27,9.696512222290039,9.780183128717855,9.640731322469055,9.733699193301588,72313658
2024-08-28,9.603545188903809,9.696513067843307,9.557061249434058,9.677919137412447,94254754
2024-08-29,9.417610168457031,9.650028975516857,9.399016238320698,9.58495199325447,119767631
2024-08-30,9.445500373840332,9.538468253244098,9.39901643413845,9.39901643413845,129405908
2024-09-02,9.399016380310059,9.491984259181395,9.380423336500233,9.408313345518673,96883550
2024-09-03,9.371127128601074,9.417611071793251,9.29675317413658,9.399017139873392,91658122
2024-09-04,9.315346717834473,9.436203723846893,9.296752786689524,9.34323672794446,84799233
2024-09-05,9.36182975769043,9.371126723248215,9.278158840885233,9.324642782066725,59420876
2024-09-06,9.371127128601074,9.491985026257746,9.343237117328757,9.352534083288687,87886543
2024-09-09,9.15730094909668,9.36182885193531,9.148003984438374,9.343235809226048,163917451
2024-09-10,9.203783988952637,9.222377918248599,9.092223072998905,9.16659701696806,76790114
2024-09-11,8.971364974975586,9.185190723660334,8.952771932737575,9.185190723660334,110872704
2024-09-12,9.055036544799805,9.082927440110675,8.934178658274872,8.971365632081975,58183405
2024-09-13,9.017849922180176,9.129410847946069,9.017849922180176,9.045739931969793,56646190
2024-09-18,9.082926750183105,9.092222827973218,8.980661915025935,9.03644281480324,44361099
2024-09-19,9.12011432647705,9.14800433491313,8.999256441110864,9.101520396448077,68429311
2024-09-20,9.203783988952637,9.203783988952637,9.092223072998905,9.12011396694285,79729714
2024-09-23,9.333939552307129,9.38042349251592,9.175894687561689,9.19448861828817,89690755
2024-09-24,9.640731811523438,9.640731811523438,9.371126036361336,9.399016044382968,163821319
2024-09-25,9.761589050292969,9.947523902500896,9.715105115589159,9.780182978817416,216069398
2024-09-26,10.36587905883789,10.36587905883789,9.761590479062699,9.761590479062699,308645720
2024-09-27,10.616890907287598,10.747045755108129,10.254317258320853,10.551813926681016,384001637
2024-09-30,11.351333618164062,11.435004523530077,10.747045125243119,10.802825137748918,543028364
2024-10-08,11.97421646118164,12.485537989056978,11.472191897920318,12.485537989056978,588897778
2024-10-09,10.858606338500977,11.741797578306846,10.840012409410983,11.741797578306846,426934506
2024-10-10,11.377129554748535,11.643039755842736,11.016253106673956,11.035246174933526,342642168
2024-10-11,11.13021469116211,11.557569159932331,10.997259585145402,11.39612399751296,207089057
2024-10-14,11.415118217468262,11.567066395790205,11.196692031868531,11.377130267205194,240059509
2024-10-15,11.301156044006348,11.614549384498984,11.282162974782665,11.339143088136286,207284077
2024-10-16,11.453104972839355,11.56706610370311,11.17769868016464,11.20618873645994,191449353
2024-10-17,11.348639488220215,11.614548783367173,11.329646419979552,11.46260061471177,165370809
2024-10-18,11.434110641479492,11.567065742847376,11.092227259553905,11.310652527141286,260465416
2024-10-21,11.215685844421387,11.339143058256436,11.044743693445827,11.339143058256436,280665467
2024-10-22,11.19669246673584,11.329647580772662,11.130215362558737,11.168202408614597,161778713
2024-10-23,11.263168334960938,11.291659295638372,11.158704196191238,11.225181293073545,151186604
2024-10-24,11.15870475769043,11.263168901716702,11.130214701261913,11.215685776230028,88529942
2024-10-25,11.120718002319336,11.187195104270886,11.101724027085986,11.1776990223368,110575468
2024-10-28,11.054240226745605,11.092227269214868,10.949775180693235,11.092227269214868,116948698
2024-10-29,10.959272384643555,11.149207600749174,10.949775397417636,11.035246471085802,119802482
2024-10-30,10.750343322753906,10.997259559487757,10.702860197421103,10.921285472136196,148240279
2024-10-31,10.807324409484863,10.864304522517754,10.67436930293717,10.759840378169075,125020539
2024-11-01,10.85480785369873,10.968768979283288,10.769336783089683,10.807323824951203,158981111
2024-11-04,10.88329792022705,10.88329792022705,10.693362710717835,10.854807865221298,113151611
2024-11-05,11.063736915588379,11.073233903147788,10.816821578821823,10.845311635817467,166541840
2024-11-06,10.968769073486328,11.054240144829427,10.892794989110802,11.035246170894283,146228636
2024-11-07,11.310653686523438,11.329647662529743,10.902292259214146,10.92128623522045,224284379
2024-11-08,11.13021469116211,11.405620984874703,11.111220716438623,11.339142979025068,189510415
2024-11-11,11.016253471374512,11.09222755829302,10.892795353711294,11.044743527548313,148695164
2024-11-12,10.959272384643555,11.244175661643258,10.930782328648348,10.997259427864678,171766255
2024-11-13,11.025749206542969,11.111220278061388,10.902291092758867,10.921285066732972,108626328
2024-11-14,10.959272384643555,11.11122055752805,10.949775397417636,11.006756415090596,115978311
2024-11-15,10.864304542541504,11.0257497059032,10.845311473389723,10.921285561361984,121578351
2024-11-18,11.15870475769043,11.434111051652934,11.035246638923436,11.044743626293798,379732445
2024-11-19,11.092227935791016,11.358137249055398,10.96876981392619,11.158705037686465,243003665
2024-11-20,11.054240226745605,11.158704367115442,11.02574926563176,11.08273028217692,128657248
2024-11-21,11.006756782531738,11.063736896424329,10.978266725585444,11.035246839478035,88340806
2024-11-22,10.712356567382812,11.02574991256308,10.712356567382812,11.006756843055305,162531744
2024-11-25,10.617388725280762,10.769336894295884,10.579401683026981,10.71235587807395,116602032
2024-11-26,10.702859878540039,10.740846921084033,10.579401763851425,10.61738880639542,83107820
2024-11-27,10.816822052001953,10.816822052001953,10.588898869018587,10.674369949427023,89517805
2024-11-28,10.76933765411377,10.845311743981592,10.750343678805518,10.816821686701806,73316854
2024-11-29,10.807324409484863,10.883298497317098,10.769337365568745,10.797827422085192,102848758
2024-12-02,10.816822052001953,10.826318134294185,10.740847959568372,10.816822052001953,97543366
2024-12-03,10.911787986755371,10.921284973661491,10.778833792799784,10.7978268609295,108255936
2024-12-04,10.88329792022705,10.949775017134646,10.797826849527274,10.86430394643487,100747059
2024-12-05,10.864304542541504,10.902291586527634,10.835814485972548,10.864304542541504,68710883
2024-12-06,11.073233604431152,11.11122064796145,10.854808330552581,10.864304412173237,172626927
2024-12-09,11.082730293273926,11.130214322828682,11.00675620825933,11.04474325076663,96406316
2024-12-10,11.19669246673584,11.348640650959284,11.158705420679977,11.301156616968802,216780724
2024-12-11,11.139711380004883,11.234679447433363,11.130215297808125,11.196692401598494,96769145
2024-12-12,11.253673553466797,11.272666623762792,11.120718438664333,11.139711508960328,98623459
2024-12-13,10.978266716003418,11.206188982740008,10.978266716003418,11.196691995205338,134379289
2024-12-16,10.987762451171875,11.073233524921976,10.949775407914336,10.978266369619403,80571778
2024-12-17,10.949775695800781,11.063736828569612,10.940279613998644,10.987762740057057,80211995
2024-12-18,11.063736915588379,11.149207992257894,10.987762826478273,10.997259814037681,101658966
2024-12-19,11.006756782531738,11.054240814563952,10.959272750499526,11.006756782531738,69737904
2024-12-20,11.035246849060059,11.111220938104536,10.99725980453782,11.006756792089025,71464627
2024-12-23,11.139711380004883,11.244176435312735,11.054241206138386,11.054241206138386,165940476
2024-12-24,11.263168334960938,11.272665321853415,11.130214141196323,11.130214141196323,135083691
2024-12-25,11.320149421691895,11.415117479847767,11.244175337440206,11.263168405661865,147528294
2024-12-26,11.263168334960938,11.329646337525764,11.187194251186153,11.320149350633287,100007470
2024-12-27,11.234678268432617,11.30115536524668,11.073233114156306,11.272665310281013,129001228
2024-12-30,11.348639488220215,11.367633462143404,11.187194332603216,11.187194332603216,135184636
2024-12-31,11.111220359802246,11.386626644675136,11.111220359802246,11.329646533698694,147536733
2025-01-02,10.85480785369873,11.177698162362903,10.81682081183721,11.139710214818866,181959699
2025-01-03,10.807324409484863,10.959272585149332,10.78833043468552,10.864304522517754,115468044
2025-01-06,10.864304542541504,10.902291586527634,10.655376253459073,10.807324429403593,108553630
2025-01-07,10.93078327178955,10.949776342197618,10.79782815620257,10.84531219074668,74786288
2025-01-08,10.921285629272461,11.044743749415712,10.826317565875323,10.921285629272461,106238601
2025-01-09,10.826316833496094,10.92128489046883,10.77883371069224,10.92128489046883,75148330
2025-01-10,10.73134994506836,10.883298115400667,10.712355970935553,10.826317098684784,79813351
2025-01-13,10.636382102966309,10.693363120845754,10.52242097288997,10.68386613358542,93496618
2025-01-14,10.807324409484863,10.826317478601638,10.626885271621381,10.636382259021051,82462895
2025-01-15,10.902292251586914,10.997260320186745,10.78833111267669,10.807325088669707,103163082
2025-01-16,10.987762451171875,11.00675642564192,10.92128535189182,10.978266369619403,87296399
2025-01-17,10.873802185058594,10.968770253586623,10.845312126773235,10.949776277607967,68976486
2025-01-20,10.845312118530273,10.940280186986122,10.826318142566056,10.921286211021904,83202913
2025-01-21,10.75984001159668,10.873801139462538,10.750343024520557,10.873801139462538,90206894
2025-01-22,10.531917572021484,10.759839823774627,10.522420585111139,10.750342836864283,134712922
2025-01-23,10.750343322753906,10.826317410105466,10.607892135390372,10.607892135390372,151492027
2025-01-24,10.76933765411377,10.816821686701806,10.655376519312034,10.750343678805518,94494421
2025-01-27,10.89279556274414,10.968769651120594,10.807324486899988,10.807324486899988,115193471
2025-02-05,10.797826766967773,10.940278852272396,10.759839725356377,10.92128487862544,84343370
2025-02-06,10.788331031799316,10.873802111761885,10.731350915612682,10.778834949556622,95560325
2025-02-07,10.807324409484863,10.873801509917426,10.740847309052299,10.78833043468552,140749262
2025-02-10,10.85480785369873,10.92128495053576,10.788329851179183,10.807323824951203,102659093
2025-02-11,10.845312118530273,10.892796152758198,10.797828084302349,10.826318142566056,84452003
2025-02-12,10.845312118530273,10.854809106512384,10.769338026038644,10.835815130548164,98880683
2025-02-13,10.921285629272461,10.96876966097103,10.826317565875323,10.845311540827781,135863927
2025-02-14,10.968769073486328,10.968769073486328,10.854807946923039,10.91178805736342,97305774
2025-02-17,11.18719482421875,11.20618879897662,10.968769548598651,11.016253579810758,206196542
2025-02-18,11.215685844421387,11.35813703311264,11.168201812963446,11.168201812963446,199661049
2025-02-19,11.120718002319336,11.215686067120911,11.0922279451519,11.206189079504236,117774895
2025-02-20,11.073233604431152,11.168201666098176,11.063736617127939,11.120717635264663,78439627
2025-02-21,11.054240226745605,11.120717324646181,10.968769154769133,11.101723350570284,97396897
2025-02-24,11.006756782531738,11.101723940913583,10.978266725585444,11.044743827020993,94995617
2025-02-25,10.89279556274414,10.99725970784112,10.883298575276442,10.978266638588293,91715602
2025-02-26,10.940279006958008,11.016253091255006,10.892794977851754,10.892794977851754,84164552
2025-02-27,11.035246849060059,11.044743836611264,10.883298670971103,10.949775772464376,97730975
2025-02-28,10.949775695800781,11.09222779102375,10.921285639029218,10.99725972754177,94908806
2025-03-03,10.93078327178955,10.97826730633366,10.873802249200095,10.940280259834898,83045695
2025-03-04,10.93078327178955,10.968770318288312,10.864305261154746,10.89279622529079,68317873
2025-03-05,11.073233604431152,11.082730591734366,10.902291455703535,10.94027940491639,108064544
2025-03-06,11.044743537902832,11.111220637598212,11.01625348170232,11.101723650303855,87740771
2025-03-07,11.082730293273926,11.10172336168631,11.016253195306788,11.04474325076663,83553669
2025-03-10,11.006756782531738,11.082730871510247,10.968769738042484,11.073233883967289,66383393
2025-03-11,11.025749206542969,11.025749206542969,10.940279040707077,10.959272108998656,60897527
2025-03-12,11.253673553466797,11.272666623762792,10.978267241555184,11.016254287829797,187731840
2025-03-13,11.244175910949707,11.31065301163997,11.187194892013359,11.215685854322818,131237121
2025-03-14,11.367633819580078,11.396123875678157,11.225181727724568,11.225181727724568,172241765
2025-03-17,10.921285629272461,11.082730793638051,10.883298585050122,11.044743749415712,460361210
2025-03-18,10.911787986755371,10.959272015603448,10.902290999849251,10.940278947473729,160529000
2025-03-19,10.940279006958008,10.949775088233238,10.883297990893997,10.902291059126984,136245491
2025-03-20,10.911787986755371,11.025749112581241,10.911787986755371,10.930781960567609,110115724
2025-03-21,10.845312118530273,10.940280186986122,10.816822060266569,10.911789223039793,137638897
2025-03-24,10.807324409484863,10.864304522517754,10.769337365568745,10.83581446600131,116457734
2025-03-25,10.85480785369873,10.85480785369873,10.788329851179183,10.807323824951203,73560888
2025-03-26,10.807324409484863,10.854808440800651,10.797827422085192,10.84531145340098,74086307
2025-03-27,10.816822052001953,10.835815122269038,10.778835005785163,10.797828076052248,55334940
2025-03-28,10.778834342956543,10.826317468545659,10.769337355565693,10.816821386837375,64494555
2025-03-31,10.693363189697266,10.807324320507368,10.693363189697266,10.788330345864404,111612564
2025-04-01,10.702859878540039,10.731349934027401,10.655375848939412,10.702859878540039,68147042
2025-04-02,10.797826766967773,10.835813808579172,10.683865642133584,10.683865642133584,93264176
2025-04-03,10.76933765411377,10.816821686701806,10.731350609179858,10.740847596833984,64391391
2025-04-07,10.161543846130371,10.493931162566337,9.952614649922547,10.446447130835116,254556048
2025-04-08,10.275505065917969,10.303996028607589,10.123556887636996,10.14255086276341,146398771
2025-04-09,10.256511688232422,10.285001744383239,10.123556583391014,10.19003368297044,106439405
2025-04-10,10.351478576660156,10.379969537757818,10.27550449176479,10.313491534212474,86654805
2025-04-11,10.3419828414917,10.351478923159586,10.285001823071559,10.322988866790798,58387902
2025-04-14,10.379969596862793,10.484433737768121,10.370472609776161,10.398962665353517,78599345
2025-04-15,10.39896297454834,10.417956949286353,10.35147894338587,10.370472918123882,72275410
2025-04-16,10.446446418762207,10.455943405597612,10.360975348608587,10.379969322279397,84282217
2025-04-17,10.503427505493164,10.522420573610574,10.379969392841183,10.398962460958593,82391931
2025-04-18,10.617388725280762,10.62688480658231,10.474936637567188,10.484433624551265,72709815
2025-04-21,10.465441703796387,10.569905855028097,10.417957669351926,10.446447727745552,111418418
2025-04-22,10.484434127807617,10.503428102687488,10.427453108850575,10.465441058610317,83112887
2025-04-23,10.455944061279297,10.493931105320533,10.41795701723806,10.484434117889581,58638293
2025-04-24,10.474936485290527,10.503427445828578,10.436949443588972,10.44644643043499,68925613
2025-04-25,10.455944061279297,10.493931105320533,10.436950086417394,10.484434117889581,63754686
2025-04-28,10.446446418762207,10.484433460421315,10.4084593771031,10.446446418762207,64201837
2025-04-29,10.42745304107666,10.465440990589498,10.398962984624598,10.44644701583308,64904494
2025-04-30,10.360976219177246,10.417957239294926,10.341983149593078,10.408460251661548,86983492
2025-05-06,10.408459663391113,10.446446706095067,10.34198256507983,10.37047262068716,85467127
2025-05-07,10.474936485290527,10.484433472136544,10.417956375579454,10.455943417281008,112627001
2025-05-08,10.522421836853027,10.522421836853027,10.436950755857373,10.446447743897474,105661366
2025-05-09,10.588897705078125,10.607891678939998,10.503427539747264,10.512923620995679,99989747
2025-05-12,10.598395347595215,10.655376367022992,10.569905290722614,10.598395347595215,89560460
2025-05-13,10.721853256225586,10.759840299865255,10.588898150645461,10.62688519428513,126103062
2025-05-14,10.85480785369873,10.89279489556025,10.683865712480635,10.721852754342153,168351358
2025-05-15,10.816822052001953,10.921286202677473,10.8073250640271,10.854809098218745,103546026
2025-05-16,10.807324409484863,10.854808440800651,10.740847309052299,10.797827422085192,91474445
2025-05-19,10.797826766967773,10.892794823837521,10.788329780144297,10.826316821755693,83139060
2025-05-20,10.816822052001953,10.892796144435534,10.797828076052248,10.826318134294185,64363480
2025-05-21,10.902292251586914,11.006757308183253,10.816822076666215,10.826318158980099,132827810
2025-05-22,10.968769073486328,10.978266060453901,10.864304028208085,10.873801015175658,100296806
2025-05-23,10.88329792022705,10.940278935921075,10.854807865221298,10.940278935921075,96264311
2025-05-26,10.845312118530273,10.921286211021904,10.826318142566056,10.86430518881187,69915858
2025-05-27,10.911787986755371,10.959272015603448,10.845310889777577,10.873800944813414,80191514
2025-05-28,10.949775695800781,10.968769670770207,10.864304619803514,10.921285639029218,65817947
2025-05-29,10.88329792022705,10.968768990926828,10.87380093333096,10.940278935921075,91980676
2025-05-30,10.978266716003418,10.997259785390177,10.864304676952543,10.892795639556551,113084931
2025-06-03,11.215685844421387,11.3106530016547,10.949775630529945,10.959272617958048,219247966
2025-06-04,11.244175910949707,11.282162955013082,11.187194892013359,11.225181936076734,116795950
2025-06-05,11.082730293273926,11.310652548317714,11.073233306226468,11.282162492857873,116680349
2025-06-06,11.111220359802246,11.196691431949443,11.092227291370945,11.111220359802246,68235251
2025-06-09,11.120718002319336,11.15870504710345,11.063736982301874,11.139711071870098,77325468
2025-06-10,11.215685844421387,11.291659932481064,11.120717781505505,11.130214768933607,142813180
2025-06-11,11.253673553466797,11.329647646016026,11.196692531213563,11.225182589498868,109466664
2025-06-12,11.441756248474121,11.461347810537639,11.285020015079402,11.324204073428081,129022047
2025-06-13,11.343795776367188,11.500532011708371,11.324204214060368,11.441756390566255,109549419
2025-06-16,11.549511909484863,11.549511909484863,11.294815068971252,11.333999126417837,117443827
2025-06-17,11.520124435424805,11.637676611187715,11.471144128634847,11.54951224581012,89002734
2025-06-18,11.52992057800293,11.569104636231605,11.422163717207841,11.539715891893868,68352111
2025-06-19,11.461347579956055,11.53971569507679,11.41236727445019,11.520124133407418,83224716
2025-06-20,11.598492622375488,11.618084184676343,11.431960138820779,11.461347949382889,130919782
2025-06-23,11.686656951904297,11.725841010605686,11.431960103234447,11.569104775800131,138917048
2025-06-24,11.686656951904297,11.765025069307073,11.59849258627076,11.657268207212018,130852531
2025-06-25,11.814004898071289,11.833596459518196,11.588695868991376,11.68665647889075,167511647
2025-06-26,12.156865119934082,12.225436986080561,11.765024550209043,11.804208607181547,217457766
2025-06-27,11.951148986816406,12.323398007610797,11.882577118377474,12.11768146807236,237760015
2025-06-30,11.823801040649414,11.921761657416797,11.716045109582637,11.892373846075253,150481965
2025-07-01,12.04910945892334,12.078497268736598,11.814005111974014,11.814005111974014,135434108
2025-07-02,12.068700790405273,12.156865152384144,11.9805364284264,12.058905476802208,120041184
2025-07-03,12.098090171813965,12.16666204175929,12.029517367646978,12.078497675131494,79408597
2025-07-04,12.34299087524414,12.460543053628545,12.049109962172295,12.098090270054549,177533267
2025-07-07,12.519318580627441,12.558502639791312,12.342990781500855,12.342990781500855,149540653
2025-07-08,12.431154251098633,12.578095174068466,12.391970191817677,12.489930807130898,109098597
2025-07-09,12.578094482421875,12.636870101000511,12.401765758242739,12.401765758242739,120596330
2025-07-10,12.91115951538086,13.058099496962658,12.529114255357914,12.55850206482995,248141553
2025-07-11,12.646666526794434,13.028711789817956,12.62707496506641,12.920954930538139,244374350
2025-07-14,12.715238571166992,12.901363548392956,12.597686396497688,12.607482644608872,187289585
2025-07-15,12.470337867736816,12.774015017051253,12.450746305902586,12.725034711133231,181053131
2025-07-16,12.382174491882324,12.499726666062713,12.245029821561051,12.47033792185139,192786379
2025-07-17,12.333194732666016,12.440950663554391,12.284214424363418,12.352786295454049,94464140
2025-07-18,12.440950393676758,12.489930700916842,12.342990713418247,12.362582275781287,124120611
2025-07-21,12.35278606414795,12.450746678918831,12.294010442662747,12.38217480911221,107902662
2025-07-22,12.235233306884766,12.342990164868327,12.06870083020255,12.342990164868327,193522916
2025-07-23,12.274417877197266,12.372378491418882,12.196049759508632,12.205846007775126,137052000
2025-07-24,12.098090171813965,12.274417970847894,12.078497675131494,12.274417970847894,195935057
2025-07-25,12.098090171813965,12.20584610090257,12.068701426790257,12.078497675131494,110826666
2025-07-28,12.205845832824707,12.274417701263983,12.068701161724514,12.098089906102754,123824278
2025-07-29,12.08829402923584,12.254826515607226,12.08829402923584,12.20584620769417,101281801
2025-07-30,12.235233306884766,12.382174222074637,12.088293325916512,12.098089573773493,171516360
2025-07-31,11.980536460876465,12.294009852563917,11.970741147246867,12.254825795380688,169008125
2025-08-01,12.02951717376709,12.07849748046219,11.90216875004849,11.99033311525534,101218698
2025-08-04,12.04910945892334,12.127477574573115,11.960945095261936,11.990332905075194,103268969
2025-08-05,12.215641975402832,12.245029785305508,12.029516999502075,12.049109495584947,113207820
2025-08-06,12.205845832824707,12.264622387359545,12.14706927828987,12.215642080950786,69044765
2025-08-07,12.215641975402832,12.274417595208185,12.137273859514607,12.186253231278524,72205305
2025-08-08,12.147068977355957,12.274417397175116,12.13727366369419,12.225437091979806,82979591
2025-08-11,12.04910945892334,12.166661632398004,12.019721649110082,12.147069136374745,93435315
2025-08-12,12.078497886657715,12.147069757803914,12.049110075341012,12.049110075341012,68005619
2025-08-13,12.009925842285156,12.147069582599448,11.980537097170668,12.117681771706623,111981305
2025-08-14,11.951148986816406,12.08829365791591,11.941352738690377,12.019721789476979,124104129
2025-08-15,11.833597183227539,11.98053717284142,11.69645250782536,11.98053717284142,194850295
2025-08-18,11.833597183227539,11.902169053817794,11.784616875282355,11.814005620582467,123905837
2025-08-19,11.814004898071289,11.872780516633624,11.774820840955863,11.853188955186717,89285989
2025-08-20,11.823801040649414,11.872781349033104,11.735636672403107,11.814005726350018,104873853
2025-08-21,11.902168273925781,11.94135233087005,11.784616103092972,11.804208598675912,121741825
2025-08-22,11.814004898071289,11.921760821583309,11.735635849618824,11.90216832591479,164425977
2025-08-25,12.196049690246582,12.274417807490158,11.853189410861354,11.872780973061422,304508753
2025-08-26,12.107885360717773,12.24503003341178,12.049109739721523,12.196049726433802,138359861
2025-08-27,11.814004898071289,12.107884859326182,11.80420865023703,12.068700802210756,186004950
2025-08-28,11.833597183227539,11.892373739606093,11.725841253125472,11.84339343166091,165358793
2025-08-29,11.804208755493164,11.970741233274072,11.78461625964994,11.804208755493164,180512568
2025-09-01,11.647472381591797,11.804208609512767,11.608288324611554,11.804208609512767,185845902
2025-09-02,11.735636711120605,11.745432959673998,11.598492968259828,11.608289216813223,149271566
2025-09-03,11.51032829284668,11.765025143114357,11.500532044554463,11.735636398237709,136723249
2025-09-04,11.500532150268555,11.529920895415348,11.363388409803518,11.520124647033082,129530002
2025-09-05,11.480940818786621,11.500532381723776,11.392776450015212,11.490736133144356,81966156
2025-09-08,11.461347579956055,11.53971569507679,11.431959770341185,11.471143827901553,92443104
2025-09-09,11.51032829284668,11.539716103501672,11.441756423244481,11.471144233899471,86053917
2025-09-10,11.52992057800293,11.549512140006447,11.471144023549096,11.500531833665192,79266839
2025-09-11,11.608288764953613,11.608288764953613,11.471144093209594,11.529920648020358,96393163
2025-09-12,11.480940818786621,11.6376770591706,11.461348321627781,11.588696750495185,94038510
2025-09-15,11.412367820739746,11.480940625419063,11.39277625813256,11.46134812859021,84038656
2025-09-16,11.402572631835938,11.47114450304704,11.373183886269741,11.42216419465839,70804849
2025-09-17,11.402572631835938,11.431960443180456,11.343796074925223,11.402572631835938,77112893
2025-09-18,11.177263259887695,11.422163860443417,11.14787544940307,11.412367612207992,138616040
2025-09-19,11.216446876525879,11.275223429400176,11.138078762174558,11.177262819350219,83465123
2025-09-22,11.147875785827637,11.236040154163817,11.138079537296576,11.206651408570638,59640232
2025-09-23,11.285019874572754,11.343795494253152,11.089098651047074,11.138078956928494,134143022
2025-09-24,11.22624397277832,11.38298021332602,11.196856161231048,11.275224281504897,113958347
2025-09-25,11.16746711730957,11.236039921384675,11.128283058218793,11.196855862293898,77327594
2025-09-26,11.16746711730957,11.206651176400348,11.089098999128018,11.15767180320312,75323875
2025-09-29,11.138078689575195,11.24583461255049,11.040119014385366,11.167466498709985,117601243
2025-09-30,11.108691215515137,11.138079025536358,11.05971090933201,11.138079025536358,83247947
2025-10-09,11.16746711730957,11.17726336563768,11.040119625930792,11.098895247456126,104746906
2025-10-10,11.196855545043945,11.25563116490394,11.128282742911773,11.138078990962317,108794775
2025-10-13,11.16746711730957,11.226243673056565,11.04991494003724,11.089098999128018,116880173
2025-10-14,11.333999633789062,11.363388378855817,11.128283089430102,11.157671834496854,184342836
2025-10-15,11.399999618530273,11.420000076293945,11.260000228881836,11.34000015258789,127106103
2025-10-16,11.539999961853027,11.550000190734863,11.359999656677246,11.380000114440918,126193687
2025-10-17,11.399999618530273,11.579999923706055,11.380000114440918,11.5,103966632
2025-10-20,11.420000076293945,11.449999809265137,11.270000457763672,11.40999984741211,95264110
2025-10-21,11.430000305175781,11.470000267028809,11.390000343322754,11.399999618530273,76116462
2025-10-22,11.520000457763672,11.539999961853027,11.399999618530273,11.399999618530273,83370319
2025-10-23,11.630000114440918,11.710000038146973,11.5,11.520000457763672,137311158
2025-10-24,11.5600004196167,11.680000305175781,11.550000190734863,11.600000381469727,98047530
2025-10-27,11.520000457763672,11.609999656677246,11.4399995803833,11.539999961853027,123948526
2025-10-28,11.470000267028809,11.579999923706055,11.420000076293945,11.529999732971191,82156818
2025-10-29,11.390000343322754,11.460000038146973,11.359999656677246,11.460000038146973,96621364
2025-10-30,11.380000114440918,11.470000267028809,11.359999656677246,11.380000114440918,94377015
2025-10-31,11.319999694824219,11.399999618530273,11.300000190734863,11.380000114440918,97019293
2025-11-03,11.430000305175781,11.4399995803833,11.300000190734863,11.34000015258789,95232643
2025-11-04,11.59000015258789,11.640000343322754,11.399999618530273,11.420000076293945,150300748
2025-11-05,11.520000457763672,11.600000381469727,11.5,11.59000015258789,79492605
2025-11-06,11.510000228881836,11.579999923706055,11.470000267028809,11.5,76658546
2025-11-07,11.550000190734863,11.579999923706055,11.5,11.520000457763672,73485055
2025-11-10,11.630000114440918,11.640000343322754,11.449999809265137,11.520000457763672,82720833
2025-11-11,11.670000076293945,11.6899995803833,11.569999694824219,11.619999885559082,88650887
2025-11-12,11.680000305175781,11.789999961853027,11.649999618530273,11.699999809265137,114132538
2025-11-13,11.699999809265137,11.720000267028809,11.569999694824219,11.680000305175781,97899103
2025-11-14,11.75,11.84000015258789,11.65999984741211,11.670000076293945,131699498
2025-11-17,11.670000076293945,11.75,11.619999885559082,11.75,99523287
2025-11-18,11.59000015258789,11.6899995803833,11.569999694824219,11.649999618530273,67007735
2025-11-19,11.800000190734863,11.829999923706055,11.569999694824219,11.579999923706055,133499619
2025-11-20,11.850000381469727,11.989999771118164,11.739999771118164,11.789999961853027,163703985
2025-11-21,11.6899995803833,11.880000114440918,11.65999984741211,11.800000190734863,146535888
2025-11-24,11.600000381469727,11.729999542236328,11.600000381469727,11.699999809265137,111711880
2025-11-25,11.800000190734863,11.800000190734863,11.579999923706055,11.609999656677246,102808052
2025-11-26,11.6899995803833,11.850000381469727,11.649999618530273,11.8100004196167,82130109
2025-11-27,11.710000038146973,11.710000038146973,11.579999923706055,11.65999984741211,101184710
2025-11-28,11.609999656677246,11.680000305175781,11.579999923706055,11.670000076293945,88435845
2025-12-01,11.6899995803833,11.699999809265137,11.529999732971191,11.600000381469727,103732271
2025-12-02,11.640000343322754,11.729999542236328,11.59000015258789,11.680000305175781,76805993
2025-12-03,11.550000190734863,11.699999809265137,11.539999961853027,11.640000343322754,94460109
2025-12-04,11.489999771118164,11.579999923706055,11.460000038146973,11.550000190734863,88608988
2025-12-05,11.529999732971191,11.539999961853027,11.399999618530273,11.489999771118164,89076609
2025-12-08,11.520000457763672,11.600000381469727,11.479999542236328,11.489999771118164,85589893
2025-12-09,11.430000305175781,11.539999961853027,11.430000305175781,11.520000457763672,73395745
2025-12-10,11.329999923706055,11.460000038146973,11.289999961853027,11.4399995803833,104406472
2025-12-11,11.369999885559082,11.390000343322754,11.300000190734863,11.350000381469727,92526129
2025-12-12,11.350000381469727,11.430000305175781,11.300000190734863,11.369999885559082,119189472
2025-12-15,11.510000228881836,11.539999961853027,11.329999923706055,11.34000015258789,94083253
2025-12-16,11.479999542236328,11.550000190734863,11.4399995803833,11.489999771118164,64735136
2025-12-17,11.529999732971191,11.579999923706055,11.420000076293945,11.470000267028809,70149533
2025-12-18,11.640000343322754,11.649999618530273,11.479999542236328,11.510000228881836,79046654
2025-12-19,11.619999885559082,11.649999618530273,11.579999923706055,11.630000114440918,64988619
2025-12-22,11.520000457763672,11.609999656677246,11.510000228881836,11.609999656677246,74236916
2025-12-23,11.5600004196167,11.600000381469727,11.5,11.520000457763672,66626574
2025-12-24,11.539999961853027,11.579999923706055,11.489999771118164,11.550000190734863,50524356
2025-12-25,11.5600004196167,11.619999885559082,11.520000457763672,11.539999961853027,54745523
2025-12-26,11.539999961853027,11.59000015258789,11.529999732971191,11.5600004196167,43633984
2025-12-29,11.5600004196167,11.619999885559082,11.5,11.539999961853027,64829542
2025-12-30,11.479999542236328,11.5600004196167,11.449999809265137,11.529999732971191,58258433
2025-12-31,11.40999984741211,11.489999771118164,11.399999618530273,11.479999542236328,59062037
2026-01-05,11.5,11.510000228881836,11.40999984741211,11.420000076293945,87549118
2026-01-06,11.670000076293945,11.680000305175781,11.479999542236328,11.5,130464842
2026-01-07,11.640000343322754,11.819999694824219,11.619999885559082,11.65999984741211,96623624
2026-01-08,11.510000228881836,11.649999618530273,11.489999771118164,11.640000343322754,110008511
2026-01-09,11.460000038146973,11.529999732971191,11.4399995803833,11.529999732971191,98339004
2026-01-12,11.479999542236328,11.489999771118164,11.420000076293945,11.449999809265137,85521298
2026-01-13,11.470000267028809,11.539999961853027,11.4399995803833,11.479999542236328,106154122
2026-01-14,11.359999656677246,11.470000267028809,11.350000381469727,11.470000267028809,127475714
2026-01-15,11.3100004196167,11.369999885559082,11.300000190734863,11.329999923706055,88495977
2026-01-16,11.1899995803833,11.34000015258789,11.15999984741211,11.34000015258789,111947254
2026-01-19,11.119999885559082,11.210000038146973,11.109999656677246,11.149999618530273,80474131
2026-01-20,11.15999984741211,11.199999809265137,11.109999656677246,11.119999885559082,77227609
2026-01-21,11.069999694824219,11.180000305175781,11.0600004196167,11.149999618530273,90012491
2026-01-22,11.069999694824219,11.149999618530273,11.050000190734863,11.069999694824219,78863462
2026-01-23,10.989999771118164,11.09000015258789,10.979999542236328,11.069999694824219,110999429
2026-01-26,10.960000038146973,11.0600004196167,10.920000076293945,10.979999542236328,110624665
2026-01-27,10.9399995803833,11.029999732971191,10.930000305175781,10.960000038146973,89409121
2026-01-28,10.84000015258789,10.989999771118164,10.819999694824219,10.9399995803833,143876603
2026-01-29,10.960000038146973,10.979999542236328,10.65999984741211,10.84000015258789,185299383
2026-01-30,10.829999923706055,11.029999732971191,10.829999923706055,10.9399995803833,109175497
2026-02-02,10.859999656677246,11.029999732971191,10.800000190734863,10.819999694824219,122317302
2026-02-03,10.84000015258789,10.899999618530273,10.770000457763672,10.890000343322754,80662816
2026-02-04,10.970000267028809,10.979999542236328,10.84000015258789,10.850000381469727,69541547
2026-02-05,11.09000015258789,11.109999656677246,10.960000038146973,10.979999542236328,117759109
2026-02-06,11.050000190734863,11.140000343322754,10.989999771118164,11.079999923706055,72770959
2026-02-09,11.069999694824219,11.109999656677246,11.010000228881836,11.050000190734863,61971670
2026-02-10,11.0600004196167,11.100000381469727,11.020000457763672,11.069999694824219,60042999
2026-02-11,11.069999694824219,11.09000015258789,11.020000457763672,11.0600004196167,43104098
2026-02-12,10.960000038146973,11.079999923706055,10.930000305175781,11.069999694824219,68134024
2026-02-13,10.90999984741211,10.989999771118164,10.899999618530273,10.960000038146973,55504736
2026-02-24,10.90999984741211,10.949999809265137,10.880000114440918,10.930000305175781,60251240
2026-02-25,10.859999656677246,10.949999809265137,10.779999732971191,10.90999984741211,106313487
2026-02-26,10.869999885559082,10.90999984741211,10.800000190734863,10.859999656677246,71273019
2026-02-27,10.899999618530273,10.920000076293945,10.84000015258789,10.859999656677246,61222796
2026-03-02,10.850000381469727,10.890000343322754,10.770000457763672,10.850000381469727,83887355
2026-03-03,10.880000114440918,10.949999809265137,10.800000190734863,10.850000381469727,102869483
2026-03-04,10.710000038146973,10.84000015258789,10.670000076293945,10.84000015258789,108971396
2026-03-05,10.8100004196167,10.84000015258789,10.699999809265137,10.720000267028809,71264118
2026-03-06,10.819999694824219,10.84000015258789,10.770000457763672,10.779999732971191,47657680
2026-03-09,10.760000228881836,10.819999694824219,10.739999771118164,10.789999961853027,83589238
2026-03-10,10.8100004196167,10.8100004196167,10.729999542236328,10.770000457763672,79011168
2026-03-11,10.890000343322754,10.899999618530273,10.770000457763672,10.789999961853027,72053464
2026-03-12,10.9399995803833,10.960000038146973,10.850000381469727,10.869999885559082,75490558
2026-03-13,10.930000305175781,11.0,10.880000114440918,10.920000076293945,84193915
2026-03-16,10.920000076293945,10.970000267028809,10.880000114440918,10.930000305175781,71560301
2026-03-17,11.029999732971191,11.069999694824219,10.899999618530273,10.90999984741211,107665681
2026-03-18,10.960000038146973,11.039999961853027,10.90999984741211,11.039999961853027,79107940
2026-03-19,10.880000114440918,10.970000267028809,10.859999656677246,10.920000076293945,62421195
2026-03-20,10.770000457763672,10.9399995803833,10.760000228881836,10.869999885559082,83408256
2026-03-23,10.449999809265137,10.680000305175781,10.430000305175781,10.680000305175781,158008833
2026-03-24,10.880000114440918,10.890000343322754,10.520000457763672,10.520000457763672,162225127
2026-03-25,10.9399995803833,10.949999809265137,10.789999961853027,10.890000343322754,74477991
2026-03-26,10.9399995803833,11.050000190734863,10.899999618530273,10.90999984741211,82766409
2026-03-27,11.020000457763672,11.050000190734863,10.829999923706055,10.90999984741211,88412862
