Date,Close,High,Low,Open,Volume
2011-03-28,10.50023365020752,10.616491155654336,10.50023365020752,10.581434041888315,309355200
2011-03-29,10.515814781188965,10.515814781188965,10.3689967150838,10.416937014184015,352900800
2011-03-30,10.446002960205078,10.513420871336464,10.410347364661902,10.506228784711888,329406000
2011-03-31,10.44240665435791,10.481058613872861,10.368997614934685,10.377985921734473,274019200
2011-04-01,10.324053764343262,10.534694136474858,10.286300309311121,10.520312363190351,418661600
2011-04-04,10.223077774047852,10.325251960816926,10.139481075827046,10.316562890416211,460084800
2011-04-05,10.15416431427002,10.254839930605533,10.067571234735414,10.097234893157868,482731200
2011-04-06,10.128693580627441,10.304276800788912,10.101727060147692,10.223976513140288,402539200
2011-04-07,10.129894256591797,10.200306135878566,10.068469085047276,10.13049273036238,373447200
2011-04-08,10.039402961730957,10.19191452240245,10.00614447055502,10.185023274699931,377535200
2011-04-11,9.911761283874512,10.057680039790567,9.88839040799003,10.009439703614499,398946800
2011-04-12,9.959702491760254,9.999552995966448,9.893783179393637,9.902472248714801,425639200
2011-04-13,10.071466445922852,10.071765682813831,9.963299510721388,10.038207145598944,346220000
2011-04-14,9.960304260253906,10.067571896635542,9.94951812929006,10.031616259859023,301800800
2011-04-15,9.811685562133789,9.996857174568202,9.791910325900322,9.98666951948806,453605600
2011-04-18,9.943224906921387,9.954611111421311,9.592957701104734,9.770938055162715,609898800
2011-04-19,10.123297691345215,10.126892532845154,9.939024659879445,9.98067377500951,419378400
2011-04-20,10.259631156921387,10.359707470427114,10.232365402111279,10.292590412266406,700666400
2011-04-21,10.508025169372559,10.640761514667004,10.442705925891586,10.636865834948868,753810400
2011-04-25,10.577239036560059,10.599412164769149,10.49603864556362,10.497237993132828,266546000
2011-04-26,10.499638557434082,10.63656905077108,10.467577802046703,10.595519986481456,338800000
2011-04-27,10.491547584533691,10.55746691475405,10.400161113300404,10.554170508188758,356213200
2011-04-28,10.38967227935791,10.479560148973064,10.352817340703371,10.372892612956178,360959200
2011-04-29,10.490945816040039,10.605403896890103,10.387273062021325,10.390569467551384,1006345200
2011-05-02,10.375589370727539,10.501134436646872,10.352218491664727,10.479261342096406,442713600
2011-05-03,10.433115005493164,10.483752428714338,10.35581030492582,10.426823032224329,313348000
2011-05-04,10.474172592163086,10.541888964392069,10.393571426900778,10.434920539168678,389250400
2011-05-05,10.38967227935791,10.515516576976776,10.368697696355746,10.439110367616685,335969200
2011-05-06,10.38697624206543,10.487052576928884,10.373492980192077,10.477764232098137,280134400
2011-05-09,10.415140151977539,10.463081255590582,10.383079403919691,10.422929911232142,204747200
2011-05-10,10.470566749572754,10.477758031675922,10.386970095368786,10.45378709133203,282091600
2011-05-11,10.404057502746582,10.487055757830701,10.344431735516295,10.457692129724593,336000000
2011-05-12,10.384278297424316,10.400758727423412,10.255438427400307,10.370795836704112,322000000
2011-05-13,10.202404975891113,10.374691829319163,10.19791082148905,10.357014448624982,326116000
2011-05-16,9.986671447753906,10.22397912896724,9.965696859715527,10.16345406082536,449775200
2011-05-17,10.07176399230957,10.07176399230957,9.909664035259318,9.947717520240893,452334400
2011-05-18,10.1835298538208,10.218886220984462,10.06757313102616,10.081655670479602,334776400
2011-05-19,10.203303337097168,10.2596334807809,10.147571667185884,10.249745861957487,261170000
2011-05-20,10.04419994354248,10.21588831090098,10.038207204701209,10.174239176003471,337968400
2011-05-23,10.01962661743164,10.066968439546644,9.870411466896577,9.886891093567234,383600000
2011-05-24,9.953411102294922,10.064574398082561,9.927942364438827,10.052588921421204,321927200
2011-05-25,10.090938568115234,10.144273127117325,9.973184086850118,9.990562223986712,294224000
2011-05-26,10.03760814666748,10.094238329787304,10.020529240651914,10.066672530623325,222560800
2011-05-27,10.109814643859863,10.116406654114192,10.016929626934823,10.031611431543018,203599200
2011-05-31,10.422032356262207,10.422032356262207,10.217384736569645,10.220381905924977,417754400
2011-06-01,10.352521896362305,10.55087681158623,10.326754711725814,10.453198339237936,554682800
2011-06-02,10.370195388793945,10.426526325401415,10.316262347463978,10.382180864688838,338783200
2011-06-03,10.290493965148926,10.347124140755463,10.247647087345038,10.282704205619895,313250000
2011-06-06,10.128693580627441,10.398660422566557,10.121802332084476,10.35821064184693,461941200
2011-06-07,9.948915481567383,10.134087083079391,9.944720565017118,10.132589298646414,529785200
2011-06-08,9.954909324645996,10.031614778455037,9.907269053068323,9.941126825977857,333723600
2011-06-09,9.932439804077148,9.997759068032165,9.910266666704258,9.985174314388091,275088800
2011-06-10,9.764947891235352,9.937534825519776,9.753261646643574,9.904275514179536,433955200
2011-06-13,9.785919189453125,9.837155910006919,9.740075934236366,9.803896607144546,329473200
2011-06-14,9.96090030670166,9.985170493679137,9.86711596448659,9.88779050894159,334569200
2011-06-15,9.790412902832031,9.89678121092729,9.734381197871905,9.880301580091464,399196000
2011-06-16,9.74277400970459,9.848243839310976,9.538127127893402,9.794910050523665,510591200
2011-06-17,9.595952033996582,9.865320426153374,9.568985511123218,9.857529866183699,615020000
2011-06-20,9.447935104370117,9.51924708939352,9.30351331284716,9.509059434362015,640645600
2011-06-21,9.746965408325195,9.761946453655202,9.44433933155525,9.488684793925236,493382400
2011-06-22,9.666362762451172,9.854830732309798,9.659470715157271,9.74276815557064,390583200
2011-06-23,9.924647331237793,9.938429830095277,9.531832512122952,9.556401140499634,559759200
2011-06-24,9.778428077697754,9.982176399814108,9.740674622706344,9.928842623773072,439807200
2011-06-27,9.948915481567383,10.004647144208116,9.80539300861233,9.81558066309155,339813600
2011-06-28,10.045395851135254,10.088542762790272,9.990863537866,9.997155512447472,294299600
2011-06-29,10.008840560913086,10.078653947077392,9.944119801077465,10.068766331025563,352545200
2011-06-30,10.057683944702148,10.071468046244805,9.97288947746912,10.028620357022966,322954800
2011-07-01,10.285100936889648,10.292291422346693,10.013635507856502,10.066070764884756,435313200
2011-07-05,10.469971656799316,10.48195713175715,10.262328503794869,10.277309547393697,355054000
2011-07-06,10.539787292480469,10.60990153581516,10.388474239360946,10.455591313219513,444626000
2011-07-07,10.702783584594727,10.726753732793536,10.606901391602673,10.626977460850796,399663600
2011-07-08,10.77799129486084,10.786681164361354,10.552969200400554,10.587127004351936,489633200
2011-07-11,10.606902122497559,10.779789798660065,10.571545771421254,10.677016350999907,442674400
2011-07-12,10.599414825439453,10.71716934365603,10.445703874074225,10.592822012596887,451609200
2011-07-13,10.72735595703125,10.786682465762784,10.67821550317114,10.736643501210613,391638800
2011-07-14,10.719862937927246,10.834921094317789,10.677016066184079,10.816942882335622,430533600
2011-07-15,10.934099197387695,10.936496292559946,10.761812382423992,10.821738161533235,484467200
2011-07-18,11.200172424316406,11.22564036324685,10.944887360362411,10.94938151426811,572653200
2011-07-19,11.291560173034668,11.345493222615076,11.185790332328349,11.326017221355785,819145600
2011-07-20,11.592686653137207,11.873440442830944,11.565720130782234,11.868946289137973,941340400
2011-07-21,11.6043701171875,11.687366722763658,11.502795227155302,11.594182464475237,526534400
2011-07-22,11.784449577331543,11.836884834388016,11.618154699212825,11.635233602367235,516728800
2011-07-25,11.940258979797363,11.985202919675755,11.674186983239949,11.696059279262158,589806000
2011-07-26,12.087374687194824,12.120034706376952,11.975612933655981,11.98520051351535,472011-07-27,11.763174057006836,12.064302295437077,11.749990035387198,12.00287794031138,659324400
2011-07-28,11.740108489990234,11.89501722368089,11.629545233670838,11.734116549890398,594034000
2011-07-29,11.699954986572266,11.839882634653595,11.505795053587178,11.614860497461008,632584400
2011-08-01,11.887826919555664,11.970224298216804,11.756588307470006,11.918688331908239,612836000
2011-08-02,11.652912139892578,11.922279719069381,11.636133273166555,11.914789196429115,639539600
2011-08-03,11.762579917907715,11.791943542416332,11.453062512525328,11.714938037216557,732508000
2011-08-04,11.30713939666748,11.725122890647855,11.30654012283922,11.667894240295292,871407600
2011-08-05,11.194780349731445,11.490816094130235,10.863689877970298,11.399128775706728,1204590800
2011-08-08,10.583235740661621,11.019496782255956,10.577542237992274,10.837321498910509,1143833600
2011-08-09,11.206465721130371,11.224443939070158,10.636868250934757,10.825635538808982,1082583600
2011-08-10,10.897246360778809,11.22564043761391,10.86159076598081,11.120769911598222,878656800
2011-08-11,11.19717788696289,11.249613158202202,10.928109480191756,11.101894927724938,741969200
2011-08-12,11.295755386352539,11.375156378039241,11.21305718805613,11.328114576870147,528976000
2011-08-15,11.488114356994629,11.534856908439862,11.328710743149719,11.37485402085721,460544000
2011-08-16,11.400322914123535,11.486916776367787,11.267886607329798,11.4314851511089,498750000
2011-08-17,11.399127006530762,11.521375678657083,11.326017192769475,11.455157914621541,442061200
2011-08-18,10.967958450317383,11.165715628387064,10.827731564164559,11.111481742827257,851435200
2011-08-19,10.667729377746582,10.996424294944406,10.666830866989962,10.851702455534394,775888400
2011-08-22,10.680014610290527,10.932903395372614,10.639564822208667,10.921816428178802,535315200
2011-08-23,11.194180488586426,11.195379036393724,10.696794349939246,10.7956721437453,656835200
2011-08-24,11.271483421325684,11.354780080330116,11.104289229311819,11.190283020501136,626267600
2011-08-25,11.197775840759277,11.24961183192867,10.93649802625478,10.938895121807027,871346000
2011-08-26,11.493212699890137,11.499803913267339,11.110284645320686,11.121370813389943,641477200
2011-08-29,11.684674263000488,11.730518315347188,11.62564778532543,11.63104045021455,405269200
2011-08-30,11.685271263122559,11.740702886784986,11.572010920714023,11.63313524515095,417922400
2011-08-31,11.530667304992676,11.747898934372085,11.441677114182545,11.702654946474407,522586400
2011-09-01,11.416803359985352,11.605869839889861,11.407515016304282,11.560326632118835,343725200
2011-09-02,11.207662582397461,11.326016365678335,11.141144786227656,11.228336329769046,438939200
2011-09-06,11.378152847290039,11.395830226166737,10.980842275621086,11.007509562575025,509698000
2011-09-07,11.503697395324707,11.553735560634792,11.445867870024381,11.552537012959153,350576800
2011-09-08,11.509989738464355,11.643924645152994,11.455157380699113,11.457853713006195,416158400
2011-09-09,11.31043529510498,11.565719533697488,11.236725417635826,11.503696695502716,564813200
2011-09-12,11.38414478302002,11.412309052502712,11.143241506775514,11.17620156703913,467832400
2011-09-13,11.524374008178711,11.572014286577438,11.393434651393436,11.450064839069295,440560400
2011-09-14,11.664600372314453,11.75179273305246,11.558531281928065,11.59628474122483,534724400
2011-09-15,11.774261474609375,11.795236056692696,11.68257498751206,11.728418231060719,417818800
2011-09-16,12.00018310546875,12.00018310546875,11.836286114958718,11.851567197438976,698513200
2011-09-19,12.333667755126953,12.381608846882516,11.841376854676387,11.89530908271703,823860800
2011-09-20,12.388203620910645,12.670155934544495,12.320487283755671,12.442136661082468,775754000
2011-09-21,12.348954200744629,12.63210430340036,12.34475928365583,12.573676301240003,605976000
2011-09-22,12.039732933044434,12.279437633563893,11.886322852826204,12.016062819957497,968480800
2011-09-23,12.114044189453125,12.187153999835958,11.980708556568242,11.99359254444903,546277200
2011-09-26,12.080185890197754,12.104456081915341,11.724525248920852,11.981008064828963,812876400
2011-09-27,11.963028907775879,12.262358561734711,11.927073280860014,12.246778243460325,632497600
2011-09-28,11.895612716674805,12.097263146059674,11.880630071849303,11.990894048744368,429637600
2011-09-29,11.70265007019043,12.051419399938807,11.572010789901963,12.042730330407924,651086800
2011-09-30,11.425494194030762,11.652314957667896,11.421299276859672,11.599279619197006,547640800
2011-10-03,11.224141120910645,11.46504439819244,11.181295042629863,11.397028819238338,669099200
2011-10-04,11.161216735839844,11.439872608169823,10.614093444273976,11.223240364224779,1233677200
2011-10-05,11.333510398864746,11.380551406396748,10.79567359925748,11.022194364785088,786469600
2011-10-06,11.30713939666748,11.529165149397716,11.140245235940178,11.186088483654338,812582400
2011-10-07,11.080320358276367,11.318226486836805,11.04106911946731,11.259499247067863,535458000
2011-10-10,11.64991569519043,11.64991569519043,11.332307776102578,11.358675823798597,442514800
2011-10-11,11.993889808654785,12.080483666631858,11.730515792565576,11.762575738505586,605687600
2011-10-12,12.050823211669922,12.262361303886477,11.989398835265531,12.205132645003866,622286000
2011-10-13,12.237788200378418,12.237788200378418,12.070594038878887,12.134414687527581,426185200
2011-10-14,12.644392013549805,12.644392013549805,12.442739921778271,12.489483291742152,573367200
2011-10-17,12.5841646194458,12.785216612223188,12.462813655020902,12.63659988551391,686044800
2011-10-18,12.651581764221191,12.72858726523333,12.464313058829761,12.63719918968543,881602400
2011-10-19,11.943851470947266,12.237488387727899,11.919281248856818,12.025650332051145,1104059600
2011-10-20,11.844675064086914,11.995688866438979,11.81171660416083,11.985201974630876,549270400
2011-10-21,11.771568298339844,11.959437089117918,11.70804685716708,11.928275642506728,621244400
2011-10-24,12.158089637756348,12.179961933432612,11.847373743218164,11.870744623589225,502138000
2011-10-25,11.91838264465332,12.181458218037749,11.90669800677268,12.135914213512981,430427200
2011-10-26,12.003179550170898,12.061607544403369,11.77995446449078,12.037935829707756,456304800
2011-10-27,12.125730514526367,12.254872048455018,12.04183456315402,12.211724324739787,494664800
2011-10-28,12.133520126342773,12.17546849879598,12.060410311521128,12.075092121864952,322842800
2011-10-31,12.128427505493164,12.264759525014872,12.016664917145516,12.057714781539689,385501200
2011-11-01,11.880631446838379,11.970220888427978,11.782053697470857,11.907598770467981,531790000
2011-11-02,11.907598495483398,11.998386482693281,11.838682803453398,11.98789959046214,327350800
2011-11-03,12.077190399169922,12.087078018707693,11.846175505821552,11.95733801659188,441386400
2011-11-04,11.992390632629395,12.088272022591088,11.960030653516093,12.046024427656741,302229200
2011-11-07,11.9771146774292,11.985205276282949,11.869248560432837,11.982508943397551,270275600
2011-11-08,12.17187213897705,12.224907475389397,12.031945293502202,12.051421293848419,400442000
2011-11-09,11.84377670288086,12.011869411187094,11.8123160270595,11.894414141197739,558684000
2011-11-10,11.542351722717285,11.90160806106597,11.450365170010562,11.896214595420481,744752400
2011-11-11,11.524374008178711,11.646622692610105,11.393734688415414,11.583999765481979,653786000
2011-11-14,11.363770484924316,11.543249410443424,11.332009769577084,11.491412620189582,432905200
2011-11-15,11.650511741638184,11.670586207228478,11.36945882209655,11.4099085902266,430810800
2011-11-16,11.5288667678833,11.719731095803118,11.51538270569772,11.663100914978738,349210400
2011-11-17,11.308340072631836,11.523174579856272,11.251110611409723,11.505196361624797,479900400
2011-11-18,11.234328269958496,11.3856413036526,11.232530448562803,11.353581355577203,371938000
2011-11-21,11.056650161743164,11.136651223535392,10.9637643116332,11.098297695666604,447980400
2011-11-22,11.28136920928955,11.323916842651762,11.114475081298837,11.116872176141689,409021200
2011-11-23,10.996121406555176,11.261294024803778,10.992825001072234,11.221442722790574,428271200
2011-11-25,10.893649101257324,11.120768261565997,10.886157779011565,11.038969391426361,254760800
2011-11-28,11.269686698913574,11.287664916180594,11.09620130282955,11.156726367431165,346413200
2011-11-29,11.182194709777832,11.350886708674144,11.092306026943993,11.261297262734747,375855200
2011-11-30,11.451860427856445,11.454257523169934,11.335004431619632,11.424594668813379,405938400
2011-12-01,11.623550415039062,11.655610369220947,11.408415880968796,11.462049696008187,387181200
2011-12-02,11.676584243774414,11.794338760092018,11.643025706808833,11.68047912392005,379055600
2011-12-05,11.775760650634766,11.877635604024746,11.697258177283958,11.790143222905893,357210000
2011-12-06,11.71403694152832,11.824301727770697,11.666995945386171,11.760779500898675,283598000
2011-12-07,11.658308029174805,11.713739668459455,11.588493815334635,11.683476734548243,304746400
2011-12-08,11.705348014831543,11.850369085341905,11.692464027176493,11.72901893172744,376356400
2011-12-09,11.794034957885742,11.80661970526717,11.716431015946213,11.770964121167356,296993200
2011-12-12,11.740704536437988,11.802428143318444,11.669093310997306,11.735910345597004,301067200
2011-12-13,11.649916648864746,11.847373785399837,11.59867993395442,11.775461722258807,338928800
2011-12-14,11.39163589477539,11.607070459863216,11.316429021067597,11.58669514739747,406887600
2011-12-15,11.354180335998535,11.498002843543663,11.335303611880773,11.48571813103978,256200000
2011-12-16,11.416501998901367,11.510286335764382,11.37305585438186,11.396726766254748,421478400
2011-12-19,11.45216178894043,11.531264343234369,11.400324996842077,11.459952349610024,235530400
2011-12-20,11.863849639892578,11.868344592766624,11.60347121364492,11.618452256295976,337215200
2011-12-21,11.878833770751953,11.90430250828265,11.745797381806348,11.886024256558324,262948000
2011-12-22,11.941757202148438,11.95913614494805,11.868348150913938,11.89531387575052,202358800
2011-12-23,12.084980964660645,12.092771525550429,11.969922773353733,11.975915512499721,269399200
2011-12-27,12.180859565734863,12.257565008816732,12.075689018360475,12.078086913561439,265076000
2011-12-28,12.064306259155273,12.232398189490869,12.025354255307104,12.191649164020749,228662000
2011-12-29,12.138615608215332,12.154496769132065,12.00048735291261,12.087079644843447,215978000
2011-12-30,12.135014533996582,12.17336724988638,12.089770570751849,12.090369044340783,179662000
2012-01-03,12.321687698364258,12.359741189230188,12.254870661806896,12.266856139260517,302220800
2012-01-04,12.38790512084961,12.425060099935473,12.26325935914952,12.284832417874965,260022000
2012-01-05,12.525436401367188,12.541016722439506,12.364834198922539,12.43315062241969,271269600
2012-01-06,12.656370162963867,12.666857052047026,12.561088050570845,12.577567676301054,318292800
2012-01-09,12.6362943649292,12.816671729943588,12.62490816577766,12.749255445739474,394024400
2012-01-10,12.681543350219727,12.764241545054652,12.629407323015455,12.761544412558633,258196400
2012-01-11,12.660869598388672,12.669858707110121,12.563789624493069,12.66476447878529,215084800
2012-01-12,12.626108169555664,12.67135213441374,12.547005640206113,12.652775449542924,212587200
2012-01-13,12.578766822814941,12.597943582218752,12.54430978340888,12.575472017440072,226021600
2012-01-17,12.725290298461914,12.763943065776248,12.67315426816308,12.710308450646535,242897200
2012-01-18,12.857423782348633,12.86820990964565,12.773227821535668,12.793003054995578,276791200
2012-01-19,12.816676139831543,12.925141505517818,12.779521961493671,12.888587401124289,261738400
2012-01-20,12.593451499938965,12.809185291819036,12.576971868618902,12.808886054934359,413974400
2012-01-23,12.80648422241211,12.837646452020183,12.653373406222602,12.664459568630157,306062400
2012-01-24,12.596749305725098,12.737276243032722,12.570981326637948,12.737276243032722,547638000
2012-01-25,13.38327693939209,13.616688111688084,13.295485317431393,13.616388874801537,958314000
2012-01-26,13.322453498840332,13.447098471685157,13.277808792672497,13.434215282762157,323985200
2012-01-27,13.401849746704102,13.437805366345616,13.296680019309221,13.313758118538136,299709200
2012-01-30,13.573542594909668,13.600209883334287,13.34522484035144,13.354812422625432,379341200
2012-01-31,13.677515029907227,13.73024953744012,13.575340821426487,13.650847739115672,391683600
2012-02-01,13.668822288513184,13.752719019002557,13.649647127410471,13.735340879173176,270046000
2012-02-02,13.636762619018555,13.698186183563408,13.602604812355159,13.660133497230813,186796400
2012-02-03,13.773391723632812,13.782980103001004,13.649944539660993,13.702080552377122,286599600
2012-02-06,13.901935577392578,13.932198506784516,13.729050272215707,13.734442936770002,249412800
2012-02-07,14.047561645507812,14.075128252282957,13.920217907935047,13.940293989005516,316223600
2012-02-08,14.282769203186035,14.286064009836565,14.073626590456108,14.097597548991773,407890000
2012-02-09,14.776853561401367,14.884121161184545,14.399019867186421,14.405012604620977,884214800
2012-02-10,14.784344673156738,14.910188963910757,14.638424311146537,14.710636400065534,631302000
2012-02-13,15.059406280517578,15.096260418406297,14.894309151934676,14.96741895402142,517216000
2012-02-14,15.264954566955566,15.267950136387391,15.041431000671118,15.121132029886349,460398400
2012-02-15,14.911690711975098,15.769230006343944,14.8883182312446,15.408775979270876,1506120000
2012-02-16,15.047725677490234,15.128026795123155,14.580901622133048,14.726822044113607,944552000
2012-02-17,15.045026779174805,15.214318058723736,14.990493653328839,15.074689637645024,535805200
2012-02-21,15.426448822021484,15.426448822021484,15.104945323591403,15.187643483504134,605595200
2012-02-22,15.372218132019043,15.445627165862996,15.25326429335184,15.373416679514392,483302400
2012-02-23,15.472594261169434,15.51574197261037,15.266149648040154,15.43334302938132,568027600
2012-02-24,15.652971267700195,15.667653074643194,15.540011765366321,15.570873163590047,415072000
2012-02-27,15.753351211547852,15.835449330198358,15.469301802259615,15.620014777739186,547582000
2012-02-28,16.042499542236328,16.042499542236328,15.756052939412948,15.81927515324229,600387200
2012-02-29,16.253131866455078,16.40804215026412,16.051182187738124,16.226765418302346,952011200
2012-03-01,16.313961029052734,16.42602446239446,16.143171946495546,16.424824314245694,683270000
2012-03-02,16.335229873657227,16.383768648206473,16.255527263208247,16.307064806870514,431712400
2012-03-05,15.975079536437988,16.40414846774111,15.760542670490318,16.342425653419127,809124400
2012-03-06,15.888182640075684,15.990955299183216,15.467502022391653,15.690427081370705,810238800
2012-03-07,15.901076316833496,16.113513802747814,15.679648918553982,16.084150169443898,798520800
2012-03-08,16.239646911621094,16.269608996653222,15.943911339149519,16.020916009941878,516457200
2012-03-09,16.334936141967773,16.411940846285066,16.27321172362209,16.306170991624736,418919200
2012-03-12,16.539581298828125,16.539581298828125,16.389764430317218,16.449091743827022,407282400
2012-03-13,17.021991729736328,17.02438882621623,16.65194756159102,16.705582995378382,690855200
2012-03-14,17.665590286254883,17.81959966967463,17.240713915377793,17.32011730275437,1418844000
2012-03-15,17.54513931274414,17.978104697303674,17.33509901481052,17.966119219496267,1159718000
2012-03-16,17.54543113708496,17.654196501890972,17.318611266047323,17.519962407553514,825487600
2012-03-19,18.010765075683594,18.030839551254697,17.649710950726767,17.92896618829869,901236000
2012-03-20,18.15638542175293,18.18454889359459,17.722520737243094,17.963123197423116,816662000
2012-03-21,18.05271339416504,18.26694942245726,18.02005496540057,18.059904681286778,644042000
2012-03-22,17.958032608032227,18.112642091894656,17.843872916995995,17.911289238372994,623870800
2012-03-23,17.859453201293945,18.031740059030025,17.810013501141494,17.992488815987574,430488800
2012-03-26,18.18694305419922,18.192038081464734,17.83577822114506,17.2012-03-27,18.41166687011712012-03-27,18.411670684814453,18.465603736299975,18.159381970410852,18.162977613856377,607129600
2012-03-28,18.505754470825195,18.62051262491651,18.28672425598092,18.528525279341117,655460400
2012-03-29,18.273239135742188,18.47399187586995,18.194437424470483,18.360731518024483,608238400
2012-03-30,17.964319229125977,18.294211050220902,17.916078088972846,18.240577246044285,731038000
2012-04-02,18.536014556884766,18.540208673536558,17.989188796214457,18.032635748222393,598351600
2012-04-03,18.85631561279297,18.94291026892283,18.652268103197787,18.79578976462784,834559600
2012-04-04,18.706199645996094,18.752642157390785,18.487169510166876,18.707398193390734,572980800
2012-04-05,18.986949920654297,19.01631352514895,18.678929709996453,18.786197277500246,641298000
2012-04-09,19.063358306884766,19.171525206385112,18.73586364026482,18.760732297953663,597536800
2012-04-10,18.829952239990234,19.29617608842153,18.756842431348073,19.174226661727197,889725200
2012-04-11,18.76283836364746,19.08254341234346,18.677142989617515,19.062468935335527,696614800
2012-04-12,18.660062789916992,18.916547220002645,18.592046402023136,18.72688063000394,614336800
2012-04-13,18.13451385498047,18.717894671709526,18.082977893010202,18.700215689288626,859644800
2012-04-16,17.382442474365234,18.285825945699166,17.326112323610385,18.27923473238858,1050786800
2012-04-17,18.268442153930664,18.27743046024785,17.136141185736523,17.346781512201957,1025528000
2012-04-18,18.227689743041992,18.5845496003348,18.05899701107568,18.388890354243117,954531200
2012-04-19,17.601470947265625,18.119531667886623,17.513978552067282,17.984398194521532,834719200
2012-04-20,17.168209075927734,17.816609183634593,17.091503599217642,17.719528389620873,1030985200
2012-04-23,17.12984275817871,17.278760245363394,16.678001671737515,17.09718434770019,966529200
2012-04-24,16.787675857543945,17.00970164836284,16.62947074013697,16.857489270266534,1076149200
2012-04-25,18.27742576599121,18.517130408253852,18.157574244958163,18.446417722808974,905777600
2012-04-26,18.208513259887695,18.417955002964977,18.04161914645997,18.40536945603979,536068400
2012-04-27,18.067689895629883,18.162973625916717,17.992783073924333,18.129715131496,406722400
2012-04-30,17.49779510498047,17.92986272031784,17.46843148842902,17.91188450604233,506144800
2012-05-01,17.442359924316406,17.880717804991026,17.415393409732452,17.525357325926066,610999200
2012-05-02,17.557723999023438,17.600271646921442,17.344387285716653,17.385736385783765,427389200
2012-05-03,17.433073043823242,17.720119563319816,17.38752983998232,17.693153045237977,390549600
2012-05-04,16.936594009399414,17.32940892065027,16.93419691336654,17.29105698432191,529992400
2012-05-07,17.06333351135254,17.161912061479462,16.81613824373182,16.82422884092424,460118400
2012-05-08,17.024377822875977,17.123854062101895,16.741227785036216,17.066325383964504,497252000
2012-05-09,17.054338455200195,17.198162538576067,16.80474776766972,16.89014226704503,480704000
2012-05-10,17.0944881439209,17.25509028221802,17.032166884523907,17.2161382949474,333200000
2012-05-11,16.98033905029297,17.21285254898284,16.9096263223582,16.92910232624356,399546000
2012-05-14,16.7259521484375,17.004308100323602,16.707375455889334,16.856291433598418,352626400
2012-05-15,16.574634552001953,16.87576283205727,16.532086912810158,16.82272910163888,476336000
2012-05-16,16.362197875976562,16.686098573677345,16.211184074276975,16.60100329174223,560896000
2012-05-17,15.883988380432129,16.404745320411514,15.883988380432129,16.339126038292815,717220000
2012-05-18,15.891772270202637,16.28218981250809,15.646076499371622,15.999039842394339,732292400
2012-05-21,16.81763458251953,16.825425942160205,16.001742091250325,16.015226952144133,631106000
2012-05-22,16.68849754333496,17.19517121169238,16.556959725891847,17.06543041580604,694870400
2012-05-23,17.09569549560547,17.162812572697135,16.576436258902948,16.704376836942426,584897600
2012-05-24,16.938695907592773,17.27368295717688,16.81614634393659,17.254805421367156,496230000
2012-05-25,16.847898483276367,16.954567627587917,16.7334395790712,16.91681417541656,328507200
2012-05-29,17.146934509277344,17.198771313731218,16.938393543973962,17.105886237750184,380508800
2012-05-30,17.353679656982422,17.378249091983754,16.97584578410175,17.054948355446086,529429600
2012-05-31,17.310529708862305,17.423489237558837,17.12266174343387,17.400716829562345,491674400
2012-06-01,16.80894660949707,17.158316063188725,16.7948648741688,17.05374477660153,520987600
2012-06-04,16.907821655273438,17.004003092377868,16.43470742883522,16.824225767079707,556995600
2012-06-05,16.864072799682617,16.97313900524597,16.729240227119337,16.817331054553573,388214400
2012-06-06,17.122657775878906,17.194268189350506,16.944077397049,17.012093768182837,401455600
2012-06-07,17.130451202392578,17.298243089347203,17.09389629556145,17.297345378669025,379766800
2012-06-08,17.38812828063965,17.395919639308733,17.048947346933222,17.126851332442715,347516400
2012-06-11,17.11397361755371,17.63323127432418,17.097792421405643,17.60986039124047,591264800
2012-06-12,17.263477325439453,17.277259817107456,16.98002813478346,17.212541473554605,435380400
2012-06-13,17.143634796142578,17.333000538156117,17.090300221899838,17.21434751248781,293580000
2012-06-14,17.124757766723633,17.18378584448609,16.9968171925168,17.116068695419955,345573200
2012-06-15,17.20265769958496,17.217339506277334,17.06542641237718,17.108873358808207,335255200
2012-06-18,17.551729202270508,17.6149513927905,17.090000305978766,17.10767928446126,440412000
2012-06-19,17.600576400756836,17.678179589731098,17.471435643585316,17.480423954218534,361404400
2012-06-20,17.5505313873291,17.655701141617335,17.40251315517808,17.624538903207508,358943200
2012-06-21,17.308734893798828,17.624844341808675,17.301842842445314,17.541547652429575,326351200
2012-06-22,17.44146156311035,17.44415789467617,17.24130895049756,17.349775088495104,284471600
2012-06-25,17.10198402404785,17.372550136587044,17.08999854837662,17.29764171374037,304382400
2012-06-26,17.139745712280273,17.213454022798224,16.998918705735992,17.11877031967315,276536400
2012-06-27,17.213743209838867,17.280860266482282,17.136439300023483,17.228724252785142,202997200
2012-06-28,17.050451278686523,17.198768781527395,16.947379359291286,17.128955366334957,282836400
2012-06-29,17.49839973449707,17.49839973449707,17.20625967720216,17.31862074533174,421500800
2012-07-02,17.75368309020996,17.782147401881474,17.48641331686212,17.520271894029737,400092000
2012-07-03,17.960128784179688,17.97780776626247,17.798030376684775,17.824396831045565,241712800
2012-07-05,18.2756404876709,18.407477565554075,17.967320819536962,17.994586586032707,484383200
2012-07-06,18.15398597717285,18.230691429845557,18.02514609979843,18.190241645081592,418930400
2012-07-09,18.39398765563965,18.394286892478238,18.100949980220378,18.136605569725376,379405600
2012-07-10,18.223796844482422,18.573164618970708,18.13690295597402,18.516234416188794,511957600
2012-07-11,18.11054039001465,18.207320315286353,17.894507370315885,18.161177029487163,469322000
2012-07-12,17.944849014282227,18.08177951928913,17.758478805605936,17.984999571142943,428041600
2012-07-13,18.12671661376953,18.193233597661656,17.97780069195503,18.066192367191586,311427200
2012-07-16,18.184844970703125,18.32596953084598,18.128214004363144,18.131211173053586,301260400
2012-07-17,18.18574333190918,18.32237453217855,18.072182168347897,18.301099916236673,293624800
2012-07-18,18.165374755859375,18.22769764221022,18.084473578227218,18.175262375310474,252700000
2012-07-19,18.406875610351562,18.437737014963506,18.157582477348853,18.31578758096622,436861600
2012-07-20,18.106647491455078,18.410472162128556,18.088669274202914,18.36822375163531,397471200
2012-07-23,18.092557907104492,18.154581535059364,17.609554505094735,17.810006357597903,487975600
2012-07-24,18.0053653717041,18.267840837406954,17.933153294785225,18.19892516571007,565132400
2012-07-25,17.22783851623535,17.402522527006074,17.078922493312646,17.212558225857116,877312800
2012-07-26,17.225135803222656,17.390530603545173,17.089703098520637,17.371353838221737,406632800
2012-07-27,17.53314781188965,17.553223880369785,17.126550618182076,17.229024017937462,403936400
2012-07-30,17.828886032104492,17.961022298792145,17.61285143707977,17.705738071925886,379142400
2012-07-31,18.300201416015625,18.32836808065581,18.059299783913783,18.074580063464353,462327600
2012-08-01,18.181856155395508,18.469202034648916,18.0676964598366,18.454520221851887,384501600
2012-08-02,18.211214065551758,18.298106367076056,17.985293441509754,18.062898199194212,332158400
2012-08-03,18.448226928710938,18.51654255892454,18.324179621155462,18.386203274933198,344920800
2012-08-06,18.653472900390625,18.722987077925243,18.435042747727685,18.49586625289771,302103200
2012-08-07,18.604333877563477,18.72688179801894,18.518339267202474,18.660063953764492,290446800
2012-08-08,18.572874069213867,18.69332574187771,18.490175858125326,18.558790730286038,244706000
2012-08-09,18.678789138793945,18.708881476880556,18.590620597034484,18.592124812171953,221642400
2012-08-10,18.707983016967773,18.709787754173806,18.617709194105494,18.61800971579519,194938800
2012-08-13,18.957735061645508,18.957735061645508,18.75461624211829,18.758829972089572,278832400
2012-08-14,19.008596420288086,19.21683222176927,18.96406135927596,19.014013845615448,340169200
2012-08-15,18.98271369934082,19.078104398108778,18.890032516183876,18.996857499395688,257342400
2012-08-16,19.14852523803711,19.16116321963203,18.972789154190732,18.99415512129456,254534000
2012-08-17,19.50269889831543,19.50510628536532,19.22284738556929,19.258656062635808,442761200
2012-08-20,20.015464782714844,20.015464782714844,19.55656658584842,19.55987714541958,613384800
2012-08-21,19.741933822631836,20.308259769980033,19.569508281146287,20.186087245329414,812719600
2012-08-22,20.12740135192871,20.1313129541136,19.502698876779238,19.69257711069412,565322800
2012-08-23,19.93963050842285,20.158395785596763,19.895093846876495,20.044348633599554,420128800
2012-08-24,19.957382202148438,20.145756210963267,19.726580007704342,19.845742446105334,437340400
2012-08-27,20.332324981689453,20.488499784832037,20.26792818670359,20.46201852936606,427008400
2012-08-28,20.305845260620117,20.3449644965263,20.181565913387658,20.311261077931917,267416800
2012-08-29,20.265825271606445,20.39220989228493,20.239646139695754,20.319388836160364,202806800
2012-08-30,19.976938247680664,20.208042529474053,19.946244873472732,20.18065971345599,302699600
2012-08-31,20.018169403076172,20.11927644707685,19.77773603605228,20.07865299509082,338321200
2012-09-04,20.310962677001953,20.3160779732344,19.995903498495387,20.03381904483913,367892000
2012-09-05,20.1683349609375,20.352495322164334,20.149376378626098,20.329024092643436,336375200
2012-09-06,20.350080490112305,20.410866211485175,20.18547981487506,20.25679664961924,391196400
2012-09-07,20.475570678710938,20.536957464748006,20.335042218628598,20.40364956149232,329666400
2012-09-10,19.94295310974121,20.56133537827355,19.92369400122696,20.47587629837848,487998000
2012-09-11,19.878244400024414,20.16441491866981,19.75516873876795,20.014258562126695,503983200
2012-09-12,20.155086517333984,20.158397076589967,19.74012398527232,20.066617445954396,712233200
2012-09-13,20.551998138427734,20.627829234921546,20.304945227969192,20.383183711877653,598360000
2012-09-14,20.8017578125,20.973280138679662,20.699745981722277,20.762037529413178,600474000
2012-09-17,21.057537078857422,21.05813812214392,20.901963291711034,21.04459697045399,398031200
2012-09-18,21.121633529663086,21.13427151041669,20.956430179522105,21.06054727757444,373503200
2012-09-19,21.127347946166992,21.184220457122127,21.05121633856357,21.071979650370636,326874800
2012-09-20,21.025035858154297,21.065961439029955,20.872169990783156,21.038877530504962,336568400
2012-09-21,21.066862106323242,21.216717929887977,21.04489510164425,21.13667472248097,571589200
2012-09-24,20.78701400756836,20.917311851971768,20.55260066762338,20.668754708176245,639766400
2012-09-25,20.267929077148438,20.846892786006446,20.251678411592152,20.710877029477412,518789600
2012-09-26,20.016368865966797,20.24235635074735,19.89660374329105,20.123494400189898,576503200
2012-09-27,20.502044677734375,20.527622766031254,19.871023147065674,19.9895845609952,594090000
2012-09-28,20.07414436340332,20.495728069146306,20.063611640974635,20.424711742609286,535110800
2012-10-01,19.842144012451172,20.36453605755627,19.75517911337495,20.1963226016815,543594800
2012-10-02,19.899911880493164,20.051574079167505,19.579134727267704,19.914957248865026,627992400
2012-10-03,20.205039978027344,20.217379043657637,19.939632751035532,20.006737468990544,424281200
2012-10-04,20.065105438232422,20.289288067233013,20.02749203566207,20.199012686930217,370725600
2012-10-05,19.637516021728516,20.041044368706626,19.598096250712544,20.016972097107775,594006000
2012-10-08,19.203596115112305,19.486157258740846,19.141606676849133,19.465694460477682,637994000
2012-10-09,19.13378143310547,19.27340670990631,18.76365440160809,19.218038398154516,838597200
2012-10-10,19.286039352416992,19.408512359180172,19.168381119870276,19.250831717725973,510356000
2012-10-11,18.90056610107422,19.47531775580585,18.90056610107422,19.454253920836138,546081200
2012-10-12,18.94901466369629,19.11963381880252,18.81631105495451,18.94450041075102,460014800
2012-10-15,19.10097312927246,19.11210689127318,18.77267339337223,19.02845261194503,432502000
2012-10-16,19.55325698852539,19.568604486321725,18.987834277826604,19.119335817321964,549771600
2012-10-17,19.397380828857422,19.64353056427795,19.37902490181065,19.525571796528585,389037600
2012-10-18,19.037187576293945,19.320650263437148,18.957745384420768,19.246324976039205,476624400
2012-10-19,18.351089477539062,19.01099788812066,18.34446836054149,18.989333014760398,744086000
2012-10-22,19.079008102416992,19.119631552907215,18.378775074841613,18.428727551761767,546730800
2012-10-23,18.457015991210938,19.075099027808434,18.407065114739552,18.987832040672824,707145600
2012-10-24,18.561426162719727,18.853917177636465,18.375159062265755,18.700149793091907,558527200
2012-10-25,18.342065811157227,18.717009158969358,18.2220001794911,18.65682447524278,656325600
2012-10-26,18.17536163330078,18.47627867959686,17.78417075877024,18.338758660554273,1018432800
2012-10-31,17.914159774780273,18.11396806583882,17.684861797795257,17.90091914685939,510003200
2012-11-01,17.950868606567383,18.14525944093149,17.879551790623466,18.001422115798466,361298000
2012-11-02,17.356870651245117,17.963217445988835,17.29518334216418,17.93132035830775,599373600
2012-11-05,17.592178344726562,17.686966387756343,17.38093417036598,17.559077579708685,529135600
2012-11-06,17.538921356201172,17.77634473855227,17.455869696992426,17.760998847691685,374917200
2012-11-07,16.86783218383789,17.36782066031637,16.799815579265413,17.346660620532564,793648800
2012-11-08,16.255691528320312,16.99570039217424,16.181328691781825,16.94733274459721,1056146000
2012-11-09,16.537128448486328,16.773519728838174,16.13387197522361,16.336407509053267,929913600
2012-11-12,16.409252166748047,16.762025954435778,16.282894135352034,16.751445130127696,515802000
2012-11-13,16.4113712310791,16.640507299353633,16.21367251771756,16.290757241303304,532949200
2012-11-14,16.22939682006836,16.548918809183395,16.208236776255834,16.489971935014886,477170400
2012-11-15,15.889010429382324,16.308590023707545,15.798324332382242,16.2490393844317,789910800
2012-11-16,15.951282501220703,16.021413963429662,15.288358481818175,15.876314275107182,1266893600
2012-11-19,17.101505279541016,17.155009981299727,16.32008349472808,16.34517300562157,823317600
2012-11-20,16.955799102783203,17.289529453190493,16.764449821086345,17.288320261857024,642754000
2012-11-21,16.97967529296875,17.151073666903002,16.825505871700333,17.05676000360296,373002000
2012-11-23,17.27592658996582,17.29104229036928,17.00688875584902,17.145035247275313,272826400
2012-11-26,17.82095718383789,17.83516397139785,17.34273249845446,17.408934514076197,630579600
2012-11-27,17.677377700805664,17.847870540768657,17.53590546829459,17.82157021166323,533330000
2012-11-28,17.62174415588379,17.708198900153427,17.298896581483238,17.450344138249275,520864400
2012-11-29,17.81581687927246,17.963636889172935,17.69157690786577,17.84181530046265,514698800
2012-11-30,17.69247817993164,17.78679346717146,17.61388237629967,17.738123931141285,391319600
2012-12-03,17.719985961914062,17.973911237027824,17.69912782008117,17.945496054798667,364280000
2012-12-04,17.40742301940918,17.58728580559539,17.29497144486268,17.58728580559539,557068400
2012-12-05,16.287132263183594,17.207909659153103,16.286526860319583,17.197632340133655,1044638000
2012-12-06,16.542564392089844,16.726053073337443,15.67770868659143,15.989371614554779,1177212400
2012-12-07,16.119667053222656,16.783195204246905,16.021422253584255,16.72878319657272,787040800
2012-12-10,16.01597785949707,16.278667810792204,15.766889292452174,15.870272728014982,630484400
2012-12-11,16.365724563598633,16.61269659082752,16.244203283656155,16.316753132862843,592345600
2012-12-12,16.293485641479492,16.56554732323067,16.210960323876602,16.5585940671777,487144000
2012-12-13,16.01205062866211,16.252373020107154,15.894458763294649,16.056185314962246,625259600
2012-12-14,15.410489082336426,15.662599841081361,15.283225318756939,15.560425588472176,1009579200
2012-12-17,15.683761596679688,15.719130045709731,15.151730233034023,15.384493954629,757607200
2012-12-18,16.139312744140625,16.169540913655577,15.726684669236956,15.87027331765604,625685200
2012-12-19,15.909873962402344,16.133267637744645,15.88538823973628,16.065856426849663,449369200
2012-12-20,15.7714262008667,16.027466440225684,15.685273326768247,16.021420482884754,481689600
2012-12-21,15.698881149291992,15.709158472724464,15.424097550568973,15.491508784820669,596268400
2012-12-24,15.724271774291992,15.847606106924653,15.68013708156578,15.729713944501228,175753200
2012-12-26,15.507518768310547,15.702799070769723,15.450688408052548,15.688892567637446,302436400
2012-12-27,15.569793701171875,15.605765926697675,15.25541046313255,15.523844437958727,455120400
2012-12-28,15.40444564819336,15.552267304375814,15.360009067370962,15.42560730855376,354278400
2012-12-31,16.087013244628906,16.184654221466378,15.386605802308448,15.432855346866903,659492400
2013-01-02,16.596670150756836,16.777138246590578,16.372976308712044,16.741467924927342,560518000
2013-01-03,16.387191772460938,16.616026007494316,16.353939814797652,16.56191590092538,352965200
2013-01-04,15.930732727050781,16.282297477765113,15.895364280230787,16.232116839071217,594333600
2013-01-07,15.837013244628906,16.000249150914783,15.57401990973696,15.779577491820806,484156400
2013-01-08,15.879642486572266,16.07855041807568,15.756913606460415,15.997536215923999,458707200
2013-01-09,15.631464004516602,15.870575546354965,15.597908540053393,15.794699997915881,407604400
2013-01-10,15.82523250579834,15.982724428713793,15.583700978773502,15.977585769195578,601146000
2013-01-11,15.728198051452637,15.879947537307233,15.689503926353293,15.749358093912463,350506800
2013-01-14,15.167448997497559,15.341265833863222,15.06950610160998,15.195560681516984,734207600
2013-01-15,14.68891716003418,15.084011054967883,14.612134335137593,15.063152912841689,876772400
2013-01-16,15.298646926879883,15.399915533993884,14.887834891140326,14.95252423381119,690804800
2013-01-17,15.195560455322266,15.439510394194066,15.175913111991205,15.426209288055643,453678400
2013-01-18,15.114547729492188,15.181655433745139,15.005722112768096,15.069807645582403,472922800
2013-01-22,15.258742332458496,15.352754156300216,15.01267748664414,15.252394480014939,461546400
2013-01-23,15.538060188293457,15.567684577965814,15.25874336109113,15.380868494908281,861509600
2013-01-24,13.618206024169922,14.078594707002864,13.610647367860555,13.905381688475602,1460852400
2013-01-25,13.297175407409668,13.791420758230942,13.149657264374733,13.654181550766653,1208026400
2013-01-28,13.597955703735352,13.700129975668387,13.175655613659861,13.235207091103492,785517600
2013-01-29,13.853084564208984,13.911427639874505,13.667175844506206,13.860037817671763,571158000
2013-01-30,13.809553146362305,13.983975329000133,13.739119783249011,13.814691804902452,417155200
2013-01-31,13.76905345916748,13.883621551576518,13.75363747525386,13.814095447982012,319334400
2013-02-01,13.712523460388184,13.889665995356415,13.553216905281873,13.878481376558137,539484400
2013-02-04,13.370929718017578,13.782649615423681,13.361256188881589,13.721284375772806,477117200
2013-02-05,13.840088844299316,13.897524630686265,13.367910079061051,13.423229376819018,573347600
2013-02-06,13.825278282165527,14.101873189147154,13.68108420348137,13.798676067261786,593706400
2013-02-07,14.236357688903809,14.290477879743513,13.807642443174084,14.085243671689561,704580800
2013-02-08,14.441896438598633,14.558348456009655,14.237267924646394,14.41209940144473,633158400
2013-02-11,14.59240436553955,14.744736267345367,14.38929895203826,14.48811471514164,517490400
2013-02-12,14.226619720458984,14.666888173501862,14.221754768017677,14.579624306947842,609053200
2013-02-13,14.199568748474121,14.401155890598629,14.084332948693158,14.205649943274162,475207600
2013-02-14,14.186795234680176,14.340341708484825,14.108653932293018,14.123856103294816,355275200
2013-02-15,13.991291999816895,14.295345220555603,13.983994566632742,14.255512991804546,391745200
2013-02-19,13.986119270324707,14.069430805731267,13.799432321378745,14.019870298731234,435783600
2013-02-20,13.647407531738281,13.916189812768234,13.64588601536719,13.916189812768234,476302400
2013-02-21,13.562572479248047,13.657133803417482,13.464059597872062,13.560748121523963,447182400
2013-02-22,13.706999778747559,13.7310192741107,13.578993503110453,13.659568095435137,330654800
2013-02-25,13.463457107543945,13.83804976325565,13.456463327811926,13.799435395475895,372579200
2013-02-26,13.651054382324219,13.729195685208074,13.307170619840774,13.494466499033917,501499600
2013-02-27,13.51727294921875,13.756562666501592,13.398084789079224,13.634636751076028,587350400
2013-02-28,13.420886993408203,13.617608323387554,13.420886993408203,13.501460776553339,322515200
2013-03-01,13.088558197021484,13.322982938992,13.073659678268314,13.317509052701327,552448400
2013-03-04,12.771735191345215,13.019537745384646,12.739809330364453,13.007375357980857,582755600
2013-03-05,13.108928680419922,13.232070009544527,12.793018384993255,12.815214335751872,638433600
2013-03-06,12.942309379577637,13.23389655463933,12.904910440883134,13.211396135907576,460250000
2013-03-07,13.091900825500488,13.135380949529411,12.802442533746609,12.907036617701309,468473600
2013-03-08,13.126561164855957,13.239364439243236,13.032000655282747,13.068183343161117,391482000
2013-03-11,13.313556671142578,13.348219475533657,12.926497213813494,13.066665888136693,474236000
2013-03-12,13.026528358459473,13.34426377075157,13.000380042174363,13.244534647785395,465911600
2013-03-13,13.02409839630127,13.21109063945857,12.933187391009277,13.027139805098324,405549200
2013-03-14,13.150279998779297,13.21534633083792,13.087948173912755,13.16031274978065,303875600
2013-03-15,13.489602088928223,13.506933083258135,13.294703504233416,13.31537956071264,643960800
2013-03-18,13.856289863586426,13.90919380748854,13.414804990288376,13.422406075659946,606197200
2013-03-19,13.818891525268555,14.01591730586094,13.636762637667923,13.971220131619493,526775200
2013-03-20,13.745615005493164,13.914365286367321,13.669906174875232,13.907980439035695,308660800
2013-03-21,13.765381813049316,13.92500953027233,13.68541693944654,13.68906565649366,383255600
2013-03-22,14.0444974899292,14.050273405131577,13.776931506407442,13.821627054888024,395105200
2013-03-25,14.095271110534668,14.28895340155403,14.040542012170231,14.129020504683922,501135600
2013-03-26,14.021085739135742,14.163989712473006,14.0025385067801,14.151827326696106,294294000
2013-03-27,13.745615005493164,13.889127926950199,13.704568166518385,13.87879070972916,331237200
2013-03-28,13.459195137023926,13.737707247704478,13.427573749130376,13.676896948825206,442839600
2013-04-01,13.041122436523438,13.490816453629105,13.005548679796743,13.43608653540042,389732000
2013-04-02,13.067883491516113,13.32176726789566,12.9648092764131,13.00129644274024,529519200
2013-04-03,13.134772300720215,13.295616205563437,13.083691090291397,13.115920602000566,363216000
2013-04-04,13.004942893981934,13.226293473510147,12.929842181456605,13.188591696336056,358447600
2013-04-05,12.867508888244629,12.920718102561613,12.760481528477579,12.907035014047146,383695200
2013-04-08,12.959030151367188,12.998252630053306,12.845923204302185,12.91767884908474,300829200
2013-04-09,12.982443809509277,13.02865925972717,12.853829399105274,12.963592920166684,306614000
2013-04-10,13.247275352478027,13.288931130237923,12.95295202413077,13.016499290912224,375928000
2013-04-11,13.205923080444336,13.317205680940408,13.11075361397747,13.187375033135195,328364400
2013-04-12,13.06818675994873,13.200449072179328,13.046598927803837,13.200449072179328,238613200
2013-04-15,12.765652656555176,13.01011093433133,12.756530866960619,12.983050031154951,317520000
2013-04-16,12.959941864013672,12.971190852931256,12.787543700188827,12.817948852550764,305771200
2013-04-17,12.247244834899902,12.788459780105624,12.104644477087746,12.778425403199975,945056000
2013-04-18,11.92038631439209,12.338154535196795,11.850149752330461,12.31383057483701,666299200
2013-04-19,11.874170303344727,12.149946325296929,11.70906874985663,11.796332654301677,609274400
2013-04-22,12.12166976928711,12.22900162364749,11.896672090489128,11.938326238889656,429920400
2013-04-23,12.348491668701172,12.416903055977665,12.12592407811587,12.283423719506862,664238400
2013-04-24,12.328123092651367,12.625790662855064,11.934070619183148,11.96569283065228,969651200
2013-04-25,12.416905403137207,12.585958530566144,12.374945977991674,12.50356038467325,384837600
2013-04-26,12.685077667236328,12.732813813416886,12.41295037553912,12.460382868030221,764097600
2013-04-29,13.07791519165039,13.18433363593262,12.770213313867606,12.783895592485802,640326400
2013-04-30,13.462847709655762,13.537949242369274,13.137207463809974,13.229335528875216,691538400
2013-05-01,13.356733322143555,13.528218939106592,13.207748123729075,13.513928538685375,506909200
2013-05-02,13.54615306854248,13.639495705997916,13.397470775629719,13.432436409460783,421828400
2013-05-03,13.68176555633545,13.780582927334429,13.656528195723073,13.722203465956476,361300800
2013-05-06,14.008011817932129,14.05331467332292,13.813416901113545,13.855983625770852,496641600
2013-05-07,13.945684432983398,14.161257503171882,13.79487405522038,14.137541656247782,483753200
2013-05-08,14.103179931640625,14.149700653012381,13.859026117405772,13.957234544525871,472598000
2013-05-09,13.980143547058105,14.170822093313191,13.943722169585786,14.07318789091668,398487600
2013-05-10,13.86384105682373,14.070129724388496,13.787631088545865,14.01687395533262,334852000
2013-05-13,13.918008804321289,14.014725992870947,13.81884467253589,13.819150336119781,316948800
2013-05-14,13.58501148223877,13.932089219480815,13.532673539362147,13.890770694206054,447118000
2013-05-15,13.125608444213867,13.497478496972366,12.926972848570195,13.441162832510694,741613600
2013-05-16,13.300984382629395,13.401067975620924,12.821074486486095,12.953906587722594,603204000
2013-05-17,13.260583877563477,13.469626754532161,13.191719656194238,13.437796053966439,427904400
2013-05-20,13.556548118591309,13.644388811835183,13.163866000177817,13.2192638519456,451578400
2013-05-21,13.456463813781738,13.634593768738558,13.289352459321941,13.410248132064963,456022000
2013-05-22,13.508188247680664,13.722434717796231,13.412389684896455,13.59082611349079,443038400
2013-05-23,13.532366752624512,13.655405327467143,13.338015397060584,13.342912552351704,353021200
2013-05-24,13.624496459960938,13.640105738412014,13.477891507982678,13.4928886418419,276166800
2013-05-28,13.510945320129395,13.806910275477161,13.492888281076192,13.769877571866283,386145200
2013-05-29,13.618372917175293,13.69642011469599,13.448506496861414,13.466870831789475,330576400
2013-05-30,13.821293830871582,13.910665289774022,13.604905253728385,13.639796671566767,353519600
2013-05-31,13.764674186706543,13.990244141180549,13.757634115736112,13.849452529161244,384302800
2013-06-03,13.79497241973877,13.845166632131809,13.542774616976354,13.795278083335145,372352400
2013-06-04,13.751819610595703,13.908525360908317,13.693055362869734,13.871491020814096,292728800
2013-06-05,13.623273849487305,13.794976750889525,13.580424540059836,13.639800938221445,290589600
2013-06-06,13.419739723205566,13.681119765041057,13.28476550706525,13.634291925730178,416934000
2013-06-07,13.522270202636719,13.56603731321059,13.245586579601367,13.359749498028725,404535600
2013-06-10,13.43289852142334,13.744778408966072,13.368931458436398,13.611640645617555,450153200
2013-06-11,13.393415451049805,13.551345475764004,13.262419786526051,13.33648845976733,286112400
2013-06-12,13.22783374786377,13.505129484930857,13.206715171289707,13.451568067192555,265227200
2013-06-13,13.343220710754395,13.379336420496857,13.12254792152283,13.2373229769128,285832400
2013-06-14,13.162341117858887,13.353326190538448,13.114900309097315,13.32608615821941,271866000
2013-06-17,13.222018241882324,13.33526252470761,13.171824026484177,13.20487901283591,259414400
2013-06-18,13.214982032775879,13.310780627725373,13.167236384426257,13.208554922563255,195025600
2013-06-19,12.946560859680176,13.211612900994897,12.946560859680176,13.203655022162422,310940000
2013-06-20,12.758026123046875,13.037768852767524,12.706913274310944,12.833318275106318,357310800
2013-06-21,12.65579605102539,12.854738905872827,12.490521140083304,12.808522409698446,481118400
2013-06-24,12.320350646972656,12.507662781481637,12.18292706433439,12.469098494456777,480746000
2013-06-25,12.323103904724121,12.481033079534448,12.206798916136359,12.417066030501113,314162800
2013-06-26,12.18354320526123,12.389218911540532,12.109780998143533,12.361978882253606,367724000
2013-06-27,12.05223560333252,12.285151249752577,12.044890687355787,12.219654246706472,337246000
2013-06-28,12.136409759521484,12.250877552426303,11.90196323669561,11.978174028009137,578516400
2013-07-01,12.524797439575195,12.618148217786873,12.279945444786398,12.324937641416886,391053600
2013-07-02,12.808525085449219,12.904630147200269,12.532455243293894,12.547452376434455,469865200
2013-07-03,12.879225730895996,12.945948666651285,12.776694383734753,12.881062164465842,240928800
2013-07-05,12.775777816772461,12.955438585532152,12.712422891610936,12.866680067202557,274024800
2013-07-08,12.703238487243652,12.88534781416652,12.56856995458301,12.858108607455309,298138400
2013-07-09,12.926666259765625,12.961863343214484,12.56030635150188,12.658859165897557,352584400
2013-07-10,12.877079963684082,13.001649303369254,12.801176511459746,12.842495031704095,281405600
2013-07-11,13.077862739562988,13.107245678041858,12.890551410454869,12.945030640986214,326292400
2013-07-12,13.053991317749023,13.154380583125425,12.959111353927597,13.088882743648004,279563200
2013-07-15,13.082452774047852,13.205491371052162,13.00165214903735,13.00808007515587,241917200
2013-07-16,13.166927337646484,13.182535796357413,12.982369450032959,13.054294385044754,216538000
2013-07-17,13.170295715332031,13.228755118476107,13.106328645118822,13.151626530162098,198990400
2013-07-18,13.21467399597168,13.309859611892206,13.179476910682983,13.26425606937551,218878800
2013-07-19,13.006240844726562,13.282617089918816,12.987876513026151,13.255683554040441,268721600
2013-07-22,13.047867774963379,13.153154180359456,13.022158522453818,13.144278493477241,207796400
2013-07-23,12.82382869720459,13.067762160161042,12.815258673877004,13.038380040320297,369395600
2013-07-24,13.48248291015625,13.60735714449254,13.321798623908352,13.434124302076782,591936800
2013-07-25,13.4209623336792,13.509721661331987,13.33863093262134,13.488297418768797,229493600
2013-07-26,13.497177124023438,13.498707077255169,13.293643489957867,13.323025620638413,200152400
2013-07-29,13.705293655395508,13.77262790502428,13.472990167263351,13.491353682033813,248057600
2013-07-30,13.874550819396973,13.99177363647106,13.749369306145883,13.77171217286255,309422400
2013-07-31,13.850371360778809,13.997588449562047,13.755491405907197,13.925664324312061,322957600
2013-08-01,13.977385520935059,13.981058387510059,13.87271127539442,13.948922848184518,206250800
2013-08-02,14.156743049621582,14.166231699124877,13.976777449223176,14.018095981892303,274783600
2013-08-05,14.368228912353516,14.405568899415751,14.144801951595781,14.222541830105667,318855600
2013-08-06,14.239686012268066,14.442913086399315,14.145417392058325,14.324465983908008,334857600
2013-08-07,14.23142147064209,14.2932472482325,14.133174321005637,14.1953057622067,298858000
2013-08-08,14.203081130981445,14.298279880219903,14.108805427394016,14.290885642865687,255777200
2013-08-09,14.000972747802734,14.18613303950597,13.976326939748148,14.130060905672455,266865200
2013-08-12,14.398719787597656,14.43846176767764,14.068142660506075,14.075229217937741,364434000
2013-08-13,15.082972526550293,15.239788242764249,14.419969209816353,14.50900772161933,881941200
2013-08-14,15.358095169067383,15.535244239327488,15.200971746032359,15.33899421280775,756372400
2013-08-15,15.339914321899414,15.478246089420864,15.0678742407987,15.294010499289797,490294000
2013-08-16,15.476088523864746,15.494881794047695,15.369183083760829,15.408925042086775,362306000
2013-08-19,15.642759323120117,15.827610224937892,15.527534985538349,15.538009327006941,510518400
2013-08-20,15.437268257141113,15.729950955447139,15.429566340663126,15.703455770434312,358688400
2013-08-21,15.477009773254395,15.624581829629511,15.441270976994788,15.514903986994781,335879600
2013-08-22,15.495495796203613,15.576523050810078,15.348846765301214,15.557729782278319,244207600
2013-08-23,15.435729026794434,15.507512669186362,15.384278708246814,15.505047924153283,222731600
2013-08-26,15.495811462402344,15.718558349230866,15.419713666467826,15.427415586095274,330965600
2013-08-27,15.052785873413086,15.481643532831624,14.98223456233639,15.342694684464922,424188800
2013-08-28,15.123948097229004,15.274911289776181,14.97298655003929,14.97298655003929,307608000
2013-08-29,15.14859390258789,15.296475324505867,15.131033004302097,15.147053848170623,239657600
2013-08-30,15.010573387145996,15.187105438086366,14.988390677405402,15.157837818974537,272297200
2013-09-03,15.052472114562988,15.422791073078761,15.014577886865808,15.191726943322092,331928800
2013-09-04,15.363941192626953,15.47331300132462,15.289692817507868,15.390745701758384,345032800
2013-09-05,15.258580207824707,15.425256554208419,15.20836225570205,15.412008136709266,236367600
2013-09-06,15.349468231201172,15.385205397287248,15.094681323155088,15.356247104326155,359525600
2013-09-09,15.594391822814941,15.648306884180343,15.511516831179382,15.558345339526573,340687200
2013-09-10,15.239171981811523,15.633830700585152,15.08081620336538,15.595319465076336,743195600
2013-09-11,14.409500122070312,14.593734118974565,14.320153906052964,14.387932772809597,898696400
2013-09-12,14.562925338745117,14.646415720247232,14.35712236279442,14.433837161634383,404051200
2013-09-13,14.32292366027832,14.53642688617268,14.316763442048279,14.459713741205404,298835600
2013-09-16,13.867573738098145,14.221564191205095,13.778229177015337,14.202772562466643,543706800
2013-09-17,14.027776718139648,14.163026734092385,13.786853629176067,13.80102509165707,399380800
2013-09-18,14.316146850585938,14.367597179023992,14.192295856901335,14.26993369501064,456862000
2013-09-19,14.550904273986816,14.659659084174955,14.456937932950103,14.501611022172442,404541200
2013-09-20,14.400257110595703,14.743463941514472,14.356816373699493,14.726520046788421,699302800
2013-09-23,15.115935325622559,15.309105187270255,14.868233393034686,15.284150055871478,762106800
2013-09-24,15.068495750427246,15.264745797994756,15.029061460843925,15.246569530751174,364344400
2013-09-25,14.835268020629883,15.085125360219427,14.83218791223962,15.071570908873818,316957200
2013-09-26,14.97976303100586,15.05185436463563,14.908287061036422,14.972985803955282,237221600
2013-09-27,14.872858047485352,14.932010292531354,14.81031636612896,14.904590410923285,228040400
2013-09-30,14.688005447387695,14.839274656861097,14.615912474131155,14.703409281960173,260156400
2013-10-01,15.033371925354004,15.069726100318471,14.73822439815436,14.74038146189631,353883600
2013-10-02,15.082663536071777,15.151674760019308,14.903666753723636,14.961586623675739,289184000
2013-10-03,14.893190383911133,15.168619909029049,14.810932389916312,15.111930767830152,322753200
2013-10-04,14.881484031677246,14.929852602081592,14.745001638404448,14.907054530457868,258868400
2013-10-07,15.02690315246582,15.17786471501694,14.952962425931926,14.990241293754496,312292400
2013-10-08,14.81709098815918,15.115933882130458,14.804767264527113,15.094366543095862,290917200
2013-10-09,14.99116325378418,15.028132791695125,14.735143979740796,14.931086314991074,301725200
2013-10-10,15.085127830505371,15.169542887578016,15.005025254956697,15.136887480936933,278602800
2013-10-11,15.182799339294434,15.214531717274024,14.9471132966246,15.003493140233884,267738800
2013-10-14,15.282307624816895,15.329753164230747,15.07619858106065,15.090987057557104,261898000
2013-10-15,15.363639831542969,15.4659251301863,15.26628566953436,15.32759333791819,320073600
2013-10-16,15.438504219055176,15.482252628550198,15.380584345760061,15.428645237156864,251101200
2013-10-17,15.54294204711914,15.551568654680576,15.394445273204465,15.403687244341711,253593200
2013-10-18,15.678199768066406,15.689598808044398,15.580228573428776,15.5888551852366,290542000
2013-10-21,16.062379837036133,16.15295676797596,15.75922271577067,15.766924634276199,398106800
2013-10-22,16.016477584838867,16.280815839546705,15.651703396783116,16.21796646072518,534063600
2013-10-23,16.17328453063965,16.195159551211066,15.989664341038322,15.989664341038322,313723200
2013-10-24,16.387413024902344,16.40466624658059,16.095964219947675,16.174525117856437,384764800
2013-10-25,16.20409393310547,16.428071439125937,16.177906431832234,16.369226893037975,337792000
2013-10-28,16.324867248535156,16.359373683263804,16.119373630732124,16.29898742248867,550440800
2013-10-29,15.918196678161621,16.613547919771708,15.852267191085197,16.52173859984714,635807200
2013-10-30,16.171436309814453,16.252154228355955,15.92866389999753,16.008458773321088,354163600
2013-10-31,16.103668212890625,16.251242031588973,16.059612102807485,16.17452885275284,275696400
2013-11-01,16.02140235900879,16.168359096686018,15.89231420222608,16.144328652490398,274890000
2013-11-04,16.228443145751953,16.230600210192517,15.98382282418708,16.054374133223558,244627600
2013-11-05,16.188383102416992,16.29436549511059,16.112902341315678,16.161580233788317,265213200
2013-11-06,16.142520904541016,16.2646158390656,16.058231956926356,16.242613098916436,223375600
2013-11-07,15.881290435791016,16.212867424979084,15.877882865049683,16.101000137820083,262620400
2013-11-08,16.13136863708496,16.14903206706152,15.884390095667193,15.94605736145812,279316800
2013-11-11,16.084577560424805,16.16576678761287,15.940790972374872,16.113706582964188,227452400
2013-11-12,16.11432647705078,16.23549135587743,16.021051051435812,16.04181257472922,204276800
2013-11-13,16.133535385131836,16.183737051793297,16.019806284684297,16.052035046356522,197220800
2013-11-14,16.366886138916016,16.40159239704647,16.171967743508606,16.201096771659582,282419200
2013-11-15,16.268648147583008,16.395699730116363,16.253154375071908,16.31791973433803,317920400
2013-11-18,16.071557998657227,16.336820550211378,16.058233885666063,16.26864597431299,244944000
2013-11-19,16.100067138671875,16.21875285579391,16.05110503951472,16.08395275775272,208938800
2013-11-20,15.95906925201416,16.127028201985137,15.938307733141134,16.090150647178625,193916800
2013-11-21,16.14934539794922,16.151515056173114,15.917862228542361,16.03964608797915,262026800
2013-11-22,16.107812881469727,16.18094571933897,16.06845784900694,16.099135907743804,223725600
2013-11-25,16.229909896850586,16.295914815313456,16.145001982658137,16.145620939093337,229311600
2013-11-26,16.52925682067871,16.614166383358366,16.237966676694644,16.241683724949787,401382800
2013-11-27,16.91847038269043,16.919709950251725,16.52925444326057,16.61943174212227,363448400
2013-11-29,17.231767654418945,17.301800750472196,16.975802704137127,17.027553416937778,318127600
2013-12-02,17.081783294677734,17.487730979853463,17.069078138846113,17.291574759963055,472544800
2013-12-03,17.54939842224121,17.55125860138765,17.281658402391322,17.300870875443845,450968000
2013-12-04,17.508499145507812,17.638341009533338,17.378966759770407,17.523992919483124,377809600
2013-12-05,17.598360061645508,17.822716858416698,17.55218823188643,17.74555583505789,447580000
2013-12-06,17.35417366027832,17.5627272513489,17.340230589067534,17.53297761952871,344352400
2013-12-09,17.552810668945312,17.65042375195451,17.381444118025485,17.381444118025485,320493600
2013-12-10,17.525531768798828,17.59773615583758,17.39073171073927,17.464485143281433,278269600
2013-12-11,17.395692825317383,17.693493562125784,17.34394377428338,17.570468546720292,359718800
2013-12-12,17.370283126831055,17.519027933895977,17.354479880623273,17.419865832495013,262290000
2013-12-13,17.180944442749023,17.44279773940979,17.157394311532432,17.441867649898636,332822000
2013-12-16,17.276077270507812,17.435359226591896,17.198917910140956,17.19922738830385,282592800
2013-12-17,17.198301315307617,17.3361995210146,17.14840912089246,17.22371162986795,229902400
2013-12-18,17.06752586364746,17.088598513677717,16.696593933290806,17.034368670263643,565863200
2013-12-19,16.871992111206055,17.043668128703622,16.849370410672247,17.028174357367202,320308800
2013-12-20,17.013303756713867,17.093564557250644,16.8831524043289,16.9020554058286,436413600
2013-12-23,17.66622543334961,17.685747384402973,17.439080019308804,17.601458431444435,501306400
2013-12-24,17.59123420715332,17.72169499164606,17.540411928439788,17.66002773613714,167554800
2013-12-26,17.474407196044922,17.647943376223484,17.4582928148208,17.60455850369701,204008000
2013-12-27,17.356340408325195,17.490210419145697,17.338058024723587,17.47192803554409,225884400
2013-12-30,17.183734893798828,17.35634098993437,17.115560318319353,17.274842301545604,253629600
2013-12-31,17.385156631469727,17.393212993052686,17.16761666413301,17.172886067436245,223084400
2014-01-02,17.14065933227539,17.261514700050217,17.106262569973854,17.219680531581286,234684800
2014-01-03,16.764158248901367,17.158331036159243,16.747113771137155,17.132301756979174,392467600
2014-01-06,16.855566024780273,16.94450211406869,16.53545468905367,16.654761015498188,412610800
2014-01-07,16.735023498535156,16.91847457820977,16.669328056458426,16.867653950557305,317209200
2014-01-08,16.84101104736328,16.9060859049892,16.693196241439818,16.696913291622362,258529600
2014-01-09,16.625944137573242,16.94636500272666,16.589687189069114,16.94450482333472,279148800
2014-01-10,16.515005111694336,16.758574416910726,16.458296120272255,16.728515308430037,304976000
2014-01-13,16.601463317871094,16.811254805576336,16.420180236801833,16.421110326464518,378492800
2014-01-14,16.931798934936523,16.942334433460147,16.661268648781554,16.6786225974964,332561600
2014-01-15,17.271739959716797,17.35974760719448,17.09510570842316,17.15274477620218,391638800
2014-01-16,17.175365447998047,17.25593568483251,17.095723645615642,17.195508007206662,229278000
2014-01-17,16.75455093383789,17.10781961719547,16.73068965829845,17.089537226372595,426739600
2014-01-21,17.014854431152344,17.045841981451566,16.746803184257203,16.764466617516316,328526800
2014-01-22,17.09046745300293,17.2695792776985,16.975809869158475,17.07187392873953,379985200
2014-01-23,17.235177993774414,17.24509453745605,16.882839489646738,17.041810356874198,403239200
2014-01-24,16.92188835144043,17.217827398547193,16.88098260078005,17.167625713855205,429354800
2014-01-27,17.059167861938477,17.192418975899475,16.911973672872886,17.04584374352102,554878800
2014-01-28,15.695671081542969,15.959071827177636,15.558390170428595,15.765704189228552,1065523200
2014-01-29,15.517491340637207,15.722635771267933,15.451486392737168,15.616655156629546,502810000
2014-01-30,15.487430572509766,15.695674729424583,15.391987126801792,15.572959127141871,678501600
2014-01-31,15.51284122467041,15.5416607734724,15.294372693703785,15.344883859948501,464797200
2014-02-03,15.541659355163574,15.733789111321908,15.47255632596809,15.575127695707707,401464000
2014-02-04,15.766633033752441,15.787396211479097,15.57977270903229,15.675527268261256,376681200
2014-02-05,15.884389877319336,15.967748754135563,15.687922492571543,15.697529558026847,328344800
2014-02-06,15.976972579956055,16.00783593553221,15.830454052022352,15.90059667980199,257765200
2014-02-07,16.200498580932617,16.301814285795345,16.128799260488638,16.25349474422553,370280400
2014-02-10,16.4907283782959,16.58425082099466,16.148126305702178,16.16870077693213,345559200
2014-02-11,16.708005905151367,16.763805687757472,16.506619901344237,16.541224224099576,282256800
2014-02-12,16.706758499145508,16.82023271643346,16.62321365191222,16.738868849050622,308100800
2014-02-13,16.972047805786133,16.98514034224672,16.653136992378872,16.667476516353318,307398000
2014-02-14,16.958328247070312,17.020366288329832,16.871666782301464,16.910944389294848,272924400
2014-02-18,17.02068328857422,17.18278671490589,17.00883607153173,17.020994619319993,260251600
2014-02-19,16.751968383789062,17.048744924665332,16.657823269216525,16.982031886431688,313768000
2014-02-20,16.55805778503418,16.740425979604183,16.491033448706485,16.61541755103095,305858000
2014-02-21,16.374135971069336,16.664677512183154,16.353872832524377,16.609187379268565,278784800
2014-02-24,16.445837020874023,16.51972065059854,16.285916205676894,16.30867332259754,288909600
2014-02-25,16.274694442749023,16.50881023473947,16.241650087784784,16.50288828942469,231952000
2014-02-26,16.12785530090332,16.366336248085997,16.073300846743034,16.323004681361454,276217200
2014-02-27,16.44957733154297,16.484179998264167,16.087334826481467,16.12131483166717,301882000
2014-02-28,16.40499496459961,16.607937626701705,16.276556901230304,16.493527758208995,371968800
2014-03-03,16.45238494873047,16.542477759061452,16.298073082833515,16.317089235392935,238781200
2014-03-04,16.560863494873047,16.604508062901317,16.452690229068402,16.553383233795383,259140000
2014-03-05,16.59578514099121,16.670289766930132,16.4950920999103,16.550895233968102,200062800
2014-03-06,16.54558753967285,16.66062006465972,16.462976692278744,16.609182242388695,185488800
2014-03-07,16.535926818847656,16.58393501534391,16.399072825222024,16.55618995380243,220729600
2014-03-10,16.550893783569336,16.626022729413908,16.470463890076644,16.47108821651133,178584000
2014-03-11,16.71206283569336,16.7946737157799,16.602953874843873,16.6921126910727,279224400
2014-03-12,16.728273391723633,16.751341838613826,16.584561762425018,16.662809015267992,199326400
2014-03-13,16.542465209960938,16.82334199443617,16.49601535407468,16.754136703773803,257742800
2014-03-14,16.356678009033203,16.549956130945258,16.30399318865017,16.484490101332312,237199200
2014-03-17,16.420581817626953,16.521273159152408,16.392836757995312,16.450509521913688,199544800
2014-03-18,16.565855026245117,16.58362418799424,16.372576892095463,16.394398348391327,209647200
2014-03-19,16.56148910522461,16.716734918501277,16.491035129522803,16.592663799090488,224756000
2014-03-20,16.4816837310791,16.605445185970144,16.439599142560116,16.518780368525896,208398400
2014-03-21,16.611677169799805,16.63911089856623,16.407800512603597,16.582373791961604,374046400
2014-03-24,16.80870246887207,16.84954007757085,16.679953037851536,16.784698365882996,355700800
2014-03-25,16.9895076751709,17.013200443106683,16.821167653788645,16.88071173679218,282293200
2014-03-26,16.82709503173828,17.114519953778544,16.798415971103406,17.037208358590938,299768000
2014-03-27,16.754764556884766,16.88070863527011,16.681818282106132,16.83457009566175,222031600
2014-03-28,16.736064910888672,16.800906619002124,16.654701028761355,16.781579138336372,200564000
2014-03-31,16.732324600219727,16.85920270212311,16.707071847268363,16.809947513827613,168669200
2014-04-01,16.885387420654297,16.89224668620878,16.73325823392948,16.764119934313804,200760000
2014-04-02,16.913442611694336,16.942434660692,16.842054644026323,16.908143329969313,180420800
2014-04-03,16.79623031616211,16.911885524985994,16.760380664356894,16.877282861022795,162344000
2014-04-04,16.578943252563477,16.83394639032693,16.540288301741224,16.828024447865275,275251200
2014-04-07,16.31863784790039,16.55026117438066,16.2693843438997,16.46047974826366,289850400
2014-04-08,16.317705154418945,16.401251650309653,16.169939636050213,16.372259607755733,243888400
2014-04-09,16.532190322875977,16.537489606089316,16.27344611888037,16.292773602016926,206169600
2014-04-10,16.318952560424805,16.592036164763577,16.3092879910357,16.543403652028847,239652000
2014-04-11,16.198312759399414,16.298692776944293,16.121312513741533,16.17929494737455,271717600
2014-04-14,16.262840270996094,16.27780245664329,16.12349232657808,16.269697870048148,205674000
2014-04-15,16.14687156677246,16.261591087248608,15.94018796665069,16.218883846380553,266490000
2014-04-16,16.17960548400879,16.24444717291395,16.027787660567377,16.14967778226644,214765600
2014-04-17,16.364465713500977,16.452377503498095,16.185527161931017,16.210466912975573,284334400
2014-04-21,16.55868148803711,16.588918855779326,16.33391572259067,16.376935961686527,182548800
2014-04-22,16.57520866394043,16.579260958583937,16.41310355923666,16.469527683214924,202563200
2014-04-23,16.358551025390625,16.557441465993115,16.349197782166325,16.492911080202095,394940000
2014-04-24,17.699649810791016,17.769168124959094,17.48018497479259,17.713366675204053,759911600
2014-04-25,17.829654693603516,17.831211347850346,17.58088636112231,17.598653862857258,390275200
2014-04-28,18.520153045654297,18.571902211910643,17.84866420198284,17.856459125137366,669485600
2014-04-29,18.46527862548828,18.579064149288527,18.377368507510017,18.509234516912294,337377600
2014-04-30,18.39545249938965,18.68661829761012,18.386412254865512,18.474946715879238,456640800
2014-05-01,18.438791275024414,18.54228795451057,18.27918013270417,18.45500045497257,244048000
2014-05-02,18.47307014465332,18.52357396409988,18.38360171698763,18.465589885521183,191514400
2014-05-05,18.734312057495117,18.73556070995785,18.392645781422864,18.397011070432573,287067200
2014-05-06,18.530122756958008,18.84186130850449,18.530122756958008,18.760497454983017,374564400
2014-05-07,18.46527862548828,18.619901739650604,18.321878398383348,18.556307044528477,282864400
2014-05-08,18.43236541748047,18.633620593323847,18.38252206494321,18.440515271039228,230297200
2014-05-09,18.355566024780273,18.377822428129697,18.192240788947846,18.32421720932082,291597600
2014-05-12,18.584089279174805,18.610107534542287,18.413868179214145,18.416690827599034,213208800
2014-05-13,18.613243103027344,18.637694338518624,18.517319926806305,18.558070869845896,159737200
2014-05-14,18.6166934967041,18.727352716349312,18.549922616237073,18.57155287914693,166404000
2014-05-15,18.458391189575195,18.702279172373803,18.43393994477489,18.642718920061885,230846000
2014-05-16,18.730806350708008,18.731432490059508,18.351180070896827,18.45243383554581,276256400
2014-05-19,18.952743530273438,19.03863675698611,18.72515535889545,18.74145673982326,317755200
2014-05-20,18.956506729125977,19.009484128180112,18.83174096983162,18.9502369667869,234836000
2014-05-21,19.006668090820312,19.018892874930373,18.8734393733875,18.928924691790073,196859600
2014-05-22,19.036754608154297,19.11763369789149,18.937382650993445,19.015752161854294,200760000
2014-05-23,19.251808166503906,19.270617456613355,19.011682089031883,19.036133329089605,232209600
2014-05-27,19.612314224243164,19.61952319729944,19.29883271730044,19.306669503848607,348866000
2014-05-28,19.561527252197266,19.743973175910643,19.55431660597436,19.62453627965147,315481600
2014-05-29,19.917957305908203,19.96466662978836,19.679398223579202,19.681906129212624,376474000
2014-05-30,19.84334945678711,20.19350698850409,19.714821805414935,19.999462395724372,564020800
2014-06-02,19.706979751586914,19.900711222926386,19.514189163142866,19.873439012309888,369350800
2014-06-03,19.985666275024414,20.02328485423877,19.694442889491853,19.701025722312096,292709200
2014-06-04,20.21388816833496,20.310127813740703,19.940846157221316,19.9825396795173,335482000
2014-06-05,20.29319190979004,20.356515683748558,20.144602700983075,20.257142025466624,303805600
2014-06-06,20.237390518188477,20.415763184431352,20.202909332631915,20.37312879564793,349938400
2014-06-09,20.561214447021484,20.600713112931718,20.133313628134665,20.341777786224377,301660000
2014-06-10,20.681913375854492,20.85746344287703,20.53269632113619,20.78724375090192,251108000
2014-06-11,20.59632682800293,20.793820173966736,20.510746657113447,20.65557399470757,182724000
2014-06-12,20.251808166503906,20.653377628625726,20.16622800889352,20.635822295226482,218996000
2014-06-13,20.030176162719727,20.284723467848753,19.94240117218666,20.232057469027694,218100000
2014-06-16,20.23206329345703,20.352754149455706,20.067485766642026,20.08065310722227,142244000
2014-06-17,20.20572853088379,20.341778191822645,20.144286532502512,20.256198026338883,118904000
2014-06-18,20.227672576904297,20.251810744859217,20.0455397365786,20.247421073866168,134056000
2014-06-19,20.157455444335938,20.254008128301912,20.04334742252721,20.251813292529278,142112000
2014-06-20,19.948989868164062,20.308865898193613,19.946795032543296,20.155259213951847,403592000
2014-06-23,19.93143653869629,20.104791738475242,19.880965359350327,20.03896005657516,174776000
2014-06-24,19.810749053955078,20.131126500483408,19.791000550523165,19.91388459188485,156144000
2014-06-25,19.82830047607422,19.902908150962702,19.672500618951943,19.795384636024348,147476000
2014-06-26,19.946807861328125,19.97972372013326,19.705427687040658,19.83050661116408,130516000
2014-06-27,20.183786392211914,20.188174389140414,19.918266538390373,19.929239041965115,256116000
2014-06-30,20.392248153686523,20.567798145094876,20.207920495290875,20.210115330579896,197929200
2014-07-01,20.52171516418457,20.6424059936623,20.43613500297993,20.52171516418457,152892000
2014-07-02,20.512941360473633,20.640213361124317,20.427359515966693,20.59852153081159,113860000
2014-07-03,20.63363265991211,20.64899316196528,20.451499796875133,20.55463531387605,91567200
2014-07-07,21.059341430664062,21.06372942825129,20.64899417823478,20.657771847578477,225872000
2014-07-08,20.923288345336914,21.24147255472823,20.609493807340844,21.125169701121614,260888000
2014-07-09,20.93207359313965,21.054957649995348,20.793829029176983,20.94304610143164,145744000
2014-07-10,20.855262756347656,20.967175934535003,20.52171805740432,20.574384067238984,158744000
2014-07-11,20.894760131835938,21.0417822999667,20.815762796148288,20.92548113191792,136072000
2014-07-14,21.164670944213867,21.261223636610648,20.989122572965268,21.035204083199375,171240000
2014-07-15,20.91670799255371,21.252445904827898,20.853071143129885,21.241475073377153,181911600
2014-07-16,20.79821014404297,21.307303220731313,20.78943247514862,21.278777052451535,213585200
2014-07-17,20.427358627319336,20.90792546613337,20.31325229655567,20.85306629911511,229192000
2014-07-18,20.721405029296875,20.7894298619661,20.411998517796963,20.54366186049332,199952000
2014-07-21,20.61388397216797,20.846486336610763,20.56560763067928,20.8442915008606,156316000
2014-07-22,20.78504180908203,20.82234564146652,20.65338014090981,20.77626414131469,220788000
2014-07-23,21.32704734802246,21.47845748955976,20.883784402454015,20.93864356186416,371672000
2014-07-24,21.291942596435547,21.35557943992729,21.158086076361393,21.29413743218882,182916000
2014-07-25,21.43238067626953,21.46968451101316,21.206361158015845,21.252442661081922,173876000
2014-07-28,21.72861671447754,21.77689304616241,21.40604623981454,21.465293399684004,221272000
2014-07-29,21.588184356689453,21.820788423127798,21.559658185201346,21.796650249495805,172572000
2014-07-30,21.537710189819336,21.658399357709612,21.432014-07-31,20.9781436920166,21.3841011652332014-07-31,20.978145599365234,21.384103109492408,20.918898434302566,21.320467947605042,227372000
2014-08-01,21.094446182250977,21.20197135441246,20.804789848966653,20.824540019551602,194044000
2014-08-04,20.9759521484375,21.193195674401192,20.883789141514818,21.14711417093985,159832000
2014-08-05,20.87281608581543,20.995700081941607,20.706043752380697,20.925480416416807,223732000
2014-08-06,20.83770751953125,20.951815533883785,20.7828483479842,20.791626016332014,154232000
2014-08-07,20.83550262451172,21.159677627067726,20.751700841575115,20.934739629835494,186844000
2014-08-08,20.89283561706543,20.91047827215281,20.570864732953574,20.786983051533525,167460000
2014-08-11,21.168500900268555,21.188349312654267,20.914893140318117,21.00972033116927,146340000
2014-08-12,21.16408920288086,21.36476896703293,21.084698925360176,21.179526107815633,135180000
2014-08-13,21.444156646728516,21.444156646728516,21.17952354204918,21.20378177293601,127664000
2014-08-14,21.501497268676758,21.516934173774924,21.3471282176951,21.46400788236642,112464000
2014-08-15,21.60735511779785,21.65366584077347,21.360362912764472,21.589712456903307,195804000
2014-08-18,21.867576599121094,21.91388731811924,21.60735326201489,21.719821429940414,190288000
2014-08-19,22.169692993164062,22.20277254969069,21.90285415350924,21.92270256042367,277596000
2014-08-20,22.17852210998535,22.29319603939136,22.04179401348493,22.14985404825803,210796000
2014-08-21,22.18071937561035,22.260109635780253,22.077070886916534,22.17851362324561,133912000
2014-08-22,22.343915939331055,22.3769955040281,22.094719692606866,22.116772174906046,176736000
2014-08-25,22.392433166503906,22.53136532393001,22.33509536459141,22.447565215362985,161080000
2014-08-26,22.249086380004883,22.383608694938708,22.24247080426984,22.365966037981007,132608000
2014-08-27,22.522541046142578,22.619573977832424,22.20718570064696,22.277754646649655,209476000
2014-08-28,22.54900360107422,22.66588325274102,22.396838637396765,22.403454212774694,273840000
2014-08-29,22.60413932800293,22.692350939928595,22.537980198434543,22.68352961048637,178380000
2014-09-02,22.780561447143555,22.877592701309492,22.652654700178825,22.72763347305689,214256000
2014-09-03,21.81905174255371,22.75850027978913,21.739661488351285,22.736447805287558,501684000
2014-09-04,21.63823127746582,22.07267049220938,21.565456555263754,21.799215948704045,342872000
2014-09-05,21.82567024230957,21.918291657129323,21.680120862596088,21.78818086238198,233828000
2014-09-08,21.691144943237305,21.900645973860374,21.622781767822694,21.898441904166706,185426800
2014-09-09,21.609554290771484,22.732043518949734,21.201577524408627,21.84993086411269,759385200
2014-09-10,22.27334213256836,22.29760036255996,21.55883143030569,21.6139634652873,403478400
2014-09-11,22.368173599243164,22.370379352165312,21.969018127656664,22.143235593583015,249412400
2014-09-12,22.41889190673828,22.53577155375514,22.290985179532726,22.31965323252864,250504400
2014-09-15,22.412282943725586,22.725434302519442,22.370383724993655,22.672506317020943,245266000
2014-09-16,22.242469787597656,22.330681385857766,21.808029054226072,22.008710482330223,267632400
2014-09-17,22.401256561279297,22.449773037947235,22.182932416273584,22.33289167029413,243706000
2014-09-18,22.447561264038086,22.571056493345303,22.396839047717584,22.478435071364892,149197600
2014-09-19,22.264530181884766,22.571064290881093,22.16308739669504,22.557833135311924,283609600
2014-09-22,22.286577224731445,22.524748061779967,22.180724641040868,22.449769288540516,211153600
2014-09-23,22.635011672973633,22.701170798254672,22.17190284349568,22.185133995553308,253608800
2014-09-24,22.438743591308594,22.681324266607206,22.317452412410994,22.529160957849818,240687200
2014-09-25,21.58308982849121,22.209388943164733,21.550010270745226,22.16528398783422,400368000
2014-09-26,22.218212127685547,22.218212127685547,21.69997128800555,21.728639343116782,249482000
2014-09-29,22.077072143554688,22.149846833268818,21.75068975733435,21.75510126231494,199065200
2014-09-30,22.218212127685547,22.39242957604537,22.16969566326935,22.231443278891295,221056400
2014-10-01,21.871986389160156,22.204984433822514,21.766132115543513,22.182930268383956,205965200
2014-10-02,22.030765533447266,22.101334483795288,21.620582983769236,21.891831703155244,191031200
2014-10-03,21.96902084350586,22.099131679556365,21.841114078153467,21.92932569848259,173878400
2014-10-06,21.96902084350586,22.196164630168074,21.924914192092942,22.041793873967926,148204800
2014-10-07,21.77715301513672,22.07927716139975,21.772743192799037,21.927112212059786,168376800
2014-10-08,22.229238510131836,22.297601699208336,21.680122197400564,21.77936087581411,229618800
2014-10-09,22.277753829956055,22.577672260096705,22.18733815987489,22.39242941456671,309506000
2014-10-10,22.213808059692383,22.500493732565133,22.118980858992934,22.204986729104437,265326400
2014-10-13,22.01091194152832,22.445352623366272,22.01091194152832,22.34611563865539,214333600
2014-10-14,21.77715301513672,22.167487068122394,21.73745788411308,22.138819016687147,254754400
2014-10-15,21.510318756103516,21.865369258473056,20.989872119679713,21.605145940261153,403734400
2014-10-16,21.228046417236328,21.550017408785298,21.040597771248493,21.071471586705464,288618000
2014-10-17,21.538984298706055,21.832287145981482,21.3493299525352,21.501494916496913,272718800
2014-10-20,21.99989128112793,22.043996243273753,21.660277688616443,21.68233016968935,310069200
2014-10-21,22.597522735595703,22.718812224356014,22.332887911716284,22.718812224356014,378495600
2014-10-22,22.712196350097656,22.95918851264404,22.62619049615221,22.67911678723484,273052400
2014-10-23,23.117963790893555,23.16648024768389,22.85332903089974,22.952567696833448,284298800
2014-10-24,23.2039737701416,23.26351563434096,23.05180879802626,23.195152441649775,188215600
2014-10-27,23.179716110229492,23.261312138923,23.08929875282617,23.122378314863884,136750800
2014-10-28,23.5391788482666,23.5391788482666,23.23264479461527,23.24367187726322,192243600
2014-10-29,23.671491622924805,23.678108880947963,23.455374970731906,23.519328338318548,210751600
2014-10-30,23.592100143432617,23.673694474927867,23.353929358670893,23.587688638624375,162619200
2014-10-31,23.817039489746094,23.82586081738258,23.642822054541924,23.81924524227927,178557200
2014-11-03,24.125782012939453,24.324257701438697,23.819247992783662,23.865558706350754,209130400
2014-11-04,23.94936180114746,24.145631761414265,23.7552975939445,24.116963701570743,166297600
2014-11-05,24.006698608398438,24.103731549226797,23.845712291341986,24.059624902260932,149743600
2014-11-06,24.075353622436523,24.09528809714349,23.87601901411806,24.053205520378015,139874000
2014-11-07,24.14401626586914,24.212675892971188,24.04213363895282,24.086429845510537,134766000
2014-11-10,24.104150772094727,24.214892986403946,24.068712452415575,24.14623166447361,108782000
2014-11-11,24.296844482421875,24.307919381291555,24.008915699525705,24.075360023366827,109769200
2014-11-12,24.640146255493164,24.680013526015095,24.22375607765816,24.225969705614915,187769600
2014-11-13,24.98788070678711,25.127415330582487,24.717669351996058,24.76196726495756,238091600
2014-11-14,25.289087295532227,25.29130261253694,24.63127839784917,25.060958648008043,176254400
2014-11-17,25.24700927734375,25.975693242546182,25.09418617227625,25.30902464633254,186986800
2014-11-18,25.574810028076172,25.623536878045396,25.224864187199266,25.2359390857531,176896000
2014-11-19,25.39761734008789,25.63460559540397,25.204926981433495,25.56816128509941,167476800
2014-11-20,25.76085662841797,25.88267375556895,25.43748952428082,25.45077974074694,173582000
2014-11-21,25.796295166015625,26.03992773254084,25.698841463488613,26.02663920575709,228717200
2014-11-24,26.27470588684082,26.30571358196444,25.82952325408342,25.880463743303945,189803200
2014-11-25,26.046566009521484,26.522757824070702,26.0133430104056,26.37214835923169,275361600
2014-11-26,26.356645584106445,26.37879368781536,26.097509222148922,26.12187264316633,163073200
2014-11-28,26.34113121032715,26.445229114907885,26.14622014-12-01,25.486215591430664,26.41202062014-12-01,25.486209869384766,26.41201473002903,24.644568472511114,26.314561053184832,335256000
2014-12-02,25.388763427734375,25.636826635033596,24.972373244924736,25.13848659245195,237395600
2014-12-03,25.67668914794922,25.769712199776425,25.49507198923284,25.636821884338694,172253600
2014-12-04,25.57923698425293,25.95797516620508,25.53494077306719,25.641252355829824,168178000
2014-12-05,25.470714569091797,25.70991820711693,25.39098002308342,25.689983725718616,153275600
2014-12-08,24.89484977722168,25.393189734858176,24.722092195607758,25.27137262485243,230659600
2014-12-09,25.275794982910156,25.315662234057942,24.219313672389514,24.405361407676367,240832000
2014-12-10,24.795181274414062,25.437486459678954,24.704373536762624,25.340034459491083,178261200
2014-12-11,24.72210121154785,25.204937503069186,24.660084130332873,24.86385116045387,165606800
2014-12-12,24.303485870361328,24.777462388522224,24.27026286978534,24.465168548816735,224112400
2014-12-15,23.971254348754883,24.71765560166576,23.554862647516778,24.518319328710458,268872400
2014-12-16,23.64345932006836,24.39872192303199,23.534932438954026,23.559295857745873,243162800
2014-12-17,24.232614517211914,24.32785120863559,23.658968912271618,23.7254149232752,213647200
2014-12-18,24.950223922729492,24.950223922729492,24.509470335208263,24.77746632007254,236024800
2014-12-19,24.757530212402344,25.080897289148155,24.730953161305965,24.86384348616433,353719200
2014-12-22,25.01445198059082,25.13626740280483,24.799611813848475,24.841694396140053,180670000
2014-12-23,24.925861358642578,25.10083428501047,24.908142196272895,25.07868617694453,104113600
2014-12-24,24.8084716796875,24.963510106034576,24.8084716796875,24.93471773822501,57918400
2014-12-26,25.24700927734375,25.36439575289997,24.80847105961326,24.828403846877343,134884000
2014-12-29,25.229290008544922,25.41976504694662,25.182776795327815,25.202711270962567,110395600
2014-12-30,24.92142677307129,25.23150530622355,24.830619037456394,25.16948993755151,119526000
2014-12-31,24.447446823120117,25.056528907161375,24.409794881656694,24.987869285693744,165613600
2015-01-02,24.214889526367188,24.682221739158916,23.7763496768566,24.671146843393636,212818400
2015-01-05,23.53272247314453,24.064285483437537,23.346676348927705,23.984550947403974,257142000
2015-01-06,23.53493881225586,23.79407522071628,23.17391806682534,23.596954189686496,263188400
2015-01-07,23.86495018005371,23.964617509529127,23.632390824888006,23.743133053101715,160423600
2015-01-08,24.781896591186523,24.8394830250832,24.075360608884285,24.192748794463913,237458000
2015-01-09,24.8084716796875,25.08311190198466,24.409799026520567,24.9546505259873,214798000
2015-01-12,24.197172164916992,24.9457888739138,24.097504854799798,24.93914461187825,198603200
2015-01-13,24.412012100219727,24.98344228730691,24.121868061955624,24.68000803529737,268367600
2015-01-14,24.318992614746094,24.471815731969652,24.031062161775676,24.1506639642499,195826400
2015-01-15,23.658964157104492,24.376573158668013,23.623527530872572,24.36328463505503,240056000
2015-01-16,23.47513198852539,23.827293076803485,23.300159102999938,23.705475976187053,314053200
2015-01-20,24.079790115356445,24.135161228870494,23.58809435698492,23.884882714319932,199599600
2015-01-21,24.26362419128418,24.598064521947254,23.980122652281484,24.130732158398505,194303600
2015-01-22,24.89484977722168,24.91035361942313,24.30127144897852,24.42087324158633,215185600
2015-01-23,25.023313522338867,25.19385580272566,24.702160060868348,24.87270403104737,185859200
2015-01-26,25.04988670349121,25.328957536245927,24.983442393649014,25.191636592238247,222460000
2015-01-27,24.172807693481445,24.91256648080197,24.148444273882177,24.899276267516615,382274800
2015-01-28,25.539369583129883,26.161741992686807,25.539369583129883,26.05321340320937,585908400
2015-01-29,26.334497451782227,26.39872813532269,25.59473862220585,25.763067251836308,337745600
2015-01-30,25.94912338256836,26.57813851635501,25.880462042342185,26.22376367409545,334982000
2015-02-02,26.27470588684082,26.394307720800207,25.709921420124033,26.14624615981124,250956400
2015-02-03,26.279129028320312,26.376581032432806,26.048785008958852,26.24590602450807,207662800
2015-02-04,26.48067283630371,26.691084018363664,26.20381735184991,26.245899926220257,280598800
2015-02-05,26.669681549072266,26.734165723731444,26.51625362672937,26.687468941440304,168984800
2015-02-06,26.445104598999023,26.738617841332328,26.338371739759072,26.68747462417415,174826400
2015-02-09,26.62076187133789,26.647443807587482,26.33391918142884,26.36060281413928,155559200
2015-02-10,27.132184982299805,27.161092674695414,26.718599709283218,26.720822072959173,248034000
2015-02-11,27.768136978149414,27.777031524322094,27.238924204334104,27.29896027042317,294247200
2015-02-12,28.119462966918945,28.34626964549883,27.921563986537944,28.030519204661367,297898000
2015-02-13,28.25733184814453,28.30180289043023,27.939358976063367,28.30180289043023,217088800
2015-02-17,28.424091339111328,28.657568474541197,28.221744262210645,28.348488556639758,252609600
2015-02-18,28.621992111206055,28.63533308100466,28.33959580975443,28.379620415611313,179566800
2015-02-19,28.56195831298828,28.6909266937872,28.53527636969285,28.568628798812142,149449600
2015-02-20,28.79543113708496,28.79543113708496,28.473011930350665,28.599754534742676,195793600
2015-02-23,29.57368278503418,29.57368278503418,28.831006151951826,28.911055353853747,283896400
2015-02-24,29.38912582397461,29.707100278847857,29.16676729911174,29.560342838137128,276912400
2015-02-25,28.63755989074707,29.262390347666056,28.495250535932684,29.253494104471162,298846800
2015-02-26,29.000001907348633,29.10006257703535,28.152816368187036,28.637556382320206,365150000
2015-02-27,28.564184188842773,29.03336092029741,28.515265030649584,28.906614903272516,248059200
2015-03-02,28.704265594482422,28.96887282281326,28.528603825590125,28.73984377825784,192386800
2015-03-03,28.764305114746094,28.799883300697513,28.48190877725586,28.675363042790107,151265200
2015-03-04,28.581972122192383,28.808778837633067,28.53305635310015,28.7064957846363,126665200
2015-03-05,28.108348846435547,28.628667108118552,27.963815430480935,28.590866556757582,226068400
2015-03-06,28.150592803955078,28.76652525661798,28.074991709340917,28.550837186219347,291368400
2015-03-09,28.27066993713379,28.811003054898826,27.80816368012048,28.453003906240394,354114000
2015-03-10,27.685863494873047,28.288454960913256,27.5279891281801,28.108345078545167,275426400
2015-03-11,27.181102752685547,27.74366949013654,27.1521967582118,27.739223066548554,275756000
2015-03-12,27.672523498535156,27.772585873420383,27.045472395807206,27.19667629203401,193450800
2015-03-13,27.481287002563477,27.88375705290027,27.25670613246225,27.661398546412165,207309200
2015-03-16,27.783695220947266,27.783695220947266,27.32119080820845,27.54577168246317,143497200
2015-03-17,28.248430252075195,28.31069037432514,27.93935200486218,27.994941642079787,204092400
2015-03-18,28.566404342651367,28.71983229121008,28.099451708101018,28.23953698952777,261083600
2015-03-19,28.35071563720703,28.739843106737325,28.328480121097527,28.62866382972867,183238000
2015-03-20,27.994935989379883,28.550830552849387,27.830391171449538,28.517478134422173,274780400
2015-03-23,28.286231994628906,28.428541336208223,28.13280404655136,28.266220538685488,150838800
2015-03-24,28.170604705810547,28.470786706839743,28.141697009126034,28.29067852409887,131369200
2015-03-25,27.434598922729492,28.199512923167894,27.434598922729492,28.137252796892433,206620800
2015-03-26,27.625822067260742,27.768131384433865,27.261154229947007,27.296732407470724,190291600
2015-03-27,27.405689239501953,27.728108434323467,27.330088152452873,27.69920243570958,158184800
2015-03-30,28.099449157714844,28.106119642444803,27.572458810054766,27.58357741557871,188398800
2015-03-31,27.668075561523438,28.12613365015108,27.652510530253405,28.03718988726754,168362400
2015-04-01,27.6280517578125,27.821504320484593,27.37233906824674,27.754796072263535,162485600
2015-04-02,27.86597442626953,27.919340005191067,27.61470986642015-04-06,28.317367553710938,28.3522015-04-06,28.317358016967773,28.352936195517167,27.645836013226795,27.676966071227053,148776000
2015-04-07,28.019399642944336,28.488574593940104,28.01272915828701,28.38184344650085,140049200
2015-04-08,27.928232192993164,28.106119702993404,27.788146923979166,27.983821827810612,149316800
2015-04-09,28.141695022583008,28.146143143202508,27.7192151726219,27.98382066980979,129936000
2015-04-10,28.261775970458984,28.286235550661125,27.85263698609843,28.006063257002946,160752000
2015-04-13,28.206180572509766,28.588639230734085,28.152814997705434,28.544164808218575,145460400
2015-04-14,28.083885192871094,28.304019679612928,27.997165495170943,28.239535497342878,102098400
2015-04-15,28.190616607666016,28.268441760625606,28.01940127115491,28.108345030163488,115881600
2015-04-16,28.054977416992188,28.261770933185833,28.04163644706391,28.07943699283474,113476000
2015-04-17,27.739227294921875,28.048305523453024,27.674743116071788,27.917114801850463,207828000
2015-04-20,28.372943878173828,28.488569550172205,27.832612662600337,27.921556400693312,188217200
2015-04-21,28.219526290893555,28.50636734678086,28.16615901385577,28.484133526040274,129740400
2015-04-22,28.599750518798828,28.655340146392774,28.088326962811,28.237306757612185,150618000
2015-04-23,28.833234786987305,29.000003711145578,28.493026453138217,28.528604637926705,183083600
2015-04-24,28.968875885009766,29.046702746129995,28.735398694571785,29.015572680266445,178103600
2015-04-27,29.49586296081543,29.602597517346723,29.162325105730794,29.42026186129765,387816800
2015-04-28,29.031129837036133,29.916115857851434,28.810997058474765,29.89833016079196,475696000
2015-04-29,28.60420799255371,29.260165134074875,28.52860688860569,28.942193988863824,253544400
2015-04-30,27.828170776367188,28.60420158242397,27.701426480269312,28.60420158242397,332781600
2015-05-01,28.67313003540039,28.93551484929317,27.861522807023945,28.0394086024176,234050400
2015-05-04,28.6175479888916,29.033360832273065,28.519709672801845,28.795435527880013,203953200
2015-05-05,27.97270965576172,28.56195852744418,27.968261534204885,28.495250275782126,197085600
2015-05-06,27.797039031982422,28.183942381380493,27.430147135062807,28.141693719755914,288564000
2015-05-07,27.96898078918457,28.15207639289319,27.69210318080748,27.8595687343293,175763600
2015-05-08,28.495933532714844,28.495933532714844,28.15876914169282,28.286042868912773,222201600
2015-05-11,28.20566177368164,28.48253764789053,28.051592936345216,28.444579202141632,168143200
2015-05-12,28.105182647705078,28.33070167104977,27.870730221341702,28.044894102161358,192640000
2015-05-13,28.136438369750977,28.399917500772432,28.105178278235485,28.167698461266472,138776800
2015-05-14,28.792903900146484,28.792903900146484,28.39322103167603,28.449042870725208,180814000
2015-05-15,28.752708435058594,28.913475574026457,28.62766808410448,28.819695310810875,152832000
2015-05-18,29.069780349731445,29.18812237147555,28.661164094483212,28.66563079542484,203531600
2015-05-19,29.042985916137695,29.223848116196663,28.946970588357917,29.18142297650986,178532800
2015-05-20,29.040756225585938,29.2461802072394,28.879989038710175,29.02735952786213,145819600
2015-05-21,29.337724685668945,29.391314876050284,28.989396965926638,29.04298715630798,158921600
2015-05-22,29.594497680664062,29.69051299277318,29.33995029118235,29.38461047751805,182384000
2015-05-26,28.94249725341797,29.677114340766533,28.830853609135882,29.60789582644662,282790400
2015-05-27,29.482866287231445,29.53198978694991,29.038526549453405,29.103278395212143,183332800
2015-05-28,29.424806594848633,29.462765035348177,29.272972832850446,29.44266999162981,122933200
2015-05-29,29.089874267578125,29.35112004549353,29.005023988443504,29.30199655832027,203538000
2015-06-01,29.147926330566406,29.337721922416165,29.038517720264473,29.089872851775468,128451200
2015-06-02,29.018430709838867,29.174731201453856,28.875526916491566,28.99610060799593,134670400
2015-06-03,29.054153442382812,29.237250733466112,29.0050299451212,29.174730538241356,123934000
2015-06-04,28.88444709777832,29.156857893637614,28.783968487819013,28.933570579464032,153800400
2015-06-05,28.72591209411621,28.958132812778615,28.661160271026052,28.915707677229094,142507200
2015-06-08,28.5361328125,28.850968890804076,28.319543743632284,28.781746928995275,210699200
2015-06-09,28.451274871826172,28.598645346452834,28.049358647798414,28.290507700796127,224301600
2015-06-10,28.777271270751953,28.87998153133153,28.547283897144407,28.56291394160831,156349200
2015-06-11,28.712520599365234,29.0675466815236,28.687958853657094,28.844259323120394,141563600
2015-06-12,28.395448684692383,28.654462799151382,28.382051990340052,28.62320270996455,147544800
2015-06-15,28.339628219604492,28.41108009883974,28.069450748010365,28.156532672592473,175955600
2015-06-16,28.491464614868164,28.547286450596175,28.216822137072793,28.364190897550184,125976400
2015-06-17,28.42447853088379,28.553983890961618,28.299436464414363,28.51825880307548,131672400
2015-06-18,28.553987503051758,28.65000113774058,28.40661872861507,28.408852079248966,141628800
2015-06-19,28.26818084716797,28.540591712541328,28.223524054356492,28.516029965430786,218867600
2015-06-22,28.493698120117188,28.594176743554687,28.37535610029832,28.46690302554514,136157200
2015-06-23,28.36419105529785,28.49369812375843,28.330697612965324,28.464671382295435,121075600
2015-06-24,28.6053466796875,28.982702900869484,28.384292648227373,28.404387694929415,221123600
2015-06-25,28.469133377075195,28.84872114068404,28.469133377075195,28.772804269381098,127752400
2015-06-26,28.301668167114258,28.57854397041474,28.248079686631247,28.507092095255032,176267200
2015-06-29,27.805971145629883,28.23914911428784,27.79480780117253,28.013628432264692,196645600
2015-06-30,28.00693130493164,28.16100011566019,27.879657588452865,28.03819139644943,177482800
2015-07-01,28.26818084716797,28.344099439204413,28.131975414481285,28.33516773993263,120955200
2015-07-02,28.232458114624023,28.288279962080306,28.08285426874502,28.230224763732448,108844000
2015-07-06,28.134212493896484,28.18556934562886,27.87743164232996,27.897528394241817,112241600
2015-07-07,28.06498908996582,28.167701072115218,27.636276059999904,28.109645880970817,187787200
2015-07-08,27.368331909179688,27.830536680664583,27.361633560883114,27.794811588567054,243046400
2015-07-09,26.81011390686035,27.70103001819271,26.620319986898956,27.65413987586442,314380000
2015-07-10,27.526866912841797,27.654140646579222,27.064662121527192,27.227662652442298,245418000
2015-07-13,28.05828857421875,28.08061696799642,27.75908264624676,27.91761645667965,165762000
2015-07-14,28.047122955322266,28.216821810967417,27.9198492394752,28.143136579806693,127072400
2015-07-15,28.31730079650879,28.390986028616197,28.040424967933756,28.071685059698005,134596800
2015-07-16,28.694652557373047,28.70805265866787,28.43564014939327,28.522722068791797,144889600
2015-07-17,28.94249725341797,28.94249725341797,28.649991450533886,28.821923616714518,184658800
2015-07-20,29.489561080932617,29.690518327173155,29.18365510362248,29.24394364033243,235600800
2015-07-21,29.194826126098633,29.67935935161535,29.098814184187123,29.663731006067156,307025600
2015-07-22,27.96003532409668,28.02255549406574,27.23881661241787,27.23881661241787,461802400
2015-07-23,27.946645736694336,28.377588689764913,27.924315638702303,28.178863083176353,203998000
2015-07-24,27.799280166625977,28.076156054344427,27.66530807279754,27.98237575901928,168649200
2015-07-27,27.41299057006836,27.60055285290327,27.26785513761631,27.484442462684633,177822000
2015-07-28,27.549196243286133,27.667539985288723,27.363869013173137,27.549196243286133,134472400
2015-07-29,27.46211051940918,27.57598754415561,27.30134335589593,27.49783731287758,148046800
2015-07-30,27.323680877685547,27.36833767810744,27.176310369907373,27.312515825806205,134513200
2015-07-31,27.084754943847656,27.383959160865977,26.997673017787267,27.37502746286655,171540000
2015-08-03,26.446155548095703,27.368331734567274,26.240729881542865,27.129414326745238,279904000
2015-08-04,25.59766387939453,26.28092268429403,25.28729457236192,26.218402493459756,496554400
2015-08-05,25.767358779907227,26.22286514738283,25.030509893554626,25.220303787449335,397250400
2015-08-06,25.823436737060547,26.130725715606143,25.59689691360648,26.011848009757106,211612000
2015-08-07,25.910907745361328,26.07464606067443,25.682124507072878,25.700068760225193,154681600
2015-08-10,26.852970123291016,26.913529860308437,26.137458601583027,26.137458601583027,219806400
2015-08-11,25.455583572387695,26.507541906594625,25.419696776558233,26.42455101739805,388331200
2015-08-12,25.848106384277344,25.88848010107389,24.58979420725311,25.2402588839715,404870000
2015-08-13,25.827926635742188,26.108299261594233,25.691104657425694,26.02755180844815,194143200
2015-08-14,26.009599685668945,26.088103654920044,25.572219206085563,25.64175104867108,171718000
2015-08-17,26.278759002685547,26.388664562359022,25.90642343750448,26.02754458360224,163538800
2015-08-18,26.130722045898438,26.34156275421477,26.02081648382766,26.115021251316897,138242800
2015-08-19,25.796518325805664,26.135207137595437,25.72249956113972,26.041002370525103,193146000
2015-08-20,25.26717758178711,25.648483611062783,25.038392595214948,25.58792388594571,274006400
2015-08-21,23.721763610839844,25.098953580109377,23.69709068702081,24.7692351538536,513102000
2015-08-24,23.129606246948242,24.403618727961447,20.635412316159673,21.279148077292618,648825200
2015-08-25,23.268674850463867,24.921751784034296,23.214843807743076,24.921751784034296,414406400
2015-08-26,24.603254318237305,24.648113244948537,23.56251147495979,24.020078003441117,387098400
2015-08-27,25.327730178833008,25.39950547159993,24.67726562555014,25.17296571986374,338464400
2015-08-28,25.410720825195312,25.415206032277094,25.0181993221083,25.159506447166763,212657600
2015-08-31,25.291847229003906,25.688854003074386,25.121380241072895,25.128108908407583,224917200
2015-09-01,24.161386489868164,25.094465498443444,24.080639054064935,24.706430825910797,307383600
2015-09-02,25.1976375579834,25.1976375579834,24.477641153063455,24.72437033244307,247555200
2015-09-03,24.755773544311523,25.296330892720444,24.681754785631632,25.231284260358553,212935600
2015-09-04,24.509048461914062,24.7737202433098,24.33858316703833,24.441760070123664,199985200
2015-09-08,25.190914154052734,25.246988668124622,24.74456150119284,25.06530779013438,219374400
2015-09-09,24.7064266204834,25.5744588407277,24.6211922798336,25.516142589108206,340043200
2015-09-10,25.249229431152344,25.408480828757018,24.65035409552812,24.733343272285687,251571200
2015-09-11,25.617074966430664,25.617074966430664,25.067545538239123,25.074274204593294,199662000
2015-09-14,25.863805770874023,26.218197075541763,25.762872340007302,26.148665232556162,233453600
2015-09-15,26.081378936767578,26.137453453474166,25.664184395569876,26.00287495563004,173364800
2015-09-16,26.11054039001465,26.13969852444623,25.89297097798158,26.074651875706344,148694000
2015-09-17,25.552034378051758,26.128480319144057,25.507175450917547,25.942314231404556,256450400
2015-09-18,25.446611404418945,25.63726610331166,25.0922218094221,25.16848231997262,297141200
2015-09-21,25.84137535095215,25.877263856489446,25.493714437664757,25.49595618581724,200888000
2015-09-22,25.435400009155273,25.61035221983528,25.238016623765834,25.43091308971004,201384800
2015-09-23,25.64175033569336,25.731469888596294,25.412967101486103,25.486984149717248,143026800
2015-09-24,25.794279098510742,25.906428138069487,25.204375766484834,25.401757460055144,200878000
2015-09-25,25.729230880737305,26.173341803252995,25.57446466798422,26.11726728689416,224607600
2015-09-28,25.220067977905273,25.69782210773061,25.220067977905273,25.536327271942337,208436000
2015-09-29,24.461944580078125,25.460071920955418,24.192787606840596,25.307549179785273,293461600
2015-09-30,24.740076065063477,25.018205173145,24.38792818838707,24.710916222809423,265892000
2015-10-01,24.57857894897461,24.587551075675574,24.069421454058606,24.46418647261006,255716400
2015-10-02,24.758018493652344,24.89932736235935,24.123256303717053,24.22643320282759,232079200
2015-10-05,24.84773063659668,24.980067338304288,24.464181285558556,24.645862106771922,208258800
2015-10-06,24.96662139892578,25.063069652058616,24.621202113549096,24.81409861981476,192787200
2015-10-07,24.84773063659668,25.069785163775,24.540443490718054,25.063056497990477,187062400
2015-10-08,24.560638427734375,24.715404642141984,24.271293714878546,24.715404642141984,247918400
2015-10-09,25.148296356201172,25.184183152026744,24.55839142763354,24.67278390489033,211064400
2015-10-12,25.03166389465332,25.289607013539783,24.995777093845483,25.28512180516072,121868800
2015-10-13,25.074277877807617,25.222313693059533,24.825306918682905,24.856708507107804,132197200
2015-10-14,24.719884872436523,25.013714734523628,24.57409081545337,24.962127147615472,177849600
2015-10-15,25.089981079101562,25.143812134243223,24.782692121453554,24.881383815261927,150694000
2015-10-16,24.906051635742188,25.12137752344936,24.7916591696528,25.072031686655585,156930400
2015-10-19,25.060823440551758,25.06530864887749,24.69745996086399,24.852226172607406,119036800
2015-10-20,25.518394470214844,25.608114053824306,24.85671574970517,24.973350010516363,195871200
2015-10-21,25.516143798828125,25.92436613580862,25.50268475367488,25.569974845666728,167180800
2015-10-22,25.906429290771484,25.906429290771484,25.59241162378314,25.64400093722937,166616400
2015-10-23,26.70941162109375,26.74305667011026,26.092591997071434,26.175581178552775,237467600
2015-10-26,25.85707664489746,26.496325688647662,25.77632921713342,26.485111813893756,265335200
2015-10-27,25.69334602355957,26.139698728385536,25.56773793375908,25.883999051348866,279537600
2015-10-28,26.752023696899414,26.758754074856693,26.032027268696027,26.22716715926366,342205600
2015-10-29,27.03464698791504,27.07053550169343,26.527732853975635,26.624181095681912,204909200
2015-10-30,26.80362319946289,27.18941620885488,26.79240760985503,27.137826892420907,197461200
2015-11-02,27.180435180664062,27.220808894271993,26.82828734412862,27.095202545828723,128813200
2015-11-03,27.492212295532227,27.698566093648566,27.072774320250645,27.092962034880685,182076000
2015-11-04,27.36435890197754,27.77258123681901,27.279126268991515,27.61781505280359,179544400
2015-11-05,27.238224029541016,27.636932048368273,27.07153342500946,27.447714246573,158210800
2015-11-06,27.269750595092773,27.438694204532553,27.170638179524726,27.281014189822066,132169200
2015-11-09,27.15937614440918,27.43869578018609,27.042242657981237,27.247226688875976,135485600
2015-11-10,26.30339241027832,26.596228681477918,26.143459336143636,26.33267706854822,236511600
2015-11-11,26.154733657836914,26.449821394098468,25.952000903747933,26.213301279814605,180872000
2015-11-12,26.06687355041504,26.31465717319497,26.051105548563132,26.188513158379727,130102400
2015-11-13,25.305498123168945,26.033082657183602,25.289730122423524,25.949736528338832,183249600
2015-11-16,25.719980239868164,25.733495181340814,25.003659125896437,25.089256619529227,152426800
2015-11-17,25.609596252441406,25.9159474336029,25.526250129222316,25.88666277806434,110467600
2015-11-18,26.420530319213867,26.46558126467842,26.017317998547494,26.07588560251814,186698800
2015-11-19,26.756155014038086,26.97465563107516,26.30113443931872,26.499360935078567,173183200
2015-11-20,26.8732967376709,27.01295568430863,26.771929543716215,26.850769548847712,137148400
2015-11-23,26.524152755737305,26.970164742966002,26.431796069841756,26.866544459761943,129930000
2015-11-24,26.778690338134766,26.884561951850607,26.382237200649325,26.42954120960213,171212800
2015-11-25,26.58721923828125,26.857530050130254,26.56244070423051,26.853023924711955,85553200
2015-11-27,26.537662506103516,26.672818773030528,26.490358500112393,26.64578717592846,52185600
2015-11-30,26.648042678833008,26.89807938952724,26.524149995666143,26.578211476237374,156721200
2015-12-01,26.431791305541992,26.762921071156022,26.32366835263742,26.749406131688787,139409600
2015-12-02,26.193021774291992,26.605244669983524,26.14797082421379,26.431794903156916,133546400
2015-12-03,25.949745178222656,26.307906626802822,25.728993094202973,26.253845137452824,166278000
2015-12-04,26.81247901916504,26.86203609027978,25.92946742765108,25.970013965964647,231108000
2015-12-07,26.643531799316406,26.99944006329292,26.53766020142362,26.801213524176177,128336800
2015-12-08,26.632266998291016,26.715611398774985,26.32366277009681,26.472332228457642,137238000
2015-12-09,26.044355392456055,26.510639827965388,25.922715750333996,26.499376229801133,185445600
2015-12-10,26.168235778808594,26.34168549620589,26.01956631105115,26.13895284146111,116850800
2015-12-11,25.494712829589844,25.992533043941886,25.42037724120592,25.94748210960295,187544800
2015-12-14,25.3370361328125,25.382087073004815,24.73109119130159,25.26945800394082,257274800
2015-12-15,24.88877296447754,25.40912046906789,24.857236960391255,25.215398319061666,213292400
2015-12-16,25.08024024963379,25.22665838298991,24.508086091703493,25.019421308575538,224954000
2015-12-17,24.548635482788086,25.285228923308203,24.548635482788086,25.23341878938219,179091200
2015-12-18,23.884126663208008,24.670277299747227,23.83456958425084,24.53287137888919,385813200
2015-12-21,24.17695426940918,24.18596480037853,23.780499499673077,24.165690676051728,190362400
2015-12-22,24.154436111450195,24.264812141708923,23.978733282247216,24.192729590721896,131157600
2015-12-23,24.46529197692871,24.51935346093538,24.147677106399406,24.163445110842336,130629600
2015-12-24,24.33464241027832,24.553143133318848,24.316621342307553,24.553143133318848,54281600
2015-12-28,24.062082290649414,24.25805755503019,23.91791717153612,24.235530358819418,106816800
2015-12-29,24.49456787109375,24.649996526273785,24.071083217553404,24.09360868618946,123724800
2015-12-30,24.174705505371094,24.485561145461162,24.143169500662683,24.45853126633016,100855200
2015-12-31,23.71067237854004,24.109378531524413,23.611558246655083,24.104874124885654,163649200
2016-01-04,23.730941772460938,23.735447897110646,22.976327440437675,23.11373502634262,270597600
2016-01-05,23.136266708374023,23.843577233061005,23.068690287724074,23.821051759511022,223164000
2016-01-06,22.683488845825195,23.05967116009652,22.496525938317514,22.651952850892197,273829600
2016-01-07,21.726150512695312,22.555100673885242,21.72164610532615,22.228477004240506,324377600
2016-01-08,21.84103012084961,22.325335489351968,21.795979178070308,22.19919147470328,283192000
2016-01-11,22.194684982299805,22.31407152541594,21.92662723702021,22.29379911707544,198957600
2016-01-12,22.516803741455078,22.681242941827485,22.264514002903095,22.64970693933139,196616800
2016-01-13,21.937896728515625,22.793878605915328,21.917624314726094,22.597903346364497,249758400
2016-01-14,22.41769027709961,22.633939612925026,21.56621474715147,22.066288113904072,252680400
2016-01-15,21.87932777404785,22.00997793908476,21.480621526671204,21.669837584793374,319335600
2016-01-19,21.77345085144043,22.22171403207015,21.512150605552584,22.167652564107623,212350800
2016-01-20,21.802736282348633,22.118098032270122,21.043615707294155,21.42204946348329,289337600
2016-01-21,21.692363739013672,22.048270362500734,21.38601247224195,21.86355872093986,208646000
2016-01-22,22.845687866210938,22.85469840108571,22.158651338201818,22.217217237012118,263202000
2016-01-25,22.399673461914062,22.870462222533124,22.34786332551053,22.868209159580758,207178000
2016-01-26,22.5235595703125,22.724039165257587,22.09106438022309,22.51004463267943,300308000
2016-01-27,21.043611526489258,21.766689829401106,21.025590465826443,21.633788373824444,533478800
2016-01-28,21.194541931152344,21.29140302003716,20.811603701747394,21.126965506389833,222715200
2016-01-29,21.926626205444336,21.926626205444336,21.253104857792184,21.352218987904827,257666000
2016-02-01,21.721649169921875,21.7847211934897,21.48963348954721,21.730659704514956,163774000
2016-02-02,21.28238868713379,21.633790816826192,21.237336030389166,21.494130158792558,149428800
2016-02-03,21.703622817993164,21.81399883237092,21.192287564028874,21.39952465347622,183857200
2016-02-04,21.878015518188477,22.0433470401719,21.558678918068512,21.71042043534473,185886800
2016-02-05,21.293697357177734,21.95049119925636,21.21896010009772,21.85989864726117,185672400
2016-02-08,21.517906188964844,21.67417651105632,21.071739464345107,21.092121873697167,216085600
2016-02-09,21.513378143310547,21.72853561437277,21.27330941163505,21.354842514451022,177324800
2016-02-10,21.35031509399414,21.821394929259718,21.311813825280545,21.724008249160672,169374400
2016-02-11,21.22121810913086,21.452229142675453,20.96982466387226,21.241602248753622,200298800
2016-02-12,21.28689956665039,21.402405093828406,21.06494966663968,21.332196698832412,161405600
2016-02-16,21.88707160949707,21.934632298950824,21.42731655020201,21.5201726406854,196231600
2016-02-17,22.222261428833008,22.242643839068037,21.776094684885276,21.893863753585592,179452800
2016-02-18,21.80101203918457,22.396655094579923,21.762509043401412,22.38533037913035,156084000
2016-02-19,21.751188278198242,21.91425452104242,21.696833439886568,21.742128850494773,141496800
2016-02-22,21.941429138183594,21.945959715589726,21.724008076232284,21.812335328652846,137123200
2016-02-23,21.4454345703125,21.855363635836255,21.41372744523932,21.832715936199516,127770400
2016-02-24,21.7647762298584,21.828190494923877,21.13516070112382,21.284638664128842,145022800
2016-02-25,21.91425132751465,21.91425132751465,21.57226532515957,21.753450397006887,110330800
2016-02-26,21.948223114013672,22.199614845314983,21.873484144430357,22.013900929565107,115964400
2016-02-29,21.898399353027344,22.24717951851221,21.889339925986423,21.93690062201949,140865200
2016-03-01,22.768081665039062,22.82243649472265,22.063727256060517,22.115818525109407,201628400
2016-03-02,22.81789779663086,22.84960491091958,22.56650444197875,22.7635429904085,132678400
2016-03-03,22.98776626586914,23.03532695424258,22.7499610960932,22.779404661211583,147822800
2016-03-04,23.329755783081055,23.497350862041575,22.958327917325843,23.184808407562386,184220400
2016-03-07,23.071563720703125,23.288984742123198,22.865465684869566,23.18933279267324,143315600
2016-03-08,22.881319046020508,23.04665053089118,22.73863698794127,22.824698934859256,126247600
2016-03-09,22.901708602905273,23.00588942474126,22.709198797083857,22.944738722590504,108806800
2016-03-10,22.91303253173828,23.155366605675063,22.68202317434147,22.96738909763918,134054400
2016-03-11,23.159894943237305,23.164423792669737,22.987769290352173,23.155364365895892,109632800
2016-03-14,23.218774795532227,23.307103760030373,23.05117974763284,23.080623311768452,100304400
2016-03-15,23.68532943725586,23.82121738210756,23.519997923615165,23.54491091509402,160270800
2016-03-16,24.000131607055664,24.077134124384102,23.68758750566512,23.692118081924775,153214000
2016-03-17,23.96162986755371,24.113371338944333,23.77138541036294,23.8982138965511,137682800
2016-03-18,23.988811492919922,24.120170583094062,23.823481713829104,24.08393287770441,176820800
2016-03-21,23.98655128479004,24.38062688248228,23.81216032706883,23.991080134642278,142010800
2016-03-22,24.169998168945312,24.299091979127244,23.82801214523532,23.837071572184282,129777600
2016-03-23,24.0363712310791,24.249263422019336,23.98428169153553,24.115640776494775,102814000
2016-03-24,23.932191848754883,24.06355094153387,23.755537351249522,23.88689644402851,104532000
2016-03-28,23.823486328125,24.049966846949925,23.79404275481585,24.006934995442236,77645600
2016-03-29,24.387414932250977,24.41232791999096,23.75326898090197,23.755534269217073,124760400
2016-03-30,24.813199996948242,25.007973341395775,24.595778950848203,24.607103665628895,182404400
2016-03-31,24.684097290039062,24.890195274900726,24.65918430883802,24.849428735472497,103553600
2016-04-01,24.91058349609375,24.912848784343115,24.5051832948904,24.636542366815014,103496000
2016-04-04,25.16650390625,25.408837877037346,24.973994174467073,25.007966581717497,149424800
2016-04-05,24.869821548461914,25.078184908237542,24.781494297389987,24.801878439588343,106314800
2016-04-06,25.130273818969727,25.134804396192514,24.73166769090215,24.964944036425578,105616400
2016-04-07,24.582189559936523,25.007972206572465,24.48706818056713,24.901526112936278,127207600
2016-04-08,24.609375,24.860766796384272,24.498398297193763,24.665995131995682,94326800
2016-04-11,24.69090461730957,25.05100952930948,24.647874495078657,24.67958162847372,117630000
2016-04-12,25.01250457763672,25.026092853404545,24.609369602707936,24.763374669167092,108929200
2016-04-13,25.3748722076416,25.442815312275144,25.09403690709012,25.09403690709012,133029200
2016-04-14,25.38846206665039,25.4541416147626,25.21407285317995,25.27975240129216,101895600
2016-04-15,24.87887954711914,25.433757741234675,24.8517029962933,25.390725898548595,187756000
2016-04-18,24.342124938964844,24.675049823050298,24.219825261421395,24.66146154595961,243286000
2016-04-19,24.21302604675293,24.459888910995492,24.059019269678462,24.4327106346028,129539600
2016-04-20,24.26285171508789,24.48027275522926,24.02051768543887,24.15187677049579,122444000
2016-04-21,24.000131607055664,24.21755261398772,23.898214376116265,24.21755261398772,126210000
2016-04-22,23.934459686279297,24.115644780298073,23.694390905427163,23.78271816358631,134732400
2016-04-25,23.79857063293457,23.927664444903044,23.669476820966093,23.780451778785896,112126400
2016-04-26,23.633235931396484,23.848393407654267,23.533585702810786,23.533585702810786,224064800
2016-04-27,22.15431785583496,22.355885320885914,21.66964982437439,21.742123500258902,458408400
2016-04-28,21.477144241333008,22.167908665636226,21.34578514879612,22.106759696577427,328970800
2016-04-29,21.230276107788086,21.452227700794264,20.95170613230117,21.286896218177468,274126000
2016-05-02,21.20763397216797,21.30728594552366,20.92679863478541,21.282372952184737,192640400
2016-05-03,21.556407928466797,21.683236419465825,21.216687275083462,21.334456341309902,227325200
2016-05-04,21.332195281982422,21.71947666489431,21.24839688894312,21.5609393046504,164102000
2016-05-05,21.24560546875,21.43472914791066,21.118004788077215,21.418779062826562,143562000
2016-05-06,21.127124786376953,21.293461182259097,20.928886473720148,21.275233750654156,174799600
2016-05-09,21.143077850341797,21.366379130177148,21.097504918844063,21.19092812459223,131745600
2016-05-10,21.28662109375,21.320800345595995,20.988125887048184,21.266114585699782,134747200
2016-05-11,21.07927131652832,21.32080169828695,21.067877652380467,21.300295188935703,114876400
2016-05-12,20.58481216430664,21.140789516231006,20.386575648952064,21.127118511980022,305258800
2016-05-13,20.625829696655273,20.887868323514734,20.50734358750293,20.50734358750293,177571200
2016-05-16,21.39143943786621,21.507648216408324,20.883313959085207,21.051929425106646,245039200
2016-05-17,21.302576065063477,21.5782857465761,21.193204520187564,21.54410822532073,187667600
2016-05-18,21.5463809967041,21.694489931630287,21.39371563938697,21.455238641453214,168249600
2016-05-19,21.464357376098633,21.564616080500596,21.320806562601753,21.564616080500596,121768400
2016-05-20,21.6967716217041,21.744621885494894,21.53726900397226,21.564612756893798,128104000
2016-05-23,21.972484588623047,22.14565823969425,21.799310937551844,21.844883865954507,152074400
2016-05-24,22.30743408203125,22.350726182938512,22.06590195241827,22.152489631091072,140560800
2016-05-25,22.699352264404297,22.72669427765415,22.35528411076761,22.482884808411256,152675200
2016-05-26,22.879362106323242,22.95227704133742,22.476050013878265,22.713023987281645,225324800
2016-05-27,22.865686416625977,22.893030165646426,22.61504146843989,22.658335303115027,145364800
2016-05-31,22.754032135009766,22.877076378047455,22.51705823046629,22.694788224266727,169228800
2016-06-01,22.43503761291504,22.681126196370553,22.405416515036443,22.56263832799744,116693200
2016-06-02,22.26642417907715,22.293766198575085,22.018056491917253,22.23908042114969,160766400
2016-06-03,22.311988830566406,22.39173926144194,22.204894649778254,22.282367738649494,114019600
2016-06-06,22.473777770996094,23.216600092630877,22.227690876968186,22.327947856598183,93170000
2016-06-07,22.564918518066406,22.756321338527762,22.54896842789708,22.615047869578415,89638000
2016-06-08,22.54440689086914,22.685678589346253,22.48516296720797,22.562634319478764,83392400
2016-06-09,22.70619010925293,22.783661472688777,22.43503686036885,22.44415144520177,106405600
2016-06-10,22.51934242248535,22.637828532439826,22.4395919890132,22.45098391469261,126851600
2016-06-13,22.179834365844727,22.58542558014755,22.125148593635664,22.487445963290416,152082000
2016-06-14,22.207176208496094,22.43959376261823,22.045396248257337,22.17527603258587,127727600
2016-06-15,22.134262084960938,22.423644497893772,22.109197411764256,22.289206547254377,117780800
2016-06-16,22.22768211364746,22.273253292019113,21.890449483038555,21.977035417316305,125307200
2016-06-17,21.72183609008789,22.022610415685328,21.715000586528955,22.015774912126393,244032800
2016-06-20,21.669424057006836,22.00437758305134,21.653473971882285,21.874497821771726,137647600
2016-06-21,21.853992462158203,21.954249400307937,21.573724679189954,21.632968600661833,142185600
2016-06-22,21.771963119506836,22.077293835540676,21.7263902032435,21.931463980356007,116876400
2016-06-23,21.897287368774414,21.940581209838957,21.703607231975436,21.860830769795754,128960800
2016-06-24,21.282068252563477,21.569171582580047,21.11117370300611,21.170417633612853,301245600
2016-06-27,20.972179412841797,21.202317893911776,20.84913512806466,21.190924228524736,181958400
2016-06-28,21.325361251831055,21.34131307935169,20.994965804184282,21.168139441767984,161779600
2016-06-29,21.50992774963379,21.544107007386295,21.33447503777124,21.411948137905544,146124000
2016-06-30,21.783355712890625,21.82209138908081,21.487139571023903,21.51903974417218,143345600
2016-07-01,21.849441528320312,21.981600420536513,21.72184079841753,21.758297404777085,104106000
2016-07-05,21.644357681274414,21.73778084279564,21.52359251222796,21.735501762692284,110820800
2016-07-06,21.767406463623047,21.79702929584953,21.503090484737402,21.555497169027284,123796400
2016-07-07,21.86082649230957,21.988427171411196,21.787911570190232,21.806138996898415,100558400
2016-07-08,22.02944564819336,22.07729591094634,21.88589485993442,21.986151808280546,115648400
2016-07-11,22.09779930114746,22.2504646399493,22.04083446680987,22.04539088864821,95179600
2016-07-12,22.198062896728516,22.261863252206457,22.129706118043277,22.141098045276166,96670000
2016-07-13,22.07274055480957,22.2550270305213,22.065903312575156,22.195784838590345,103568800
2016-07-14,22.510225296020508,22.55579647044835,22.175271774846365,22.191221859739,155676000
2016-07-15,22.507949829101562,22.626437683121686,22.444149479288797,22.539850004007945,120548000
2016-07-18,22.747203826904297,22.81556060236729,22.46693600606127,22.48972159788227,145975600
2016-07-19,22.756317138671875,22.78593823253969,22.63555020575895,22.685679548019195,95119600
2016-07-20,22.776824951171875,22.890754648849864,22.726695606044885,22.78593953559762,105104000
2016-07-21,22.65605354309082,23.013792626258883,22.587695047839347,22.747197623949873,130808000
2016-07-22,22.480606079101562,22.62643593553281,22.40085390956624,22.617321352202232,113254800
2016-07-25,22.179834365844727,22.52162348440273,22.08413382987153,22.38718726554934,161531600
2016-07-26,22.02716064453125,22.323378463935835,21.97019581298642,22.061339891143888,224959200
2016-07-27,23.45812225341797,23.777125730081984,23.41255107322129,23.758896562631676,369379200
2016-07-28,23.774843215942383,23.799907882959403,23.42849777655176,23.430776856761174,159479200
2016-07-29,23.74522590637207,23.822698999963638,23.62446071248406,23.740669483656855,110934800
2016-08-01,24.164487838745117,24.1872734289597,23.7907985962529,23.7907985962529,152671600
2016-08-02,23.806747436523438,24.16904299572096,23.697374175420425,24.164486573288297,135266400
2016-08-03,24.10524559020996,24.116637516895125,23.872828033938575,23.88194261834424,120810400
2016-08-04,24.25415802001953,24.28393958084668,24.118991787057148,24.187720617085038,109634800
2016-08-05,24.62299919128418,24.66194471273675,24.32517659087174,24.345794191224247,162213600
2016-08-08,24.826892852783203,24.826892852783203,24.54968959670858,242016-08-09,24.92769432067871,24.957477631510976,24.744420340400605,24.794821253027322,105260800
2016-08-10,24.742122650146484,24.94830735513366,24.687140644765385,24.9047789874568,96034000
2016-08-11,24.726083755493164,24.95517746146536,24.707755839532282,24.86124820305055,109938000
2016-08-12,24.783355712890625,24.842920562309494,24.691717886364554,24.691717886364554,74641600
2016-08-15,25.081178665161133,25.09492372764215,24.760447140449838,24.774192202930855,103472800
2016-08-16,25.058273315429688,25.2530043978627,25.019327798081715,25.115546751946088,135177600
2016-08-17,25.021615982055664,25.05598038908108,24.820012393024626,24.994124106866064,101424000
2016-08-18,24.989540100097656,25.10866804972815,24.9757932901758,25.023904503133075,87938800
2016-08-19,25.053691864013672,25.12929321865578,24.8245981211078,24.918525646819003,101472400
2016-08-22,24.858964920043945,24.994129402375847,24.707762196235322,24.93914738819395,103280800
2016-08-23,24.936851501464844,25.044525831372784,24.863541579717417,24.877286643843057,85030800
2016-08-24,24.749004364013672,24.913952189197687,24.66882187895119,24.872715232901683,94700400
2016-08-25,24.643611907958984,24.71463040333941,24.439718632705294,24.602374967579227,100344800
2016-08-26,24.499284744262695,24.73066815971261,24.354954571624482,24.606959080089144,111065200
2016-08-29,24.47178840637207,24.613827126359638,24.350369027794624,24.425970366554758,99881200
2016-08-30,24.2839412689209,24.398488161698825,24.169394376142968,24.238123210948476,99455600
2016-08-31,24.306848526000977,24.41452287701855,24.20146560206905,24.20604845624034,118649600
2016-09-01,24.4511775970459,24.46721409021607,24.196883385456967,24.316011370743013,106806000
2016-09-02,24.680267333984375,24.74212186960598,24.47179120889458,24.673393054162965,107210000
2016-09-06,24.67339515686035,24.81085279946069,24.629868534693674,24.719214953675976,107521600
2016-09-07,24.824596405029297,24.9162342454262,24.52906528736866,24.703177009338134,169457200
2016-09-08,24.17397117614746,24.574885229446362,24.109825207275087,24.570304123604007,212008000
2016-09-09,23.62643814086914,24.21979187060213,23.62643814086914,23.972370197635943,186228000
2016-09-12,24.1556396484375,24.21978560308556,23.488976160103366,23.516468032600894,181171200
2016-09-13,24.730667114257812,24.92310675369148,24.568010777936287,24.629867062979635,248704800
2016-09-14,25.605810165405273,25.89446880795095,24.879583326570245,24.9093666355964,443554800
2016-09-15,26.476362228393555,26.513018064052147,25.999846851910497,26.084612160986165,359934400
2016-09-16,26.32745361328125,26.604656844016898,26.125851740340764,26.37327341248133,319547600
2016-09-19,26.020465850830078,26.616109189599428,25.944864501673187,26.389306889975177,188092000
2016-09-20,26.01817512512207,26.144177377111497,25.775336328029503,25.89904715329736,138057200
2016-09-21,26.013591766357422,26.114391811371693,25.759297605529163,26.082318831433565,144012800
2016-09-22,26.258726119995117,26.332036049706506,26.116687366496414,26.196869829017217,124296000
2016-09-23,25.82115936279297,26.297674837824704,25.555411490694333,26.21290951121863,209924800
2016-09-26,25.860105514526367,25.976943832886214,25.555412112457752,25.57602971389645,119477600
2016-09-27,25.9082088470459,25.928828191435294,25.73638855113548,25.887591250502936,98429600
2016-09-28,26.105226516723633,26.263301729645175,25.9860985613157,26.04566341294278,118564400
2016-09-29,25.699729919433594,26.0708623222027,25.6126749474564,25.924242502111575,143548000
2016-09-30,25.899044036865234,25.972353952515935,25.612676905753705,25.763877842100538,145516400
2016-10-03,25.777629852294922,25.899051016800733,25.722647837700507,25.821158227265812,86807200
2016-10-04,25.887596130371094,26.18770841115558,25.80283080585212,25.90134119732404,118947200
2016-10-05,25.899044036865234,26.03879133667536,25.81657016327741,25.97922648400721,85812400
2016-10-06,26.091493606567383,26.194585120843946,25.91738182340201,26.04796522381428,115117200
2016-10-07,26.130435943603516,26.244982833411136,26.004435413523233,26.187709388507326,97433600
2016-10-10,26.58632469177246,26.746689583283207,26.28162965005582,26.350356711626326,144944000
2016-10-11,26.643604278564453,27.19113821057531,26.620693504896412,26.96433413575745,256164000
2016-10-12,26.881866455078125,27.02848809947194,26.746701948011925,26.884157882543647,150347200
2016-10-13,26.79939079284668,26.904773720487054,26.510732144533684,26.7558624159214,140769600
2016-10-14,26.94829559326172,27.072006420704078,26.833748725020254,27.00556902738245,142608800
2016-10-17,26.929969787597656,26.996405433972964,26.753566629321565,26.87956888523306,94499600
2016-10-18,26.91164207458496,27.081170953777765,26.907059220964147,27.07429842119308,98214000
2016-10-19,26.83146858215332,26.978088485784177,26.07087717662559,26.86125014925589,80138400
2016-10-20,26.817716598510742,26.891026536204105,26.65047912245094,26.771898542894935,96503200
2016-10-21,26.712331771850586,26.783352025203126,26.639021839372905,26.76044125117844,92770800
2016-10-24,26.95287322998047,26.97349082330702,26.803961980519464,26.82687100016435,94154800
2016-10-25,27.090333938598633,27.11553438906691,26.874985270177547,27.02160511953125,192516000
2016-10-26,26.480945587158203,26.50614603935615,25.95861211950365,26.187705868323828,264536800
2016-10-27,26.226652145385742,26.542800877615743,26.139595405493818,26.435126540073536,138248000
2016-10-28,26.05254554748535,26.39389479823127,25.990689246651762,26.08690996485436,151446800
2016-10-31,26.011302947998047,26.169378184862182,25.933410169019165,26.036503398740056,105677600
2016-11-01,25.54166030883789,26.063993750771612,25.32173053054193,25.99297525144537,175303200
2016-11-02,25.564559936523438,25.73867160245377,25.482087829341562,25.521033330925256,113326800
2016-11-03,25.290550231933594,25.665889635814263,25.226074923961,25.555361038381356,107730400
2016-11-04,25.062576293945312,25.387257712039556,24.894480242573685,24.991193183649415,123348000
2016-11-07,25.42410659790039,25.447133242057223,25.20534908635963,25.348117091044536,130240000
2016-11-08,25.57378578186035,25.72576482599029,25.2606184395508,25.401083280887615,97016800
2016-11-09,25.532329559326172,25.633648892110934,24.880666983590114,25.302059626139112,236705600
2016-11-10,24.820798873901367,25.580688677849547,24.369469969035215,25.580688677849547,228538000
2016-11-11,24.968172073364258,25.069491418921867,24.535265176853336,24.666518985043695,136575600
2016-11-14,24.341842651367188,24.825409323090632,23.96650316590229,24.802382673355375,204702000
2016-11-15,24.664215087890625,24.795468892325932,24.445459332771897,24.539869101032913,129058000
2016-11-16,25.327396392822266,25.382662456827013,24.546781246166884,24.569807894425203,235362000
2016-11-17,25.318180084228516,25.41028841480842,25.06027886678912,25.28594243204859,110528000
2016-11-18,25.343517303466797,25.454047683732274,25.251410702869826,25.265226341595213,113715600
2016-11-21,25.72806167602539,25.787930596694206,25.331997090331967,25.35732692477656,117058400
2016-11-22,25.744182586669922,25.886948839478784,25.652074250032346,25.778721675691163,103862000
2016-11-23,25.61292839050293,25.67740369812785,25.405685075408282,25.64286285280868,109705600
2016-11-25,25.741884231567383,25.760306253720145,25.548456512604833,25.589905184038184,45903600
2016-11-28,25.691221237182617,25.89846456763348,25.649772571092445,25.658983580981428,108776000
2016-11-29,25.6658935546875,25.797147382192698,25.34581840065166,25.509309887065452,114115200
2016-11-30,25.44943618774414,25.836289805737298,25.39186869552385,25.69812817577269,144649200
2016-12-01,25.212255477905273,25.54614794816539,25.106331515318686,25.414894151392858,148347600
2016-12-02,25.306671142578125,25.35042124412152,25.064886960952965,25.13857328424874,106112000
2016-12-05,25.124753952026367,25.336601880738346,24.926721657893783,25.32969406344865,137298000
2016-12-06,25.318180084228516,25.412591606198497,25.143176188629006,25.214559310338796,104782000
2016-12-07,25.56687355041504,25.6037175875377,25.136269846671315,25.159296491462786,119994800
2016-12-08,25.817869186401367,25.889252313584898,25.467857854722514,25.527728537713447,108273200
2016-12-09,26.239261627197266,26.411964099750527,25.86161902775977,25.86161902775977,137610400
2016-12-12,26.089582443237305,26.481040601576062,25.903062614797264,26.087279252144945,105497600
2016-12-13,26.524797439575195,26.692893527728142,26.193208132680063,26.213931585950814,174935200
2016-12-14,26.524797439575195,26.757368835886556,26.476440958456386,26.49025659397022,136127200
2016-12-15,26.66986846923828,26.8794149900372,26.534010027083767,26.568549117922718,186098000
2016-12-16,26.70441246032715,26.826455280511986,26.630726129829473,26.819547461531062,177404400
2016-12-19,26.858688354492188,27.02908763527047,26.653748227886037,26.66526242876879,111117600
2016-12-20,26.930072784423828,27.056721972983006,26.86790066438054,26.881716300652275,85700000
2016-12-21,26.955402374267578,27.03369507833526,26.89092706316505,26.895533446426928,95132800
2016-12-22,26.778095245361328,26.82875492027494,26.628419412249425,26.791910881493962,104343600
2016-12-23,26.8310546875,26.8310546875,26.61690355665161,26.61690355665161,56998000
2016-12-27,27.00145149230957,27.12579746076243,26.824142668900457,26.831050485455602,73187600
2016-12-28,26.886323928833008,27.176462844896196,26.75737154265103,27.061327852446198,83623600
2016-12-29,26.879417419433594,26.966919385501626,26.80342789907889,26.81494034479222,60158000
2016-12-30,26.66986846923828,26.987640402700062,26.580063319416027,26.8609929703761,122345200
2017-01-03,26.7458553314209,26.787303993139343,26.425780238025247,26.665261199418453,115127600
2017-01-04,26.715923309326172,26.828756868671924,26.6537511853937,26.67677783289385,84472400
2017-01-05,26.851776123046875,26.909343604357442,26.667559480125014,26.692889312447274,88774400
2017-01-06,27.151134490966797,27.20870198661537,26.81954515384844,26.8909282862701,127007600
2017-01-09,27.399822235107422,27.50114158038002,27.158039829552894,27.1603412642579,134247600
2017-01-10,27.42745590209961,27.489628020170905,27.2409377910653,27.3491631997953,97848400
2017-01-11,27.5748291015625,27.61627776672702,27.310018282834758,27.342255938316,110354400
2017-01-12,27.459693908691406,27.471208109913796,27.22021292919338,27.379099770596024,108344800
2017-01-13,27.41133689880371,27.54489390040559,27.358374033747648,27.427455726112875,104447600
2017-01-17,27.63239288330078,27.687657177157718,27.222512669956387,27.250143938474743,137759200
2017-01-18,27.630090713500977,27.747528879506493,27.565615408814118,27.632393904902735,94852000
2017-01-19,27.581741333007812,27.653124473449743,27.487331543083396,27.49423936224607,102389200
2017-01-20,27.63239288330078,27.736013653885067,27.570220772314254,27.736013653885067,130391600
2017-01-23,27.650821685791016,27.818917799929746,27.579436792019994,27.632399664377807,88200800
2017-01-24,27.625490188598633,27.655424653984163,27.517263015313226,27.528777217211033,92844000
2017-01-25,28.065296173095703,28.115955834702337,27.69686466616563,27.72910231322076,129510400
2017-01-26,28.079116821289062,28.194251790368554,28.0008241287685,28.016942954166822,105350400
2017-01-27,28.0814208984375,28.173529233733234,28.00082676386137,28.125172752987556,82251600
2017-01-30,28.00773048400879,28.00773048400879,27.78437013138144,27.846542238438513,121510000
2017-01-31,27.943256378173828,27.952467386430914,27.775160308737572,27.8972030937086,196804000
2017-02-01,29.64725685119629,30.047927839765823,29.2465876194471,29.251192245568664,447940000
2017-02-02,29.596595764160156,29.794628057502138,29.42389330532612,29.46994834844069,134841600
2017-02-03,29.723247528076172,29.748577364792464,29.51139958174031,29.545938671062146,98029200
2017-02-06,30.001880645751953,30.05023889802704,29.681805444778412,29.734770081470604,107383600
2017-02-07,30.28740119934082,30.416351787687134,30.038709273112925,30.05943272188858,152735200
2017-02-08,30.404848098754883,30.446298524273466,30.216028533022655,30.24596475625045,92016400
2017-02-09,30.624549865722656,30.631487632866527,30.323900350281978,30.446472274989613,113399600
2017-02-10,30.555166244506836,30.744807941745723,30.538979298745115,30.63380014736456,80262000
2017-02-13,30.82575035095215,30.948325797298406,30.70086702086009,30.777185983811883,92141600
2017-02-14,31.225852966308594,31.242039915462477,30.81650700709745,30.867386325366628,132904800
2017-02-15,31.339170455932617,31.51493664705215,31.13334178123319,31.341485397736633,142492400
2017-02-16,31.302165985107422,31.429360727692984,31.18421689299279,31.376170006491336,90338400
2017-02-17,31.387737274169922,31.413176931012384,31.24435204226218,31.24435204226218,88792800
2017-02-21,31.6143798828125,31.625944005042655,31.447866403547273,31.505683485823404,98028800
2017-02-22,31.709209442138672,31.711520855668837,31.477941049599956,31.551945100197024,83347600
2017-02-23,31.57506561279297,31.79476982608597,31.52187488362987,31.771645109824725,83152800
2017-02-24,31.605121612548828,31.605121612548828,31.285970280934357,31.431670415605943,87106400
2017-02-27,31.667577743530273,31.785526876421347,31.517254707301998,31.71614565628697,81029600
2017-02-28,31.68145179748535,31.785521846781478,31.614382001380704,31.7022651015696,93931600
2017-03-01,32.32899475097656,32.41225148179693,31.822520128099818,31.8895863837367,145658400
2017-03-02,32.13704299926758,32.44231530580074,32.090786518358094,32.37756046717631,104844000
2017-03-03,32.3266716003418,32.33823571714896,32.05146185314696,32.0954033796904,84432400
2017-03-06,32.22492980957031,32.324377031281756,32.053793495595706,32.23186757749497,87000000
2017-03-07,32.266563415527344,32.37294488772751,32.09773496754085,32.160178414451956,69785200
2017-03-08,32.14631271362305,32.33132816882923,32.10468608886171,32.13474858600836,74828800
2017-03-09,32.07228469848633,32.097724351489845,31.695319786182953,32.08616376011247,88623600
2017-03-10,32.178680419921875,32.229559742935045,32.06304623650561,32.204120081428464,78451200
2017-03-13,32.19254684448242,32.245737565712,32.104667289597515,32.111605056328585,69686800
2017-03-14,32.14398193359375,32.296616327969346,32.109289571651075,32.215674541184775,61236400
2017-03-15,32.48394012451172,32.55100636467244,32.15322469019747,32.24110775491531,102767200
2017-03-16,32.537139892578125,32.61345886020559,32.43769268183648,32.54407765973749,76928000
2017-03-17,32.37525177001953,32.60883149115717,32.352123527625004,32.60883149115717,175540000
2017-03-20,32.71521759033203,32.72446677028318,32.43075502037318,32.47007021069586,86168000
2017-03-21,32.34056091308594,33.02511669068808,32.31512125681653,32.86554098580492,158119600
2017-03-22,32.70596694946289,32.747597084061425,32.322060673038834,32.342877504775444,103440800
2017-03-23,32.590328216552734,32.742966140564654,32.51863560860373,32.66895859115008,81385200
2017-03-24,32.52555847167969,32.779954895132285,32.45849224851813,32.72444925850465,89582400
2017-03-27,32.58108901977539,32.659719418464164,32.058420246299406,32.236497878874204,94300400
2017-03-28,33.25639724731445,33.31189940587128,32.52096188655429,32.58803169997819,133499200
2017-03-29,33.33038330078125,33.41595496380093,33.11530549478005,33.228624693216595,116760000
2017-03-30,33.28644943237305,33.41827407587476,33.18700574316975,33.346581457356166,84829200
2017-03-31,33.2240104675293,33.36508429564354,33.07368392967407,33.23788600326598,78646800
2017-04-03,33.23325729370117,33.33038956585056,33.082934295371665,33.2355722354098,79942800
2017-04-04,33.480716705322266,33.50846777533685,33.11068597037959,33.129187860014184,79565600
2017-04-05,33.30727005004883,33.640297051616685,33.25870214195555,33.35352301607212,110871600
2017-04-06,33.2240104675293,33.4229013804629,33.17544256357612,33.36970712163922,84596000
2017-04-07,33.14998245239258,33.3442468905994,33.13379551364499,33.24017690790808,66688800
2017-04-10,33.11067581176758,33.27487782634953,33.04823239451827,33.21012299693304,75733600
2017-04-11,32.75452423095703,33.1523059136408,32.39143137512854,33.05748508173831,121517600
2017-04-12,32.79383850097656,32.874780271017244,32.611134607612726,32.74758555682854,81400000
2017-04-13,32.620399475097656,32.92798678522125,32.620399475097656,32.8192903850695,71291600
2017-04-17,32.800777435302734,32.81234155397029,32.57875835505578,32.71983213350341,66328400
2017-04-18,32.655094146728516,32.84935873659802,32.63428083971579,32.70366205863358,58790000
2017-04-19,32.53483200073242,32.840107937390805,32.481641264693536,32.81235686274012,69313600
2017-04-20,32.941864013671875,33.05287183249187,32.64584081090193,32.659716347145064,93278400
2017-04-21,32.902530670166016,32.99734795848791,32.80539844116382,32.94184584412836,69283600
2017-04-24,33.219383239746094,33.29107585841825,33.11299825376905,33.18700581425303,68537200
2017-04-25,33.42521286010742,33.51078101657076,33.272574908950006,33.28182761870944,75486000
2017-04-26,33.22863006591797,33.44140002279601,33.15925239397346,33.41133401237041,80164800
2017-04-27,33.25407791137695,33.33964960930629,33.14307008005347,33.284143929206884,56985200
2017-04-28,33.2216911315918,33.3720176495641,33.13381157392462,33.32344975203475,83441600
2017-05-01,33.89931869506836,34.04270395775344,33.5246650583104,33.557042489525585,134411600
2017-05-02,34.1143913269043,34.24852738664094,33.95944196364165,34.121329094746294,181408800
2017-05-03,34.01033020019531,34.10977744680371,33.36509291954122,33.67036537127653,182788000
2017-05-04,33.88774490356445,34.028818712660346,33.721231439422596,33.88543349087821,93487600
2017-05-05,34.449737548828125,34.454360375384375,33.940944317621934,33.940944317621934,109310800
2017-05-08,35.38636779785156,35.54594351871682,34.46592078324636,34.46592078324636,195009600
2017-05-09,35.61301040649414,35.81883907325609,35.488123535633214,35.58525580803918,156521600
2017-05-10,35.44418716430664,35.60145148226307,35.178229964999915,35.52975885613039,103222800
2017-05-11,35.75072479248047,35.778593957851236,35.3698792711982,35.4023903445964,109020400
2017-05-12,36.249996185302734,36.32430567087355,35.91791559499993,35.92488199853969,130108000
2017-05-15,36.15709686279297,36.37770786054635,36.00615342839315,36.229085378997176,104038800
2017-05-16,36.10369873046875,36.24070940692101,35.92953153528482,36.2128437895926,80194000
2017-05-17,34.891483306884766,35.89468772244948,34.76608452665892,35.66943127386498,203070800
2017-05-18,35.42327880859375,35.60905783309512,35.09584721998728,35.128358283517,134272800
2017-05-19,35.544044494628906,35.75768918542705,35.444190326040655,35.61835754018011,107843200
2017-05-22,35.760005950927734,35.897016612667926,35.509204791580785,35.76232690430899,91865600
2017-05-23,35.715877532958984,35.97132055973454,35.60208705287404,35.97132055973454,79675600
2017-05-24,35.60906219482422,35.80180764630263,35.45347326148539,35.725173656429966,76712000
2017-05-25,35.73214340209961,35.8436129669423,35.5370769787863,35.69963233154739,76942400
2017-05-26,35.67176055908203,35.818062123052115,35.602092978932454,35.76232735024439,87710400
2017-05-30,35.68567657470703,35.86216462372545,35.606721674628155,35.62762087580692,80507600
2017-05-31,35.47437286376953,35.801808039519756,35.38613056151959,35.755364163055475,97804800
2017-06-01,35.571895599365234,35.6067311540426,35.34896364056432,35.56957464642925,65616400
2017-06-02,36.09904479980469,36.09904479980469,35.504554813511305,35.664789162390655,111082800
2017-06-05,35.74607467651367,35.86683159485282,35.63693315705113,35.84128693027032,101326800
2017-06-06,35.866825103759766,36.18264837987697,35.71123619071204,35.73910180396234,106499600
2017-06-07,36.080474853515625,36.2221309800143,35.87379659125762,35.999198955536784,84278400
2017-06-08,35.99224090576172,36.119960709866334,35.85522665469877,36.05261760485556,85003200
2017-06-09,34.5965690612793,36.03867492991036,33.90919121369438,36.03867492991036,259530800
2017-06-12,33.76985168457031,33.92544059310496,33.094082235331136,33.8441647090024,289229200
2017-06-13,34.04155349731445,34.241265329747584,33.707151959897104,34.173922248975565,136661600
2017-06-14,33.70948791503906,34.25288882633257,33.4029518870634,34.25288882633257,126124800
2017-06-15,33.507442474365234,33.551565394676025,33.02442193475349,33.282189509280364,128661600
2017-06-16,33.038352966308594,33.55620904100653,33.02209566246163,33.389008269576124,201444400
2017-06-19,33.98350143432617,34.07639272886052,33.3611457064286,33.3611457064286,130165600
2017-06-20,33.674644470214844,34.10657924464875,33.658390708347625,34.10657924464875,99600400
2017-06-21,33.87434005737305,33.92078745398233,33.58174059330442,33.793064200184524,85063200
2017-06-22,33.818626403808594,34.06710309612845,33.70019044179757,33.85113747224597,76425200
2017-06-23,33.969566345214844,34.17392363602884,33.6978659708955,33.702511421170456,141757600
2017-06-26,33.862754821777344,34.4340213375015,33.76057614912651,34.17625370183828,102769600
2017-06-27,33.37739181518555,33.94169522684023,33.35184715797583,33.67463680265872,99047600
2017-06-28,33.86506652832031,33.93008865798964,33.24503179961903,33.55388868726849,88329600
2017-06-29,33.36579132080078,33.70251742867017,33.040680612409396,33.60498421615276,125997600
2017-06-30,33.444740295410156,33.66303037038063,33.38900552836239,33.544594433334126,92096400
2017-07-03,33.32398223876953,33.741984118396765,33.23109450704785,33.64445093705705,57111200
2017-07-05,33.46099853515625,33.623553864846315,33.14285427965996,33.36811078774491,86278400
2017-07-06,33.145179748535156,33.32399240727423,33.07087024917093,33.212526386507434,96515200
2017-07-07,33.48189163208008,33.614260368579465,33.1846466425205,33.1846466425205,76806800
2017-07-10,33.686248779296875,33.89292699077975,33.29379156409642,33.46563776263715,84362400
2017-07-11,33.79539489746094,33.869707918712685,33.52834000714723,33.609615887771454,79127200
2017-07-12,33.84416961669922,33.94634472494956,33.63052495563669,33.874356186742034,99538000
2017-07-13,34.31557846069336,34.482779229905475,33.77449868580418,33.788431492665154,100797600
2017-07-14,34.61050796508789,34.67785460697006,34.213408692796655,34.3620312435945,80528400
2017-07-17,34.73125457763672,35.04243239726825,34.50135618621704,34.55941190824262,95174000
2017-07-18,34.85200881958008,34.86362067178961,34.52457372184604,34.647651559699575,71475200
2017-07-19,35.0703010559082,35.16318879245551,34.821820868312145,34.94489871378533,83692000
2017-07-20,34.912391662597656,35.23750586474434,34.877559643250706,35.1817710903488,68974800
2017-07-21,34.8961296081543,34.93560706851231,34.57333997963682,34.83110749186586,105010400
2017-07-24,35.318763732910156,35.40004312782632,34.81019524934808,34.96810859115811,85972800
2017-07-25,35.46974182128906,35.725184991807865,35.25145163725766,35.25145163725766,75415600
2017-07-26,35.63691711425781,35.746058584587765,35.544025856029194,35.61137246117484,63124000
2017-07-27,34.9634895324707,35.76001615615087,34.20644393162103,35.704281368132484,129905200
2017-07-28,34.71732711791992,34.8868488601785,34.64533857847206,34.80789391648992,68854800
2017-07-31,34.53851318359375,34.91007126526908,34.39918156054586,34.81021356914964,79383600
2017-08-01,34.84503936767578,34.884516826981724,34.464194035233156,34.62442836875929,141474400
2017-08-02,36.49150848388672,37.09761042983001,36.26393102083106,36.98846537701505,279747200
2017-08-03,36.126922607421875,36.50776806757906,35.99919928834219,36.47061154867575,108389200
2017-08-04,36.31734848022461,36.55189239358881,36.15479311732659,36.24303897580315,82239600
2017-08-07,36.87931442260742,36.90485908074103,36.38235760900434,36.47292438903443,87481200
2017-08-08,37.17424392700195,37.58063402025614,36.75392102607237,36.830555011727434,144823600
2017-08-09,37.40181350708008,37.45058186710962,36.948979635832835,36.98381164768275,104526000
2017-08-10,36.210506439208984,37.30157582454633,36.049642824288746,37.2782609167138,163217200
2017-08-11,36.71406555175781,36.96818517519184,36.385348203071295,36.50890935657249,105028400
2017-08-14,37.26659393310547,37.35052259153138,37.0101442664279,37.14303279116652,88490800
2017-08-15,37.6745719909668,37.81445068787163,37.334193736193406,37.455424786060384,117862000
2017-08-16,37.52304458618164,37.88673429761588,37.33653603849995,37.75384931414014,110686400
2017-08-17,36.80265808105469,37.46709365530444,36.79799438919675,37.42279747604051,111762400
2017-08-18,36.71873474121094,37.185004388718376,36.53688986327145,36.80266342005648,109712400
2017-08-21,36.65113830566406,36.809668326289646,36.161553604591084,36.71874585978823,105474000
2017-08-22,37.25027847290039,37.3015684140581,36.83996250099347,36.88891881741825,86418400
2017-08-23,37.296905517578125,37.41114285393085,37.04045936367374,37.084755546287134,77596400
2017-08-24,37.13138961791992,37.47409814181354,36.96353223652894,37.40182334806708,79275600
2017-08-25,37.2689323425293,37.43212600451109,37.13138365295572,37.21997246525724,101920400
2017-08-28,37.64427947998047,37.767840649368395,37.28524986687383,37.334209744062925,103864000
2017-08-29,37.97999572753906,38.028952049357265,37.301572523502614,37.324887429271875,118067600
2017-08-30,38.082576751708984,38.20846799747685,37.91005569301831,38.18748671607475,109078400
2017-08-31,38.23411178588867,38.355342892488736,38.1128806792886,38.15018310552788,107140400
2017-09-01,38.245765686035156,38.453255521353654,38.14784949426905,38.42061679076495,66364400
2017-09-05,37.7864875793457,38.29238965197478,37.432121698835864,38.175822255773944,117874000
2017-09-06,37.74685287475586,37.99863886264556,37.42279567464267,37.933361409195015,86606800
2017-09-07,37.59531784057617,37.823792513609234,37.38549793641219,37.788820158012,87714000
2017-09-08,36.982181549072266,37.56967879635614,36.958866641662645,37.50207125663692,114446000
2017-09-11,37.651283264160156,37.7795081601223,37.275935963628775,37.41814838326752,126323200
2017-09-12,37.5020751953125,38.224794712649675,37.01482417253426,37.91006121634185,286856000
2017-09-13,37.21997833251953,37.292253126048635,36.81432595984093,37.27126828542117,179629600
2017-09-14,36.90058898925781,37.16169891981157,36.85629279231973,37.066116321391284,95042800
2017-09-15,37.27359390258789,37.52770998723289,36.8352993291783,36.944872972530696,196458400
2017-09-18,36.99150848388672,37.418145712349464,36.83530855172097,37.32722325758565,113077600
2017-09-19,37.005496978759766,37.2479592360703,36.937889431587216,37.18734189306476,83242400
2017-09-20,36.38536071777344,36.89592309278053,35.86313733048767,36.81199439763381,211805600
2017-09-21,35.76054000854492,36.32239562313865,35.611333907299496,36.32239562313865,150046800
2017-09-22,35.410858154296875,35.499450550486785,35.100788324988265,35.32925952018973,186581600
2017-09-25,35.09844970703125,35.39686200772558,34.774392432494984,34.96789477014689,177549200
2017-09-26,35.702266693115234,35.88411157067662,35.364221910846254,35.385203191175236,146640000
2017-09-27,35.95639419555664,36.070631575821636,35.79553054732748,35.8561478973015,102016800
2017-09-28,35.73491287231445,35.968047744162725,35.599694219759755,35.87712528643613,88022000
2017-09-29,35.93074035644531,35.93307398154975,35.43649563463179,35.71859035590698,105199200
2017-10-02,35.85847473144531,36.00768090988704,35.604358570207296,35.963384714241606,74795200
2017-10-03,36.014671325683594,36.15688372921722,35.88178630844872,35.905097659484454,64921200
2017-10-04,35.78152847290039,35.87012083615752,35.54373353577037,35.81650082766994,80655200
2017-10-05,36.22682189941406,36.23847935264511,35.9144220740115,35.9447271835859,85135200
2017-10-06,36.20584487915039,36.250141072228516,36.03332380015023,36.12890994759717,69630400
2017-10-09,36.33174514770508,36.53923508460299,36.250150059964795,36.32475138468038,65051600
2017-10-10,36.34571838378906,36.83530294716818,36.15921336664957,36.38302081015903,62468000
2017-10-11,36.49726867675781,36.59751497449719,36.31076004850453,36.36205001020809,67622400
2017-10-12,36.36902618408203,36.688419698755474,36.30607879655033,36.45062478115478,64500400
2017-10-13,36.59984588623047,36.66745343581403,36.46462722970741,36.5392285410632,65576800
2017-10-16,37.27359390258789,37.30156894094005,36.75370072417806,36.81198442564828,96486000
2017-10-17,37.41115188598633,37.504404408582516,37.122063374168995,37.25028826075554,75989200
2017-10-18,37.245628356933594,37.467109346006374,37.20832947851361,37.39949823649277,65496800
2017-10-19,36.36436462402344,36.620814323552636,36.140557211120395,36.54387941369388,170336800
2017-10-20,36.42732620239258,36.77702853393554,36.35971865019761,36.51125490425713,95896400
2017-10-23,36.408668518066406,36.76303448048517,36.25246859793545,36.576525891982904,87937200
2017-10-24,36.62548828125,36.70008958734267,36.415664770818275,36.43664605465474,71028800
2017-10-25,36.46461486816406,36.730388397479196,36.19884133884892,36.581182267992716,84828400
2017-10-26,36.6977424621582,36.7956586319057,36.55086642885994,36.65577635663554,68002000
2017-10-27,38.01262664794922,38.14085148861399,36.99848893047398,37.1360375971169,177816800
2017-10-30,38.86824417114258,39.18297765530634,38.168839590650364,38.208472089995574,178803200
2017-10-31,39.40911102294922,39.551323414881345,38.9195300028712,39.143337452805355,144187200
2017-11-01,38.90788269042969,39.61894483541886,38.60947030783689,39.60262368515141,134551200
2017-11-02,39.19230270385742,39.28322515985603,38.53253060218308,38.840270334705004,165573600
2017-11-03,40.215763092041016,40.62607916236106,39.894035848950885,40.56546537979789,237594400
2017-11-06,40.623741149902344,40.79626219210494,40.03391035782357,40.185446563274354,140105200
2017-11-07,40.754302978515625,40.85688288274763,40.47221179923316,40.54448303429965,97446000
2017-11-08,41.08768081665039,41.08768081665039,40.64239246904859,40.7193273843951,97638000
2017-11-09,41.00375747680664,41.05504742704472,40.36496672397675,40.82424265097337,117930400
2017-11-10,40.86804962158203,41.0341719661069,40.77446188137926,40.97099827789114,100582000
2017-11-13,40.704261779785156,40.828267119235015,40.57089552595637,40.59429424176089,67928400
2017-11-14,40.088924407958984,40.58962637830053,40.05148787911344,40.48667770904722,99130000
2017-11-15,39.56014633178711,39.85027407149938,39.39636598281399,39.768382111940895,116632400
2017-11-16,40.03276443481445,40.212920996486766,39.84558540164261,40.051479125002835,94550000
2017-11-17,39.81049728393555,40.100625036439055,39.69117236088227,40.0187330732701,87598000
2017-11-20,39.77071762084961,39.90642234859549,39.67244941871851,39.8432486578885,65049600
2017-11-21,40.51007080078125,40.641095063383005,39.95789457257142,39.95789457257142,100525200
2017-11-22,40.9359016418457,40.945258987322624,40.48901252977826,40.56154356019002,102355600
2017-11-24,40.93824768066406,41.06225305956291,40.86337462238495,40.96866530685794,56106800
2017-11-27,40.73235321044922,40.963987734408754,40.55687348415556,40.956968830968535,82867200
2017-11-28,40.49369430541992,40.91484269830939,40.21058550605959,40.781479992599294,105715200
2017-11-29,39.65373611450195,40.45860366514823,39.11092070578444,40.390753077862556,166665600
2017-11-30,40.208251953125,40.276102536188226,39.41040335529264,39.876007230103156,166108800
2017-12-01,40.02106857299805,40.166130640564205,39.42443691456497,39.76369693362898,159037200
2017-12-04,39.72859191894531,40.388393520644755,39.68881696158599,40.35563746339928,130169600
2017-12-05,39.691165924072266,40.131036155210275,39.40103821861945,39.555461202335145,109400800
2017-12-06,39.54375457763672,39.82218287193415,38.94712659859109,39.190456819322876,114240000
2017-12-07,39.616302490234375,39.878351057626205,39.52037272176273,39.548448333942154,102693200
2017-12-08,39.62799072265625,40.009367709349114,39.49930847795134,39.8900428102044,93420800
2017-12-11,40.40010452270508,40.451578851805564,39.49228843145303,39.58821818751698,141095200
2017-12-12,40.17314147949219,40.33458333268083,40.116990275004106,40.278428558050045,77636800
2017-12-13,40.3065185546875,40.6036616119481,40.24334486253051,40.360331330154146,95273600
2017-12-14,40.29481887817383,40.50773510441506,40.16145259245889,40.33693229251941,81906000
2017-12-15,40.704261779785156,40.75105564125142,40.350964020050625,40.62471185827822,160677200
2017-12-18,41.277496337890625,41.45999490432386,40.91249920502416,40.91717966240892,117684400
2017-12-19,40.8376350402832,41.03651346570218,40.732347932179394,40.952283065190386,109745600
2017-12-20,40.79317855834961,41.0435277172431,40.53580692757751,40.91484190185705,93902400
2017-12-21,40.94758987426758,41.183904753131266,40.73467728013545,40.75105352423365,83799600
2017-12-22,40.94758987426758,41.043519605882686,40.82826499820611,40.870378400295124,65397600
2017-12-26,39.90876388549805,40.11933809181154,39.70052455306013,39.962576659085975,132742000
2017-12-27,39.91578674316406,39.957900160542586,39.70755096023451,39.79880026803186,85992800
2017-12-28,40.028099060058594,40.20825925975962,39.887713839745814,40.00938079267393,65920800
2017-12-29,39.59524917602539,39.91345259389414,39.59291073131375,39.89707634062344,103999600
2018-01-02,40.304161071777344,40.31352198487498,39.602242535430626,39.81282023842002,102223600
2018-01-03,40.29715347290039,40.83997234023749,40.2339833574163,40.367346060248224,118071600
2018-01-04,40.484344482421875,40.58729316494321,40.262070865238634,40.3696964368605,89738400
2018-01-05,40.94526290893555,41.031831750925626,40.48901640769327,40.58026570794173,94640000
2018-01-08,40.79317855834961,41.08798314166222,40.694906793768766,40.79317855834961,82271200
2018-01-09,40.78850555419922,40.959304811209066,40.57325086464644,40.839979889760095,86336000
2018-01-10,40.779136657714844,40.78147867169188,40.477313176567634,40.51474969876762,95839600
2018-01-11,41.01076889038086,41.05990476936201,40.825931873561046,40.84932702105531,74670800
2018-01-12,41.43426513671875,41.49743882718429,41.09734354776063,41.22134891451,101672400
2018-01-16,41.22368621826172,41.97239879142603,41.2119868591207,41.623777881825276,118263600
2018-01-17,41.90455627441406,41.9396507884389,40.961645582745746,41.214333224012265,137547200
2018-01-18,41.94198226928711,42.138522225627405,41.705670917084234,41.967719432013624,124773600
2018-01-19,41.75480651855469,42.01685503172588,41.509134252385074,41.78990102651753,129700400
2018-01-22,41.41320037841797,41.59569894193177,41.31961265307756,41.483392957494715,108434400
2018-01-23,41.42256164550781,41.98409876115503,41.37109089079645,41.48339688586861,130756400
2018-01-24,40.76276397705078,41.48340102680674,40.52411058982438,41.47170166632772,204420400
2018-01-25,40.03511428833008,40.933569619437826,39.89940953985899,40.83062094334637,166116000
2018-01-26,40.128700256347656,40.24334828963391,39.78944018537663,40.24334828963391,156572000
2018-01-29,39.298091888427734,39.812831581035425,39.08985613945785,39.812831581035425,202561600
2018-01-30,39.066463470458984,39.16005122173868,38.535343878079864,38.729541853621896,184192800
2018-01-31,39.174076080322266,39.41039096493843,38.95648302394709,39.043051843776865,129915600
2018-02-01,39.255977630615234,39.452514033583086,39.01732424407224,39.11325400152449,188923200
2018-02-02,37.55265426635742,39.026684400187065,37.45906652490365,38.839505347136026,346375200
2018-02-05,36.61442565917969,38.3434854954354,36.499777636480054,37.22509515859577,290954000
2018-02-06,38.14460754394531,38.30604944131928,36.03183221340703,36.22603017907835,272975200
2018-02-07,37.32803726196289,38.231172856032934,37.218073276522176,38.15864182365693,206434400
2018-02-08,36.30088806152344,37.66963073040576,36.27281246056751,37.50350842775057,217562000
2018-02-09,36.744903564453125,37.09259424286847,35.29540556303041,36.89995612086624,282690400
2018-02-12,38.22495651245117,38.50216852680545,37.00333379549357,37.235912711121244,243278000
2018-02-13,38.607879638671875,38.70420051241455,37.975925806374015,38.0464045819101,130196800
2018-02-14,39.3197135925293,39.35965073484387,38.26489411950926,38.30247969864652,162579600
2018-02-15,40.63999938964844,40.66348992516853,39.70263991420008,39.88823055901645,204588800
2018-02-16,40.5084342956543,41.06991289835843,40.35338530181675,40.49199128049389,160704400
2018-02-20,40.3721923828125,40.938363532091294,40.27117194380157,40.41917704957792,135722000
2018-02-21,40.188941955566406,40.905466051719024,40.17484333201391,40.60241196228296,149886400
2018-02-22,40.52488708496094,40.865530346416314,40.33929642572378,40.36043898474452,123967600
2018-02-23,41.22966003417969,41.2648976259703,40.76920185482098,40.799743490838885,135249600
2018-02-26,42.044857025146484,42.14352586821339,41.396460234407215,41.429349848762854,152648800
2018-02-27,41.90860366821289,42.39959996000254,41.85457149250912,42.07540332108041,155712400
2018-02-28,41.84516525268555,42.43248231982833,41.828722238848975,42.112981691914705,151128400
2018-03-01,41.11219024658203,42.23514007054136,40.56246239161252,41.94382954630269,195208000
2018-03-02,41.39646530151367,41.41760785946614,40.5131379769265,40.595363815229945,153816000
2018-03-05,41.539764404296875,41.75589666087064,40.999431970512966,41.16153205911804,113605600
2018-03-06,41.504539489746094,41.87572446212703,41.377680527269256,41.79585016780086,95154000
2018-03-07,41.11925506591797,41.311896844788045,40.94071191221156,41.098112505222474,126814000
2018-03-08,41.567955017089844,41.61024012699742,41.128642980010106,41.22496025858815,95096400
2018-03-09,42.28213882446289,42.286838365775004,41.673679066083274,41.80758910823076,128740800
2018-03-12,42.690914154052734,42.84831473803731,42.33617584549344,42.354966841900726,128828400
2018-03-13,42.279788970947266,43.10908053311904,42.108293360008226,42.895296221645985,126774000
2018-03-14,41.920345306396484,42.40899355680424,41.77234025219969,42.36200890641291,117473600
2018-03-15,41.96969223022461,42.343228752111095,41.83343777308897,41.93445462660337,90975200
2018-03-16,41.821678161621094,42.080095541605395,41.72770527232746,41.969679637122375,157618800
2018-03-19,41.182674407958984,41.69246520374782,40.79739454647945,41.65722761279198,133787200
2018-03-20,41.168582916259766,41.53506823255151,41.09810414358075,41.168582916259766,78597600
2018-03-21,40.23592758178711,41.133346395785146,40.23357601878862,41.121599334891776,148219600
2018-03-22,39.66740036010742,40.56716704796147,39.60866864715772,39.937564805796335,165963200
2018-03-23,38.74884033203125,39.91877519588673,38.74884033203125,39.55933735467391,164115200
2018-03-26,40.58831024169922,40.66583652732721,39.101222947632834,39.48415483536228,150164800
2018-03-27,39.547584533691406,41.147435786997505,39.21398884136804,40.8020930353932,163690400
2018-03-28,39.110633850097656,39.94227718010619,38.80757969117279,39.29152858782049,166674000
2018-03-29,39.4160270690918,40.34868696132009,39.2092902915603,39.42307458789862,153594000
2018-04-02,39.15761184692383,39.68854890632688,38.63842543352329,39.14821634870157,150347200
2018-04-03,39.559326171875,39.64389996852914,38.73473434302113,39.38313106090376,121112000
2018-04-04,40.315792083740234,40.409761378700175,38.70889348091307,38.73473557473187,138422000
2018-04-05,40.59535598754883,40.93129962590363,40.42620838714539,40.54367179938673,107732800
2018-04-06,39.55698013305664,40.52017796942348,39.51469144030749,40.1654397524392,140021200
2018-04-09,39.949317932128906,40.66349409278615,39.902333271573795,39.90938079142207,116070800
2018-04-10,40.70107650756836,40.87727164396476,40.297002041323346,40.64234479543622,113634400
2018-04-11,40.51078414916992,40.8584748625263,40.336937000142214,40.46144793637185,89726400
2018-04-12,40.910152435302734,41.11218962484706,40.65173152378146,40.73865687658323,91557200
2018-04-13,41.04877853393555,41.30954755093881,40.84204528794482,41.060525596533935,100497200
2018-04-16,41.30484390258789,41.391765697170506,41.07226501136739,41.119249668312065,86313600
2018-04-17,41.87336730957031,42.03781540441986,41.44345070001389,41.46224528009664,106421600
2018-04-18,41.77940368652344,42.00963465513658,41.553875844849856,41.772356165514914,83018000
2018-04-19,40.59535598754883,41.20381560263127,40.56246637550921,40.82088373162085,139235200
2018-04-20,38.93207550048828,40.22417309688834,38.86394471070118,40.07851960585239,261964400
2018-04-23,38.8193244934082,39.21399998759656,38.54915639195049,39.1928574257008,146062000
2018-04-24,38.278987884521484,39.07538989520362,37.87491334848278,38.92033728806554,134768000
2018-04-25,38.44577407836914,38.8615955688351,38.1544671050226,38.20379973161242,113528400
2018-04-26,38.57969665527344,38.93443499160171,38.38000735199124,38.5562025308755,111852000
2018-04-27,38.13334274291992,38.60554460333177,37.7363156395032,38.52801828272076,142623200
2018-04-30,38.82402038574219,39.2938742121519,38.020570772745614,38.088701585007136,169709600
2018-05-01,39.726131439208984,39.7496219731945,38.8263611810119,39.09417764440143,214277600
2018-05-02,41.48103332519531,41.75824527216936,40.83028498306096,41.166228639278565,266157600
2018-05-03,41.55622100830078,41.699526566932896,40.98065079516202,41.31894611945424,136272800
2018-05-04,43.18661117553711,43.28528004044497,41.85692410066955,41.875718682275796,224805200
2018-05-07,43.499061584472656,44.08872675767489,43.40274070417876,43.5037575410482,169805600
2018-05-08,43.708160400390625,43.74809755230761,43.149033104151115,43.4591384033195,113611200
2018-05-09,44.01589584350586,44.0252913404696,43.51315251551119,43.82560566387086,92844800
2018-05-10,44.6454963684082,44.72302265798103,44.08402134819816,44.10516748877199,111957200
2018-05-11,44.47570037841797,44.82237483155684,44.20685116971051,44.68795202646433,104848800
2018-05-14,44.37193298339844,44.69738334833763,44.30354306537909,44.5747493038135,83115200
2018-05-15,43.96866989135742,44.1172457139255,43.65265478802756,44.048852183511606,94780800
2018-05-16,44.379005432128906,44.445041913162775,43.864891761356354,43.88140178124538,76732400
2018-05-17,44.098365783691406,44.55116421714171,43.949790004496656,44.33655555797642,69176000
2018-05-18,43.9379997253418,44.29174885556378,43.89555155700583,44.14553369993248,73190800
2018-05-21,44.24929428100586,44.6360597967801,44.07949443520042,44.33655123563415,73603200
2018-05-22,44.138450622558594,44.54408316939165,44.0488330417285,44.426166815045335,60962800
2018-05-23,44.42145538330078,44.45447182320738,43.808288815295995,43.94743286781569,80233600
2018-05-24,44.37193298339844,44.53465816586804,43.914420445273656,44.51815174366573,92936000
2018-05-25,44.473350524902344,44.725689753466725,44.25402414637075,44.39080760425134,69844000
2018-05-29,44.312965393066406,44.513424638795456,44.07005798623047,44.24221845788827,90056400
2018-05-30,44.21863555908203,44.336551920572916,44.048835710653414,44.270519046019764,74762000
2018-05-31,44.070072174072266,44.39080491138191,43.897915245512195,44.15261508971598,109931200
2018-06-01,44.864830017089844,44.8695440818223,44.27760509085612,44.33420625434989,93770000
2018-06-04,45.23979568481445,45.614768883892694,45.12659697535202,45.194986887719175,105064800
2018-06-05,45.58883285522461,45.73740865401023,45.36479244017438,45.532235292656786,86264000
2018-06-06,45.746829986572266,45.770414697964746,45.26101515946964,45.66429069374203,83734400
2018-06-07,45.62420654296875,45.798720479292754,45.36007140934705,45.78457108970132,85388800
2018-06-08,45.20914077758789,45.27989132749158,44.753985263930446,45.08414969878442,106627200
2018-06-11,45.098304748535156,45.2728223137285,44.857757886607324,45.126607131161826,73234000
2018-06-12,45.34592056274414,45.42374580151868,45.079428405593966,45.1360295606633,67644400
2018-06-13,44.97331237792969,45.487429731871785,44.91199714793704,45.378945065014086,86553600
2018-06-14,44.996883392333984,45.17847559309577,44.86009998383357,45.17375793114149,86440400
2018-06-15,44.534664154052734,44.8459651708129,44.39788070109959,44.81530575592877,246876800
2018-06-18,44.511085510253906,44.624284250591025,44.14790097049282,44.30826915128323,73939600
2018-06-19,43.791786193847656,43.94271901773257,43.26351951098928,43.662077454917885,134314000
2018-06-20,43.98281478881836,44.147897020063795,43.801222535187,43.947441310166745,82514800
2018-06-21,43.737545013427734,44.4191015421544,43.614910971313066,44.15968406816612,102847600
2018-06-22,43.61018753051758,43.900260777710166,43.55830404259411,43.89318608376804,108801600
2018-06-25,42.961666107177734,43.61020638813646,42.62206625702106,43.25173947980181,126652400
2018-06-26,43.4946403503418,43.989890655786986,43.04891651485026,43.15504415067627,98276800
2018-06-27,43.43095016479492,44.16674702488618,43.400290762784,43.68328927831745,101141200
2018-06-28,43.746978759765625,43.91442160952756,43.3460637711596,43.41681432174242,69460800
2018-06-29,43.65499496459961,44.14552745426334,43.136163700048925,43.93327584704597,90950800
2018-07-02,44.14317321777344,44.171475595281485,43.25644335717007,43.35077861799314,70925200
2018-07-03,43.37435531616211,44.32476093119673,43.28473772713927,44.28702683071112,55819200
2018-07-05,43.723392486572266,43.961585878435855,43.459260945558434,43.690376043945534,66416800
2018-07-06,44.32948684692383,44.43796790786526,43.67622905491156,43.72811255310879,69940800
2018-07-09,44.945003509521484,44.9685846241399,44.64313789363866,44.69030372139748,79026400
2018-07-10,44.890769958496094,45.11009271096756,44.8506752202268,44.97566990105466,63756400
2018-07-11,44.308258056640625,44.75633884056429,44.24458220679138,44.45447320956941,75326000
2018-07-12,45.051124572753906,45.14074215859507,44.64549200323947,44.69737548993469,72164400
2018-07-13,45.12187957763672,45.24215298223861,45.02046962595416,45.06292139132797,50055600
2018-07-16,45.022830963134766,45.43317764323029,44.907271620687844,45.16668908392699,60172400
2018-07-17,45.150177001953125,45.249226320159714,44.619553341082245,44.749262066777305,62138000
2018-07-18,44.902549743652344,45.23271772028795,44.791708074173755,45.228000058165804,65573600
2018-07-19,45.25157928466797,45.40958676064822,44.73510509981773,44.73510509981773,81147200
2018-07-20,45.14781951904297,45.38129162443984,44.84831093697936,45.228001785572765,82704800
2018-07-23,45.18791198730469,45.270454886685215,44.70445414490889,44.968585665291265,63957600
2018-07-24,45.515724182128906,45.67137467251111,45.2916837724395,45.38601544014374,74791600
2018-07-25,45.944942474365234,45.95201716965976,45.381298693402805,45.5298744916329,66839600
2018-07-26,45.80107116699219,46.21377840025193,45.65957010475168,45.895402809471534,76304000
2018-07-27,45.039337158203125,46.032194609591265,44.83180678717591,45.98502877974518,96096000
2018-07-30,44.78699493408203,45.32705030624448,44.58889630312897,45.256299767040694,84118000
2018-07-31,44.876625061035156,45.312917210897496,44.65258460510174,44.878985692254616,157492000
2018-08-01,47.520301818847656,47.58161704185553,46.53216196456808,46.96137932119036,271742800
2018-08-02,48.90936279296875,49.14283855349093,47.24910151371287,47.30334204851275,249616000
2018-08-03,49.05086135864258,49.22773594418698,48.45891877596613,48.82446030579577,133789600
2018-08-06,49.30556106567383,49.348009238803435,48.83389550544632,49.05321826366124,101701600
2018-08-07,48.84333038330078,49.40697062018199,48.76078746552856,49.36452244431482,102349600
2018-08-08,48.87633514404297,49.00840090208241,48.23251277433969,48.59333657702674,90102000
2018-08-09,49.2607536315918,49.473001700187574,48.864552678750876,49.41404350351956,93970400
2018-08-10,49.11400604248047,49.48556364698092,48.91047847816788,49.07377431142519,98444800
2018-08-13,49.4311408996582,49.92339381288648,49.15424931305655,49.5352718097257,103563600
2018-08-14,49.6394157409668,49.831109688810436,49.286791177765394,49.73644716999548,82992000
2018-08-15,49.755367279052734,49.8736972019481,49.30334610691821,49.51397322522625,115230400
2018-08-16,50.484291076660156,50.60025211532312,50.046468821753095,50.11273330417292,114001600
2018-08-17,51.49244689941406,51.580009882061766,50.44641087085181,50.51267533520291,141708000
2018-08-20,50.990726470947266,51.87109768021594,50.90789408938502,51.615508252096106,121150800
2018-08-21,50.89134216308594,51.400163103334,50.65231696947076,51.307865888854536,104639200
2018-08-22,50.893699645996094,51.20372346063428,50.607339648826624,50.66887351875901,76072400
2018-08-23,50.99782943725586,51.367018204194856,50.78720232734104,50.799032430245035,75532800
2018-08-24,51.156402587890625,51.3315285950125,50.90790898165346,51.2605335170676,73905600
2018-08-27,51.5776481628418,51.766976764615386,51.196625660811684,51.39068485955114,82100400
2018-08-28,51.99416732788086,52.192960731402756,51.809572937304424,51.83087145672263,91107200
2018-08-29,52.77040100097656,52.891099809668496,51.925527395842835,52.10065333607512,109019200
2018-08-30,53.25556182861328,54.019972076612355,52.63314531345547,52.83430761557534,195175200
2018-08-31,53.870880126953125,54.164336015200355,53.485123435107745,53.605818652582734,173360400
2018-09-04,54.043643951416016,54.23770315227704,53.63422341854379,54.0554776662455,109560400
2018-09-05,53.691017150878906,54.353665430113836,53.272131830936814,54.19273847104645,133332000
2018-09-06,52.79880905151367,53.80461332013757,52.372820639044484,53.539551857299855,137160000
2018-09-07,52.37282180786133,53.33602545116315,52.23319337295159,52.50298543834602,150479200
2018-09-10,51.66995620727539,52.50300006328295,51.229768650474384,52.290003987392694,158066000
2018-09-11,52.9763069152832,53.08280312163129,51.25105465010244,51.59421069773185,142996000
2018-09-12,52.318389892578125,53.248461282972364,52.02729570420869,53.234262271079686,197114800
2018-09-13,53.582157135009766,54.041277818620834,52.67338418396215,52.89821031768042,166825600
2018-09-14,52.973941802978516,53.68392137771475,52.66155266788886,53.42596299890154,127997200
2018-09-17,51.56345748901367,52.763321241890075,51.419094813067105,52.57399260949638,148780400
2018-09-18,51.64864730834961,52.502989516991164,51.383585819005404,51.542147486225396,126286800
2018-09-19,51.67940902709961,51.97523383237658,50.952865183133554,51.71017596241406,108495200
2018-09-20,52.072269439697266,52.60475413219068,51.864007604400776,52.12196959989954,106435200
2018-09-21,51.511383056640625,52.38702376647529,51.423816457857285,52.24976062216609,384986800
2018-09-24,52.25212860107422,52.36335902352826,51.267626333584346,51.31259228450954,110773600
2018-09-25,52.58346176147461,52.73255864837729,51.994177332846085,52.0060110496253,98217600
2018-09-26,52.16456985473633,52.952647681500984,52.00837346864391,52.30183301725907,95938800
2018-09-27,53.23663330078125,53.589257782363156,52.902942040808725,52.969210122012925,120724800
2018-09-28,53.42359924316406,53.44726306298628,53.01654398633508,53.19876948242372,91717600
2018-10-01,53.78330993652344,54.294496019561734,53.56795224261596,53.946605791755864,94403200
2018-10-02,54.26136779785156,54.4317631714536,53.634220666637496,53.78094861179492,99152800
2018-10-03,54.92164611816406,55.252968421450255,54.3796931085446,54.44359227101489,114619200
2018-10-04,53.95607376098633,54.98791072252861,53.65788007610717,54.616353071097365,128168000
2018-10-05,53.0804328918457,54.05547386925008,52.202426924769995,53.94897766555082,134322000
2018-10-08,52.9573860168457,53.201145421192365,52.112508453535554,52.58819715632624,118655600
2018-10-09,53.691017150878906,53.78568325427967,52.597649837383955,52.92660687302358,107564000
2018-10-10,51.2037239074707,53.56795704512589,51.13035993373505,53.35732992876048,167962400
2018-10-11,50.75170135498047,51.946834254825696,50.247618357424,50.76826927692951,212497600
2018-10-12,52.56452178955078,52.74675089335789,51.31732331289701,52.16456604729884,161351600
2018-10-15,51.44038391113281,52.49825370424345,51.419085391816054,52.33969204186986,123164000
2018-10-16,52.57398223876953,52.772779249697095,51.298385840102064,51.811937261784536,116736000
2018-10-17,52.34678268432617,52.68993867828967,51.90896060196934,52.609475211511864,91541600
2018-10-18,51.12326431274414,52.00363928676678,50.408550519609015,51.55871759140356,130325200
2018-10-19,51.9018669128418,52.36335286065442,51.45694527539042,51.6060421243539,132314800
2018-10-22,52.218997955322266,52.860347780678396,51.81431160695901,52.01547032624564,115168400
2018-10-23,52.71124267578125,52.834306797919794,50.810864538749705,51.078291300952,155071200
2018-10-24,50.90316390991211,53.066234694184615,50.77300027621806,52.68048161214551,163702000
2018-10-25,52.0178337097168,52.39175669137161,51.296020473330685,51.523215509312536,119423200
2018-10-26,51.18953323364258,52.11014003080295,50.33045670583249,51.09486711409227,189033600
2018-10-29,50.22869110107422,51.99180637497226,48.77323076308927,51.873476442346316,183742000
2018-10-30,50.47953796386719,50.924455949051364,49.5257992228298,49.97071720801397,146640000
2018-10-31,51.79538345336914,52.17167181022206,51.26526400197315,51.32679788424771,153435600
2018-11-01,52.590545654296875,52.62367788475514,51.31021515740563,51.840334455880125,233292800
2018-11-02,49.10218048095703,50.56237119763977,48.61702710758743,49.592068062043005,365314800
2018-11-05,47.7082633972168,48.37091177031548,46.898887056991256,48.34961324821186,264654800
2018-11-06,48.22418212890625,48.44900828041715,47.73192917201314,47.78635993032477,127531600
2018-11-07,49.68673324584961,49.71276597298876,48.30937483931791,48.7448280831522,133697600
2018-11-08,49.51337432861328,49.90047339465784,49.100148077728555,49.86722555541948,101450400
2018-11-09,48.558677673339844,48.924403878426105,48.03145938671116,48.81516253903021,137463200
2018-11-12,46.112571716308594,47.46149160971139,46.02232604202068,47.259627429985954,204542000
2018-11-13,45.65185546875,46.827408453582805,45.46661699229114,45.509366284258455,187531600
2018-11-14,44.36231231689453,46.18620004766759,44.15569737370678,46.04845796012335,243204000
2018-11-15,45.45711898803711,45.59011034254825,44.38605662645267,44.73991147050331,185915200
2018-11-16,45.9605827331543,46.30256253867102,44.994018333700204,45.241001735605465,147713200
2018-11-19,44.13906478881836,45.288493989476066,43.93245351841381,45.122254828015976,167701200
2018-11-20,42.03019714355469,43.09650870762466,41.68109304931267,42.36030195645278,271300800
2018-11-21,41.982704162597656,42.81153021281317,41.92808348913567,42.68328595925916,124496800
2018-11-23,40.91639709472656,41.93996319137456,40.87127786952604,41.54573618072765,94496000
2018-11-26,41.469730377197266,41.548101052609525,40.43429311450375,41.37948832190566,179994000
2018-11-27,41.37948989868164,41.50535696963446,40.581538183046156,40.73115163840486,165549600
2018-11-28,42.970645904541016,43.05376369196034,41.54335510075574,41.97082991406699,184250000
2018-11-29,42.64053726196289,43.4123654086961,42.20118748278702,43.37911757194036,167080000
2018-11-30,42.41017150878906,42.82577123652674,42.04206816804442,42.816269784882905,158126000
2018-12-03,43.89209747314453,43.92059459018368,43.034774172698484,43.80660249828381,163210000
2018-12-04,41.961334228515625,43.31500152005368,41.86159070426997,42.97302165192976,165377200
2018-12-06,41.49348449707031,41.507733053331634,40.472295688010675,40.79052552365589,172393600
2018-12-07,40.01395797729492,41.43887185964096,39.96883512455502,41.20138621258329,169126400
2018-12-10,40.27756881713867,40.39393446970073,38.788532735302326,39.18513334705664,248104000
2018-12-11,40.04718780517578,40.797639358195006,39.660085215036446,40.76676870211213,189126800
2018-12-12,40.1588134765625,40.8285209353053,40.13981419510096,40.46754183502088,142510800
2018-12-13,40.59815979003906,40.98288889960045,40.2656814225094,40.48891845088322,127594400
2018-12-14,39.29911422729492,40.15406379663115,39.251617834274576,40.135064514674504,162814800
2018-12-17,38.93339157104492,39.98070398320627,38.64603238784971,39.29199353840662,177151600
2018-12-18,39.439231872558594,39.78595878885459,39.04025421520292,39.275366243130854,135366000
2018-12-19,38.20906066894531,39.766965732375674,37.78158583477407,39.422612313422675,196189200
2018-12-20,37.24486541748047,38.498789039513056,36.88151275562685,38.09268708722474,259092000
2018-12-21,35.796199798583984,37.56071950978802,35.53496783964715,37.25198753673331,382978400
2018-12-24,34.87001037597656,35.99094267515283,34.813012528584636,35.183489477275636,148676800
2018-12-26,37.32561111450195,37.33985967062577,34.843887332724314,35.21911501353624,234330000
22018-12-27,37.08338165283203,37.23062521543055,35.639472134315575,37.00976168340444,212468400
2018-12-28,37.10237121582031,37.64621522429912,36.70339718009544,37.40397891761338,169165600
2018-12-31,37.46098327636719,37.845708823973354,37.16174907379083,37.64859532308761,140014000
2019-01-02,37.50373077392578,37.72459429722969,36.627408207295694,36.784149594963864,148158800
2019-01-03,33.76809310913086,34.60641736124229,33.72297024520087,34.193190928337664,365248800
2019-01-04,35.20961380004883,35.278486653439785,34.15043005188284,34.32379352547417,234428400
2019-01-07,35.13125228881836,35.34499155915994,34.64915668419154,35.314117263459316,219111200
2019-01-08,35.80094528198242,36.055056550079776,35.2713535405517,35.518336908581354,164101200
2019-01-09,36.40892028808594,36.69865303809117,35.53497493470445,35.92919831490206,180396400
2019-01-10,36.52528381347656,36.56565592820539,35.82707561156554,36.21655182724987,143122800
2019-01-11,36.16668701171875,36.501542638359126,35.98144849990563,36.30680629526423,108092800
2019-01-14,35.622833251953125,35.924440921467415,35.43759480894233,35.824697423210985,129756800
2019-01-15,36.3519172668457,36.427910763494,35.634709844065036,35.68695695839793,114843600
2019-01-16,36.7960090637207,37.01924604454484,36.335286549890746,36.35428582738021,122278800
2019-01-17,37.01449966430664,37.44197439864599,36.3970357565118,36.62027276354135,119284800
2019-01-18,37.242488861083984,37.49422298571699,37.042998228056234,37.40397730943639,135004000
2019-01-22,36.40654754638672,37.2211215121317,36.2450554347819,37.145127995415336,121576000
2019-01-23,36.55378723144531,36.84351998595546,36.02656885020508,36.60840791094517,92522400
2019-01-24,36.26405715942383,36.68678131637326,36.03607297019486,36.59891278758119,101766000
2019-01-25,37.465736389160156,37.553608547440376,36.648788763312965,36.92426937466275,134142000
2019-01-28,37.118995666503906,37.12611994377185,36.492033900729126,36.99787570546437,104768400
2019-01-29,36.73427200317383,37.55360024747364,36.59890709133916,37.107126146086244,166348800
2019-01-30,39.2444953918457,39.45823098230422,38.05231666544547,38.7695241919444,244439200
2019-01-31,39.5271110534668,40.13507372055917,39.08063688443312,39.448740356323015,162958400
2019-02-01,39.54610061645508,40.13031312607623,39.405981367304726,39.65059485362112,130672400
2019-02-04,40.66940689086914,40.76677685151774,39.72658881786463,39.757463103861134,125982000
2019-02-05,41.365238189697266,41.578977394234336,40.93064275033117,41.05175909628241,144406400
2019-02-06,41.37948989868164,41.69534616359386,41.0493850783774,41.476856235107945,112958400
2019-02-07,40.595787048339844,41.30824381331951,40.45329424584691,40.94251397800082,126966800
2019-02-08,40.64348602294922,40.70311205010361,40.16886153665804,40.30481062542633,95280000
2019-02-11,40.40976333618164,40.83430414432402,40.36683432865648,40.79614260033379,83973600
2019-02-12,40.757972717285156,40.78420831850001,40.47415220576565,40.56955604622166,89134000
2019-02-13,40.588626861572266,41.137187031192965,40.52661710438461,40.877218430046,89960800
2019-02-14,40.736515045166016,40.846224930971815,40.397839543176595,40.47654636001206,87342800
2019-02-15,40.645870208740234,40.95115518004431,40.486072890892316,40.84382905782214,98507200
2019-02-19,40.76750946044922,40.889148896685995,40.42406656800364,40.476537768089266,75891200
2019-02-20,41.02985382080078,41.337526101224576,40.78181119563406,40.829511280556524,104457600
2019-02-21,40.79850769042969,41.11094745560871,40.617245898225995,40.97500202127681,68998800
2019-02-22,41.254058837890625,41.26121367050578,40.87483815215059,40.92253824934637,75652800
2019-02-25,41.55457305908203,41.945719682081254,41.48779219461515,41.537879662607395,87493600
2019-02-26,41.578426361083984,41.80977566356522,41.30176069059117,41.43055496170665,68280800
2019-02-27,41.70721435546875,41.73822105568102,41.196815683559215,41.311300281596466,111341600
2019-02-28,41.2969856262207,41.71675519338844,41.24213069934181,41.57603864043286,112861600
2019-03-01,41.731075286865234,41.774004290989986,41.234986172142804,41.56650682581731,103544800
2019-03-04,41.940956115722656,42.394112543739396,41.4925671504077,41.90279457840128,109744800
2019-03-05,41.864627838134766,41.97672506553204,41.62850744949889,41.962415400636054,78949600
2019-03-06,41.62373733520508,41.855086607706475,41.48540451788479,41.659511495165575,83241600
2019-03-07,41.1419792175293,41.60467800087012,41.02749820740225,41.46872884442463,99185600
2019-03-08,41.239749908447266,41.27791144259841,40.42644995336146,40.62202508642293,95997600
2019-03-11,42.66838073730469,42.72085192885243,41.82169411946825,41.85508454688193,128044000
2019-03-12,43.14778137207031,43.56754731458191,42.7804829879991,42.93074174869042,129870400
2019-03-13,43.338584899902344,43.71780557424151,43.15016460861008,43.46737552238741,124130000
2019-03-14,43.82035827636719,43.90860727009879,43.54130890969814,43.86090353758059,94318000
2019-03-15,44.3903923034668,44.678983933208535,43.822754887497275,44.08749464595025,156171600
2019-03-18,44.84354782104492,44.93179318512388,44.31168098754593,44.3140683580027,104879200
2019-03-19,44.48817825317383,45.07490005613711,44.34269057791804,44.92225754761337,126585600
2019-03-20,44.87693786621094,45.19414879506152,44.05886680985221,44.416623003991106,124140800
2019-03-21,46.52977752685547,46.825524007003395,45.27047580378175,45.32056328063249,204136800
2019-03-22,45.56622314453125,47.149890713415324,45.50182599858827,46.589404449121496,169630800
2019-03-25,45.015281677246094,45.7880329159187,44.5048828613594,45.67593565660519,175381200
2019-03-26,44.5501823425293,46.002675178612826,44.02309028279383,45.71169986519132,199202000
2019-03-27,44.95087814331055,45.258546900327964,44.4929506048766,45.017659015210214,119393600
2019-03-28,45.010494232177734,45.210836803591036,44.72667376970035,45.065349156408665,83121600
2019-03-29,45.30385971069336,45.33486641281112,44.96756800695002,45.2752403790673,94256000
2019-04-01,45.61152267456055,45.71646141530523,44.92940084366063,45.70692285315882,111448000
2019-04-02,46.27457809448242,46.37952050705975,45.56622044887009,45.575759013975,91062800
2019-04-03,46.59178161621094,46.86605990037226,46.06706963719681,46.09092150507348,93087200
2019-04-04,46.67287826538086,46.83505934250355,46.06469194760166,46.458222344190496,76457200
2019-04-05,46.98531723022461,47.009169100776084,46.730116044604905,46.85413922076049,74106400
2019-04-08,47.72468185424805,47.75568491902388,46.82790392141536,46.846984690122916,103526800
2019-04-09,47.58158493041992,48.38057540626881,47.51718778143909,47.777160109070955,143072800
2019-04-10,47.84869384765625,47.87731681584689,47.26674323132718,47.38599528748367,86781200
2019-04-11,47.45038986206055,47.93932399383451,47.32875408147207,47.90354983462724,83603200
2019-04-12,47.43131637573242,47.73421764754132,46.796898139641456,47.51002317734974,111042800
2019-04-15,47.51716995239258,47.66504496639306,47.22619466458724,47.36214374594973,70146400
2019-04-16,47.521942138671875,48.02756966837451,47.35737372664653,47.57202960118193,102785600
2019-04-17,48.44734573364258,48.50697176693292,47.369306032753535,47.59111312973718,115627200
2019-04-18,48.6214599609375,48.69062456855269,48.301865248411815,48.44496556601438,96783200
2019-04-22,48.7812385559082,48.8790261008626,48.25891404522584,48.37578235304574,77758000
2019-04-23,49.48482894897461,49.54922607406308,48.630983846339284,48.757390726408396,93292000
2019-04-24,49.40850067138672,49.72332413005678,49.38226507989063,49.45620075430242,70162400
2019-04-25,48.96013259887695,49.55162188369278,48.92197106068636,49.32981476661857,74172800
2019-04-26,48.72638702392578,48.89333916149856,48.20644620773211,48.869487296438024,74596400
2019-04-29,48.800323486328125,49.12468920417565,48.6214454133817,48.75023602461829,88818800
2019-04-30,47.86062240600586,48.51173764933064,47.48855655267741,48.43064712012503,186139600
2019-05-01,50.20989227294922,51.352325495464314,49.90221989618125,50.05724976982913,259309200
2019-052019-05-02,49.883140563964844,50.71790507301995,49.63986895589644,50.04770900660693,127985200
2019-05-03,50.50326156616211,50.52472606955048,50.14073418314545,50.29814781989697,83569600
2019-05-06,49.72334671020508,49.809208354157676,48.53559700159812,48.72401368842716,12977242019-05-07,48.3829460144043,49.47052422124375,47.898782941090104,49.10322947707866,155054800
2019-05-08,48.392486572265625,48.97443723236416,48.11820827819037,48.153982442014374,105358000
2019-05-09,47.8725471496582,48.10150906634315,46.90422100692585,47.79622408457386,139634400
2019-05-10,47.209346771240234,47.60918573031847,46.1534958760035,47.26680951074046,164834800
2019-05-13,44.46556854248047,45.36579626358833,43.77842680351272,44.94202086357993,229722400
2019-05-14,45.16947937011719,45.418477326075944,44.39135573445882,44.63077839158447,146118800
2019-05-15,45.7105598449707,45.90928103046059,44.53739063067478,44.59724627738985,106178800
2019-05-16,45.50944519042969,46.08166501987308,45.21255987117796,45.468743789558665,132125600
2019-05-17,45.25087356567383,45.7057750661255,44.714565600818894,44.755267006370964,131516400
2019-05-20,43.83588409423828,44.137558916174555,43.163107155315394,43.93883771462418,154449200
2019-05-21,44.6762580871582,45.011448261831,44.2213529606178,44.345853734052945,113459200
2019-05-22,43.76166534423828,44.46317550697471,43.70659916562799,44.211781030181115,118994400
2019-05-23,43.01466369628906,43.22535309271578,42.57173044037936,43.04818271299096,146118800
2019-05-24,42.84945297241211,43.608421998150384,42.765653620731065,43.143941678474405,94858800
2019-05-28,42.67229080200195,43.23732830832482,42.595677466437365,42.83749298760257,111792800
2019-05-29,42.468788146972656,42.94045102998245,42.13838374175984,42.238940810020374,113924800
2019-05-30,42.689056396484375,42.91171769264385,42.29879633379257,42.60525701321821,84873600
2019-05-31,41.91571807861328,42.61483166128946,41.89656383142089,42.19344552965514,108174400
2019-06-03,41.491943359375,42.5980747635717,40.76649306788243,42.042616150312135,161584400
2019-06-04,43.00987243652344,43.05536331158064,41.78402998710208,42.00429832390132,123872000
2019-06-05,43.70420837402344,44.290796781787606,43.369018129557915,44.120805094973164,119093600
2019-06-06,44.345848083496094,44.40570372515362,43.61081905035835,43.83348393703956,90105200
2019-06-07,45.52620315551758,45.9499821546274,44.47753471563899,44.65470509073558,122737600
2019-06-10,46.10800552368164,46.77599298149099,45.87815821635535,45.92364909565006,104883600
2019-06-11,46.64191436767578,46.92682783549049,46.35221507841626,46.65388622788541,107731600
2019-06-12,46.49346923828125,46.91964111865078,46.30193045250542,46.436006506558954,73012800
2019-06-13,46.48389434814453,47.11596983908178,46.35221484639415,46.615577503193705,86698400
2019-06-14,46.14630889892578,46.34981589780569,45.56211722534373,45.86139544719531,75046000
2019-06-17,46.4216423034668,46.67782620889428,46.009835187677666,46.1846126421805,58676400
2019-06-18,47.51341247558594,47.95394916644094,46.73768561849317,46.93879971823583,106204000
2019-06-19,47.37455749511719,47.855799348643046,47.240481398733735,47.80791189710642,84496800
2019-06-20,47.75524139404297,48.03057596879343,47.41286511903979,47.97311321999092,86056000
2019-06-21,47.59242248535156,48.08802900374868,47.44158508352656,47.597211960109185,191202400
2019-06-24,47.54454040527344,47.92282855213777,47.446376262360126,47.53496145541416,72881600
2019-06-25,46.823875427246094,47.70734167307266,46.75683374423649,47.50862049453703,84281200
2019-06-26,47.836639404296875,48.12155290184591,47.2500547257955,47.35061178611295,104270000
2019-06-27,47.822269439697266,48.26041321777397,47.7815680377949,47.953948941552476,83598800
2019-06-28,47.38652420043945,47.76481237594813,47.178227691464755,47.56848407525534,124442400
2019-07-01,48.25562286376953,48.95952585004053,48.04014034472605,48.64348628342958,109012000
2019-07-02,48.53814697265625,48.63391821311523,48.21013915067002,48.222111012389796,67740800
2019-07-03,48.94038009643555,48.94756248298667,48.52857288544068,48.66983135867862,45448000
2019-07-05,48.897274017333984,49.100784678008225,48.578841537594826,48.68658462459811,69062000
2019-07-08,47.88930892944336,48.219709629436664,47.50383840170208,48.07845117383741,101354400
2019-07-09,48.1814079284668,48.2460494035654,47.599609079485354,47.69298375237137,82312000
2019-07-10,48.65786361694336,48.77757494066493,48.2580282341093,48.32746284771562,71588400
2019-07-11,48.30351638793945,48.93559199528535,48.293941090035496,48.67701511228483,80767200
2019-07-12,48.67461395263672,48.84220903730102,48.41124763866507,48.47110328699509,70380800
2019-07-15,49.13191604614258,49.28993219429551,48.84221307681378,48.863760235202925,67789600
2019-07-16,48.96192932128906,49.34739991342239,48.72250668402115,48.98347648185129,67467200
2019-07-17,48.68659591674805,49.103188977468086,48.66744166691155,48.854191036192866,56430000
2019-07-18,49.23965835571289,49.292331625927645,48.77038839924491,48.84221591801951,74162400
2019-07-19,48.5046272277832,49.440770539487346,48.449561048653315,49.2707788735222,83717200
2019-07-22,49.61315155029297,49.615544461109494,48.74883581666229,48.75841111322735,89111600
2019-07-23,50.00101852416992,50.017779860965895,49.62991273666517,49.91004041383206,73420800
2019-07-24,49.96031951904297,50.075241357956344,49.601185575801686,49.72089689021544,59966400
2019-07-25,49.565269470214844,50.09678795373076,49.49583486785246,50.0129885793759,55638400
2019-07-26,49.737667083740234,50.214115861828354,49.5940120195458,49.67541485104929,70475600
2019-07-29,50.20213317871094,50.43198050122844,49.905251468195765,49.91004094351676,86693600
2019-07-30,49.98664474487305,50.3170490662959,49.63469326856571,49.981855270465864,135742800
2019-07-31,51.006591796875,53.00098259885539,50.58999878893159,51.81584139677293,277125600
2019-08-01,49.9028434753418,52.201301560936365,49.49822240921402,51.21248519831248,216071600
2019-08-02,48.84699249267578,49.4239980949657,48.27477271128733,49.20851924885061,163448400
2019-08-05,46.28996276855469,47.56129613952905,46.108002914969816,47.403280006312706,209572000
2019-08-06,47.166255950927734,47.42243990688443,46.45756339111695,47.00105375926209,143299200
2019-08-07,47.6546745300293,47.77917530974308,46.4048918709798,46.7855729428345,133457600
2019-08-08,48.70574188232422,48.72968560566816,47.73847610399667,47.932407841865114,108038000
2019-08-09,48.30438995361328,48.72977548121816,47.89582211277538,48.378892379334594,98478800
2019-08-12,48.18180847167969,48.55913186457045,47.862166138995526,47.975122589913205,89927600
2019-08-13,50.22222137451172,50.98407402736893,48.18179962565898,48.31158107050164,188874000
2019-08-14,48.72737121582031,49.61419794208263,48.68891716975622,48.825908333667165,146189600
2019-08-15,48.48462677001953,49.30175490823095,47.9871372796202,48.897998510671115,108909600
2019-08-16,49.62861633300781,49.787236519570556,48.98933158147647,49.0950783725183,110481600
2019-08-19,50.55389404296875,51.12588234715276,50.476985956959155,50.618781114962545,97654400
2019-08-20,50.556297302246094,51.274892121646914,50.54668562484565,50.68127111152873,107537200
2019-08-21,51.10425567626953,51.34698995795277,50.85431171958834,51.18837344081834,86141600
2019-08-22,51.06099319458008,51.53685003904177,50.65002341946824,51.23643471626912,89014800
2019-08-23,48.70093536376953,50.96246310509183,48.30679055271319,50.332790008185185,187272000
2019-08-26,49.626220703125,49.79445258903161,49.28254358810572,49.474810172219016,104174400
2019-08-27,49.066246032714844,50.121304742904,48.91483550162449,49.9554748597441,103493200
2019-08-28,49.39549255371094,49.441156273048314,48.864360275642376,49.05181915815829,63755200
2019-08-29,50.23184585571289,50.30635193898806,49.66706722800578,50.109277719604904,83962000
2019-08-30,50.16695785522461,50.577923970977196,49.79684411690572,50.508229228326634,84573600
2019-09-03,49.43634796142578,49.74397297835489,49.08065722319765,49.611789494397975,80092000
2019-09-04,50.275108337402344,52019-09-04,50.27511215209961,50.344806902391355,49.82569194490394,50.08284558735108,76752400
2019-09-05,51.2580680847168,51.42389794369397,50.83267892479877,50.950443061493466,95654800
2019-09-06,51.25326156616211,51.53204789572798,51.07301235316033,51.44312612414458,77449200
2019-09-09,51.47196578979492,52.017521111519436,50.72693789572652,2019-09-10,52.08000946044922,52.0992364848002,50.88075361239367,51.39746659829906,127111600
2019-09-11,53.73588562011719,53.76472798311342,52.327538521905325,52.409254272019126,177158400
2019-09-12,53.61573028564453,54.4160372602079,53.56045488514693,54.02670011962347,128906800
2019-09-13,52.572689056396484,53.06296532020904,52.15691521661223,52.87310442243304,159053200
2019-09-16,52.849063873291016,52.904342934889065,52.286687250476454,52.32754329567108,84632400
2019-09-17,53.04133987426758,53.070182245036186,52.661614385904336,52.86349631256455,73274800
2019-09-18,53.53882598876953,53.558053012289186,52.738519012265336,53.12785615379395,101360000
2019-09-19,53.10382843017578,53.77675595935053,52.96202958128968,53.35617442002631,88242400
2019-09-20,52.327545166015625,53.48835049337496,52.2650600947515,53.20476016935374,221652400
2019-09-23,52.56548309326172,52.83465410674232,52.3083257615272,52.620758497705765,76662000
2019-09-24,52.315528869628906,53.471530215080406,52.19776839960509,53.12064347326149,124763200
2019-09-25,53.120643615722656,53.233600080826086,52.1857511921416,52.5246205874519,87613600
2019-09-26,52.846656799316406,53.09900638805851,52.59190520832725,52.87309349274994,75334000
2019-09-27,52.589515686035156,53.10382666173709,52.21940189013441,53.002883868542426,101408000
2019-09-30,53.82722091674805,53.973823753885995,53.06296236123528,53.08939905865949,103909600
2019-10-01,53.976226806640625,54.84863417143314,53.882497362527516,54.09158894337955,139223200
2019-10-02,52.62315368652344,53.733487563158945,52.37560808292696,53.60851376014331,138449200
2019-10-03,53.07017517089844,53.10382154299348,51.70268392792921,52.49577750833809,114426000
2019-10-04,54.55783462524414,54.67319677071832,53.807999015561506,54.228580544588866,138478800
2019-10-07,54.569854736328125,55.25960730535331,54.2766490193029,54.37999382145774,122306000
2019-10-08,53.930572509765625,54.81018970341159,53.913751153872425,54.27184763994498,111820000
2019-10-09,54.56264114379883,54.745292369499005,54.22857939735441,54.56264114379883,74770400
2019-10-10,55.29804611206055,55.38216386580803,54.627520753094714,54.77892757578947,113013600
2019-10-11,56.768890380859375,57.11256378651316,55.83159227355159,55.98540478852595,166795600
2019-10-14,56.68717575073242,57.230329070079826,56.39877773778656,56.45405313736609,96427600
2019-10-15,56.554988861083984,57.11495979657442,56.449242080538056,56.812142470885,87360000
2019-10-16,56.32668685913086,56.535778479358626,56.04549847383867,56.08635452976861,73903200
2019-10-17,56.54537582397461,56.754463724015515,56.12239235171388,56.49971210622329,67585200
2019-10-18,56.81694793701172,57.09813622863061,56.307441074815046,56.379541483040704,97433600
2019-10-21,57.802310943603516,57.917673069593235,57.035654109180335,57.08371982808641,87247200
2019-10-22,57.670143127441406,58.20848515863878,57.58842735440891,57.95854116803715,82293600
2019-10-23,58.44400405883789,58.458427076554564,57.97295482779117,58.184448414812785,75828800
2019-10-24,58.54014205932617,58.83334775862676,58.11475286162288,58.763649338023576,69275200
2019-10-25,59.261138916015625,59.29718729410837,58.37191014032259,58.43920289088229,73477200
2019-10-28,59.85475158691406,59.902817306683154,59.29477696701474,59.46300881979624,96572800
2019-10-29,58.47043228149414,60.022980251097366,58.297396432953455,59.835521386930736,142839600
2019-10-30,58.46322250366211,58.953502353059164,57.970544319100384,58.823720882909704,124522000
2019-10-31,59.78505325317383,59.883590362494004,57.02123219032763,59.4197508487146,139162000
2019-11-01,61.481807708740234,61.508240739941634,59.881193789695324,59.972517565501164,151125200
2019-11-04,61.88555145263672,61.96966920303615,61.37604828019382,61.844691744948584,103272000
2019-11-05,61.796653747558594,62.05140543292308,61.60198514523971,61.777423053742,79897600
2019-11-06,61.82307052612305,61.88315359336873,61.37365035662275,61.71011406632682,75864400
2019-11-07,62.53657913208008,62.75835184206119,62.218386383298345,62.3702514386886,94940400
2019-11-08,62.70774841308594,62.78006162131691,61.914679233049654,62.35821740841793,69986400
2019-11-11,63.20430374145508,63.26938561343264,62.259369691789686,62.26418811906959,81821200
2019-11-12,63.14646911621094,63.34654794595366,62.89577839042329,63.04763614769878,87388800
2019-11-13,63.751502990722656,63.82622908514769,62.93192148786903,62.946384128313966,102734400
2019-11-14,63.31038284301758,63.85034108012296,63.18021171215137,63.577949069175574,89182800
2019-11-15,64.06245422363281,64.067272650884,63.39955633590938,63.56105824716516,100206400
2019-11-18,64.3854751586914,64.4650196804653,63.69365188987565,64.07210078681992,86703200
2019-11-19,64.19022369384766,64.60242366565966,63.97327672744023,64.5783168124191,76167200
2019-11-20,63.44295883178711,64.13960058313725,62.770416578609314,64.00943681004155,106234400
2019-11-21,63.15851593017578,63.64062358695327,62.95843713304087,63.5634845963379,121395200
2019-11-22,63.10306930541992,63.44054318535335,62.87647812395486,63.29832231296636,65325200
2019-11-25,64.20950317382812,64.22637870631682,63.2814445198713,63.327245332981434,84020400
2019-11-26,63.70811462402344,64.39993789385807,63.27662623675631,64.34690576047116,105207600
2019-11-27,64.56385803222656,64.59760910005717,63.95399212630652,64.01907401320656,65235600
2019-11-29,64.42162322998047,64.60241356645375,64.09619915305304,64.26493974297915,46617600
2019-12-02,63.676761627197266,64.66267061513436,63.50561551871907,64.42643528388311,94487200
2019-12-03,62.54140853881836,62.56068960514451,61.77967768232319,62.266603688120284,114430400
2019-12-04,63.09342575073242,63.4718820212091,62.837909284948175,62.93192380768448,67181600
2019-12-05,64.01908111572266,64.09381458044176,63.33208349753309,63.58760000147574,74424400
2019-12-06,65.25567626953125,65.32558393574297,64.43368187672564,64.4770771543204,106075600
2019-12-09,64.34209442138672,65.27737714430648,63.85757384735053,65.08453701422351,128042400
2019-12-10,64.71814727783203,65.10142205791261,64.08657994334212,64.74707256593162,90420400
2019-12-11,65.27011108398438,65.34966292867801,64.72292180491584,64.79764786727925,78756800
2019-12-12,65.43647003173828,65.70163071358168,64.4385110100101,64.54939371100679,137310400
2019-12-13,66.32594299316406,66.36209958719724,65.30869579489323,65.4364539980619,133587600
2019-12-16,67.46131896972656,67.68550461462198,66.76709014300219,66.77190857113695,128186000
2019-12-17,67.5938949584961,67.92172458582058,67.20579452656094,67.39141065519956,114158400
2019-12-18,67.43238830566406,67.95306540143068,67.28293612524905,67.44685094529272,116028400
2019-12-19,67.49988555908203,67.77950886281938,67.24196357196422,67.3745402255633,98369200
2019-12-20,67.36006927490234,68.13384985354818,67.14794077021222,68.03261138491365,275978000
2019-12-23,68.45927429199219,68.51953773767175,67.58424788370439,67.62281737170464,98572000
2019-12-24,68.52435302734375,68.67381254514265,68.19893632067681,68.62559884825562,48478800
2019-12-26,69.8839340209961,69.90080955880055,68.62804531588958,68.6569706056224,93121200
2019-12-27,69.85736083984375,70.86255802755495,69.45239238054835,70.17555349630811,146266000
2019-12-30,70.2719955444336,70.55403170483157,68.75335966764395,69.77542534439749,144114400
2019-12-31,70.78546905517578,70.79270037718412,69.78991537253853,69.88874834423947,100805600
2020-01-02,72.40055084228516,72.46081432602996,71.1567116550265,71.40981534420177,135480400
2020-01-03,71.69664764404297,72.45596582996416,71.47246932030643,71.62915285765841,146322800
2020-01-06,72.2679443359375,72.30651383633005,70.56851756430221,70.81921563866376,118387200
2020-01-07,71.92803955078125,72.5330795245145,71.70867973246871,72.27756311117845,108872000
2020-01-08,73.08509063720703,73.38640783949229,71.63153674763797,71.63153674763797,132079200
2020-01-09,74.6374740600586,74.83031411820693,73.81066146009205,74.06135206440953,170108400
2020-01-10,74.80622863769531,75.37030104945943,74.30483992947904,74.87131787710281,140644800
2020-01-13,76.4044418334961,76.43096158772731,75.00391926760233,75.12204068055395,121532000
2020-01-14,75.37272644042969,76.55148346044966,75.24979396232517,76.34176775906714,161954400
2020-01-15,75.0496826171875,76.05246721987251,74.61819429330173,75.17262239843001,121923600
2020-01-16,75.98979949951172,76.10068954693726,75.23048148138665,75.5920621906251,108829200
2020-01-17,76.83110809326172,76.83351362979406,75.93197444596949,76.23811023432756,137816400
2020-01-21,76.31041717529297,76.90099467937888,76.17301471865545,76.459869381581,110843200
2020-01-22,76.58281707763672,77.1348251407198,76.48880253772091,76.79493830286927,101832400
2020-01-23,76.95161437988281,77.03115890447519,76.08863757604202,76.63583446102108,104472000
2020-01-24,76.7298355102539,77.93992295405599,76.5394009459346,77.1974804769854,146537600
2020-01-27,74.47356414794922,75.15333017904537,73.49247355216795,74.74113029786567,161940000
2020-01-28,76.58039855957031,76.75154473409874,75.25460237825888,75.35343533999493,162234000
2020-01-29,78.18340301513672,79.02950436307852,77.46988569545148,78.20992276333985,216229200
2020-01-30,78.07009887695312,78.12313101118072,76.8359045055242,77.26739289963146,126743200
2020-01-31,74.60855865478516,77.78323285410741,74.31447274556798,77.36138873428479,199588400
2020-02-03,74.4036636352539,75.5679502030693,72.85127664058147,73.35266528651083,173788400
2020-02-04,76.85999298095703,77.0504275114738,75.60169205731341,76.0066606092873,136616400
2020-02-05,77.48676300048828,78.28465065522497,76.88412837567931,77.98573887898152,118826800
2020-02-06,78.39311981201172,78.39553270453209,77.19990767879175,77.75674147890366,105425600
2020-02-07,77.32752227783203,78.14180023144418,76.83702208588501,77.89292589511314,117684000
2020-02-10,77.69480895996094,77.69480895996094,75.83429386411699,75.91402717049185,109348800
2020-02-11,77.22607421875,78.26265171467769,77.00861231633205,78.19016687181822,94323200
2020-02-12,79.05999755859375,79.06482742202022,77.67547849475221,77.67547849475221,113730400
2020-02-13,78.49700164794922,78.82319807398167,78.12973294999506,78.33269781258844,94747600
2020-02-14,78.5163345336914,78.76520890109116,78.00891869878639,78.46558778851511,80113600
2020-02-18,77.07866668701172,77.25988612279623,76.01792538344428,76.19914481922879,152531200
2020-02-19,78.19497680664062,78.4245243735885,77.32029218115534,77.32029218115534,93984000
2020-02-20,77.39279174804688,78.44386614487053,76.88779437840257,77.95578436208415,100566000
2020-02-21,75.64098358154297,77.42902110600791,75.02484049800245,76.98684158821678,129554000
2020-02-24,72.04801940917969,73.49777501677713,69.8854717188165,71.82572767869755,222195200
2020-02-25,69.60757446289062,73.09907108734735,69.13640846047264,72.7173054732624,230673600
2020-02-26,70.7118148803711,71.9755209333374,69.22581713906433,69.23306562077462,198054800
2020-02-27,66.08951568603516,69.10500967174747,65.95420576749399,67.92104419759342,320605600
2020-02-28,66.05084991455078,67.27106508637516,61.94562839291094,62.160678974985316,426510000
2020-03-02,72.20024108886719,72.83571844288954,67.10435128397388,68.20616489725688,341397200
2020-03-03,69.90721130371094,73.45427795635602,69.05668336601278,73.37454464911569,319475600
2020-03-04,73.14982604980469,73.30930003617219,70.82780458094045,71.62758575768213,219178400
2020-03-05,70.77706909179688,72.37904277817594,70.41221158595323,71.40529059680607,187572800
2020-03-06,69.83712005615234,70.26963239805877,67.95244135070753,68.1384906030925,226176800
2020-03-09,64.31358337402344,67.19376061426469,63.54762585590985,63.72884532127841,286744800
2020-03-10,68.94554138183594,69.21133137729244,65.08677501833562,66.96421319736713,285290000
2020-03-11,66.551025390625,67.9500415324096,65.68841908631278,67.02461750309321,255598800
2020-03-12,59.97879409790039,65.23899079548863,59.923221175115486,61.84173134619349,418474000
2020-03-13,67.16475677490234,67.6359302649127,61.119275269390535,64.00429300943405,370732000
2020-03-16,58.52421569824219,62.60044010140755,57.99022079286357,58.4613905994218,322423600
2020-03-17,61.0975341796875,62.24525368604919,57.60362153116066,59.804833950382424,324056000
2020-03-18,59.60185241699219,60.406466999860505,57.29432464021389,57.934635402563295,300233600
2020-03-19,59.145198822021484,61.09270335868853,58.62087096114338,59.77584268914572,271857200
2020-03-20,55.390316009521484,60.84864355194953,55.090698602114166,59.72508103936076,401693200
2020-03-23,54.21360397338867,55.21152015646839,51.372084613414366,55.1100377172106,336752800
2020-03-24,59.652610778808594,59.848327192203485,56.61295613694801,57.110704962845915,287531200
2020-03-25,59.32399368286133,62.399890444761496,59.02920978154729,60.587696143364745,303602000
2020-03-26,62.445796966552734,62.50378482179249,59.526955709117544,59.5656167372231,252087200
2020-03-27,59.860408782958984,61.8248250722316,59.69368630258447,61.07095335601888,204216800
2020-03-30,61.56869125366211,61.740247254497845,60.26149432911051,60.58527581752455,167976400
2020-03-31,61.44306182861328,63.424393901395085,60.8897400197262,61.7595949233472,197002000
2020-04-01,58.21009826660156,60.09719601446135,57.78000444616135,59.560786204803335,176218400
2020-04-02,59.18143081665039,59.234588810411715,57.24117510511811,58.072368803656616,165934000
2020-04-03,58.33090591430664,59.36747934105108,57.74133816366961,58.666765747737614,129880000
2020-04-06,63.4195556640625,63.574192418824516,60.25667324880632,60.62394199347429,201820400
2020-04-07,62.685001373291016,65.64975569191732,62.58110401279755,65.43228649705053,202887200
2020-04-08,64.28939056396484,64.60350121398153,63.1199223551124,63.48477236807488,168895200
2020-04-09,64.75333404541016,65.25592013573771,63.95839000283478,64.92489377394622,161834800
2020-04-13,66.02427673339844,66.13301133720609,64.23140932290158,64.83064420547504,131022800
2020-04-14,69.35871124267578,69.64866527052683,67.1840781553046,67.65525160710325,194994800
2020-04-15,68.72564697265625,69.18473466784468,67.80747158227939,68.23514673339383,131154400
2020-04-16,69.27172088623047,69.63657830758835,68.22306550095219,69.43844332553729,157125200
2020-04-17,68.3318099975586,69.33456350529407,66.89655138464681,68.7884865443206,215250000
2020-04-20,66.91348266601562,68.06120610179272,66.89415583158684,67.15994589148215,130015200
2020-04-21,64.84513092041016,66.99076973874533,64.13475030153334,66.75639235940385,180991600
2020-04-22,66.71289825439453,67.14782183221747,65.77055891988769,66.11124487734209,116862400
2020-04-23,66.45438385009766,68.07811050746528,66.41572281375096,66.65734876053877,124814400
2020-04-24,68.37287902832031,68.38254612868516,66.93037215656294,66.97870028455014,126161200
2020-04-27,68.42120361328125,68.75222988872481,67.64316798553294,68.09016996400102,117087600
2020-04-28,67.31214904785156,69.06393705890572,67.22033738750322,68.88271760948632,112004800
2020-04-29,69.52302551269531,69.99178036647727,68.59518290617446,68.79814778505363,137280800
2020-04-30,70.98967742919922,71.16606696831562,69.67282086621682,70.06183497622997,183064000
2020-05-01,69.8468017578125,72.24614521202258,69.06876605288338,69.16541493960355,240616800
2020-05-04,70.8350601196289,70.9631215704607,69.18233960605242,69.87097499683554,133568000
2020-05-05,71.89820861816406,72.7294023781066,71.14916678667844,71.29414381435919,147751200
2020-05-06,72.6399917602539,73.27063178737225,72.21472783850132,72.59891211487862,142333600
2020-05-07,73.3914566040039,73.73698728324429,72.96378136839786,73.26581377672255,115215200
2020-05-08,75.1383056640625,75.19160756554702,73.72339119914562,74.05047071308249,133838400
2020-05-11,76.32061767578125,76.81486350373997,74.4380975285037,74.64646215282984,145946400
2020-05-12,75.44841766357422,77.45449582037008,75.32727766040104,77.00385116379037,162301200
2020-05-13,74.53743743896484,76.54836579208815,73.46171369194431,75.62769739388037,200622400
2020-05-14,74.9953384399414,75.0559084279637,73.05467365769209,73.77667057668484,158929200
2020-05-15,74.5519790649414,74.59801285788724,72.73487900802405,72.76880175811006,166348400
2020-05-18,76.30850219726562,76.68161544536761,75.18432690881329,75.87482634655969,135178400
2020-05-19,75.86756896972656,77.17102926581177,75.83607138413613,76.32547436249678,101729600
2020-05-20,77.34304809570312,77.41330397310716,76.68646396339064,76.72522965116472,111504800
2020-05-21,76.76641845703125,77.74523171426733,76.52898139842385,77.20494465969075,102688800
2020-05-22,77.26065826416016,77.34303256146072,76.40298515469343,76.50473859508931,81803200
2020-05-26,76.73733520507812,78.55685269616119,76.68160815192094,78.37756788987811,125522000
2020-05-27,77.07168579101562,77.21705526702166,75.85544287582236,76.59440129810365,112945200
2020-05-28,77.10562896728516,78.36306306810644,76.47085639414468,76.74705181731085,133560800
2020-05-29,77.03050231933594,77.80821903420895,76.67435043039059,77.34788852176631,153532400
2020-06-01,77.97782135009766,78.09896135300481,76.8536385740957,76.98447184749915,80791200
2020-06-02,78.33880615234375,78.36303562857958,77.27035057638682,77.71130190496551,87642800
2020-06-03,78.77008056640625,79.03174713400516,78.08684912120862,78.65863382513984,104491200
2020-06-04,78.09168243408203,78.89120338502829,77.71856920653472,78.59320375117642,87560400
2020-06-05,80.31581115722656,80.3763811505578,78.31215843959637,78.34123085338769,137250400
2020-06-08,80.79069519042969,80.82461794300563,79.30309967941871,80.01297837924804,95654400
2020-06-09,83.34187316894531,83.73436548390762,80.43936425549487,80.47086183031477,147712400
2020-06-10,85.486083984375,85.95368266276594,83.85069379935202,84.2892200574616,166651600
2020-06-11,81.38185119628906,85.05481691401155,81.28009773597238,84.63082691049463,201662400
2020-06-12,82.0844497680664,84.26496946856898,80.97481077374836,83.5187504243347,200146000
2020-06-15,83.09961700439453,83.75135081292053,80.5774812512651,80.73981210877636,138808800
2020-06-16,85.30192565917969,85.57328542706455,83.51874869015089,85.1517132659384,165428800
2020-06-17,85.1832046508789,86.10629064630962,85.06206467884026,86.04572066029029,114406400
2020-06-18,85.2171401977539,85.63386205994001,84.60901508072114,85.13960882948713,96820400
2020-06-19,84.73016357421875,86.38735791979117,83.62294217777347,85.92218445110363,264476000
2020-06-22,86.947021484375,87.08996579558588,85.07661960868549,85.12265339969562,135445200
2020-06-23,88.80288696289062,90.22022642343374,87.77077181014047,88.18991886652088,212155600
2020-06-24,87.23531341552734,89.35041992465683,86.86220024275121,88.43217689431303,192623200
2020-06-25,88.39344024658203,88.43220593644023,86.63206719010891,87.39040482402382,137522400
2020-06-26,85.67745971679688,88.50971291769464,85.52966510284091,88.2892372764143,205256800
2020-06-29,87.65206146240234,87.74655421504602,85.10812136493809,85.5854132789762,130646000
2020-06-30,88.38374328613281,88.66963931267749,87.22080221413067,87.24018136135113,140223200
2020-07-01,88.21656036376953,89.00397030229519,88.16810880383152,88.46126551068063,110737200
2020-07-02,88.21656036376953,89.75746488824406,88.10269587070599,89.12269252080957,114041600
2020-07-06,90.57637023925781,91.04396881704737,89.61209327585406,89.64359085564888,118655600
2020-07-07,90.29533386230469,91.7320524889195,90.18388713248098,90.95433575857336,112424400
2020-07-08,92.3983154296875,92.42981301031341,91.18449035546323,91.27171499364255,117092000
2020-07-09,92.79564666748047,93.34319433054527,91.74899550161554,93.28989244541889,125642800
2020-07-10,92.9579849243164,93.01613714978424,91.78050772022172,92.39105063414506,90257200
2020-07-13,92.52914428710938,96.8683794397454,92.31593673037001,94.26144459491981,191649200
2020-07-14,94.06036376953125,94.25175963929699,90.97856198164641,91.91133403395911,170989200
2020-07-15,94.70723724365234,96.18272134953932,93.51037361994408,95.93317328027695,153198000
2020-07-16,93.5418701171875,94.39711809164639,92.94343831225127,93.58063579856042,110577600
2020-07-17,93.3529052734375,94.14758336972574,92.8804563206502,93.99252801605422,92186800
2020-07-20,95.32022857666016,95.45832996558929,93.09609971897889,93.4401406081673,90318000
2020-07-21,94.00463104248047,96.18515083470295,93.75508296201137,96.11004463336359,103433200
2020-07-22,94.26872253417969,94.94952872983103,93.61941392094188,93.70663117027293,89001600
2020-07-23,89.97795104980469,94.07974983333283,89.168736705882,94.00221845583387,197004400
2020-07-24,89.75503540039062,90.0990762102355,86.3921882418588,88.17779782726093,185438800
2020-07-27,91.88225555419922,91.97432312790853,90.59333170366311,90.81622514062431,121214000
2020-07-28,90.37284851074219,91.63028207050725,90.36799817960483,91.45341504133539,103625600
2020-07-29,92.10516357421875,92.28929873601002,90.81865739523712,90.85499791564365,90329200
2020-07-30,93.21967315673828,93.32385180233229,90.87197891214636,91.27900761618824,158130000
2020-07-31,102.97868347167969,103.12889587437893,97.71151174507618,99.70790378289954,374336800
2020-08-03,105.5735092163086,108.19013023936542,104.56078059833798,104.85878026409463,308151200
2020-08-04,106.2785415649414,107.36880152265259,105.04048696818748,105.76248400195036,173071600
2020-08-05,106.66378021240234,106.98359161753405,105.5347544170492,105.9999353148589,121776800
2020-08-06,110.38518524169922,110.87943850296628,106.40695185464003,106.99569046941184,202428800
2020-08-07,107.87548828125,110.36333556331454,107.07937744727452,109.90702677912203,198045600
2020-08-10,109.44345092773438,110.46043507725163,106.7954093213871,109.31966296937568,212403600
2020-08-11,106.18861389160156,109.20558233257063,105.9289051039155,108.7080157903305,187902400
2020-08-12,109.71770477294922,109.97498398938008,107.08422600127558,107.2783964791796,165598000
2020-08-13,111.65946197509766,112.66188375277733,110.60849386446708,111.09635710424106,210082000
2020-08-14,111.55992889404297,111.64973292886683,109.75168569136507,111.48468727529169,165565200
2020-08-17,111.26868438720703,112.7055714063434,110.64247816985842,112.68129823978218,119561600
2020-08-18,112.19584655761719,112.62060097941455,110.68614768785797,111.02109807418744,105633600
2020-08-19,112.33662414550781,113.74923783578949,112.24196843606359,112.60361413274605,145538000
2020-08-20,114.82933044433594,114.94340764743272,112.3608970952543,112.37788905057565,126907200
2020-08-21,120.74677276611328,121.22977689357654,115.77592935893642,115.78806223773633,338054800
2020-08-24,122.19093322753906,125.03315266970756,120.32686973134855,124.94819288976294,345937600
2020-08-25,121.18850708007812,121.53316822878249,119.4676456893335,121.06472653687041,211495600
2020-08-26,122.8365478515625,123.29285663343889,121.43849667426107,122.50402701142234,163022400
2020-08-27,121.36811828613281,123.77101327398971,120.22491675397727,123.43849242247208,155552400
2020-08-28,121.1715316772461,122.75889449051752,120.94822892350749,122.3414212260646,187630000
2020-08-31,125.28073120117188,127.18363795139157,122.32930062500259,123.86327299785293,225702700
2020-09-01,130.27098083496094,130.87292869764627,126.72732074484928,128.8923509024096,151948100
2020-09-02,127.57195281982422,133.96026120747115,123.30014277535787,133.5816235663219,200119000
2020-09-03,117.35843658447266,125.08653940539764,116.98950967695433,123.2127726268104,257599600
2020-09-04,117.43610382080078,120.0962780604988,107.65947073062564,116.57203254505438,332607200
2020-09-08,109.53323364257812,115.52348229389389,109.39731283157245,110.63031087630355,231366600
2020-09-09,113.90214538574219,115.66912348309229,111.90216122256825,113.84389572106855,176940500
2020-09-10,110.18373107910156,116.98951312845449,109.22257449751976,116.85359229498353,182274400
2020-09-11,108.73713684082031,111.87304145706314,106.7954022543771,111.23226548811466,180860300
2020-09-14,111.99923706054688,112.55263104986112,109.51381948146934,111.37788266577749,140150100
2020-09-15,112.17401123046875,115.36816560750079,110.30023700342959,114.88273194668369,184642000
2020-09-16,108.86333465576172,112.6205933237319,108.77596016463926,111.8730288513231,154679000
2020-09-17,107.12550354003906,108.93131746592069,105.5429923714999,106.52357050283204,178011000
2020-09-18,103.72745513916016,107.64975978247199,102.99930468969426,107.18374764280628,287104900
2020-09-21,106.8730697631836,106.97986575435861,100.0964130289504,101.49446425369291,195713800
2020-09-22,108.55266571044922,109.57207929386054,105.97987340331184,109.39732289119372,183055400
2020-09-23,103.99928283691406,108.8439074250732,103.65947343791431,108.36818463645258,150718700
2020-09-24,105.06726837158203,107.03812795513899,101.94107424298952,102.10611991881453,167743300
2020-09-25,109.00896453857422,109.16430684101944,104.53326629739041,105.27112741974788,149981400
2020-09-28,111.61089324951172,111.96040603666982,109.49440244155606,111.65943957272272,137672400
2020-09-29,110.76622772216797,111.95068681035575,110.26138007180892,111.21283312191778,99382200
2020-09-30,112.43614196777344,113.84390402616219,110.30994757365427,110.4749932403561,142675200
2020-10-01,113.38760375976562,114.2905107318788,112.45557195099242,114.21283956269843,116120400
2020-10-02,109.7274169921875,112.00896103141628,108.95072761058432,109.60120691204848,144712000
2020-10-05,113.10604858398438,113.25168017088336,110.24199280586862,110.5915056515741,106243800
2020-10-06,109.86336517333984,112.73713196201183,108.97987223056897,112.32936199997019,161498200
2020-10-07,111.7274169921875,112.18372583418271,110.80508856065056,111.2808188977388,96849000
2020-10-08,111.62062072753906,113.0089613382161,111.25168639294162,112.86332975388186,83477200
2020-10-09,113.56236267089844,113.59148750819554,111.5720815081163,111.92159436994272,100506900
2020-10-12,120.77588653564453,121.53316180020073,115.8050435838883,116.56231884844449,240226800
2020-10-13,117.572021484375,121.73704283997935,116.16426694681041,121.62053610441286,262330500
2020-10-14,117.6594009399414,119.44579307201987,116.13513969852242,117.47493379758126,150712000
2020-10-15,117.19339752197266,117.66912045188067,114.70797946369227,115.26137355970408,112559200
2020-10-16,115.5526351928711,118.00893594757436,115.34875392683747,117.74679760043794,115393800
2020-10-19,112.60118865966797,116.9118342796432,112.29051143113706,116.46523622657561,120639300
2020-10-20,114.08660125732422,115.51377715780384,112.26136626857321,112.81476024966445,124423700
2020-10-21,113.46525573730469,115.25164788351834,113.05748587164362,113.27107784719725,89946000
2020-10-22,112.37789154052734,114.60117857735534,111.25168190141596,114.02836301066806,101988000
2020-10-23,111.68856048583984,113.15457199126362,110.9506993602643,112.99922968814089,82572600
2020-10-26,111.69828796386719,113.15458894171616,109.59150025316038,110.688585063703,111850700
2020-10-27,113.20311737060547,113.86330738232272,111.203133250019,112.12545415431511,92276800
2020-10-28,107.96043395996094,112.06720563801413,107.86334871753533,111.69827875394513,143937800
2020-10-29,111.96043395996094,113.52353114594587,108.93132485149748,109.09637794730227,146129200
2020-10-30,105.6886215209961,108.72743369464578,104.58183332192213,107.82452675254544,190272600
2020-11-02,105.60121154785156,107.45557127024327,104.1934572111705,105.93131021462096,122866900
2020-11-03,107.22258758544922,108.24199381190596,105.56240538196562,106.46531227233,107624400
2020-11-04,111.6011962890625,112.22255078584597,109.07694271998845,110.81479612438059,138235500
2020-11-05,115.56232452392578,116.13514003797306,113.46525517113334,114.513786143965,126387100
2020-11-06,115.43103790283203,115.92702909027747,112.94132478624495,115.07119461202119,114457900
2020-11-09,113.12613677978516,118.64045065602376,112.86355358468761,117.19136449216022,154515300
2020-11-10,112.78572845458984,114.36124218625869,110.99624681601809,112.37726248118744,138023400
2020-11-11,116.2090835571289,116.3452388928094,113.24283383562194,113.97224059958567,112295000
2020-11-12,115.93677520751953,117.22053084100786,115.31434868339849,116.33552114136147,103162300
2020-11-13,115.98538208007812,116.38412051420482,114.63354904794981,116.16043996869443,81581900
2020-11-16,116.9968490600586,117.66789824397613,114.90588149878657,115.65473585240478,91183000
2020-11-17,116.1118392944336,117.35669240875295,115.69364575572538,116.26744964367843,74271000
2020-11-18,114.7891616821289,116.53001321672764,114.75998660153422,115.35323797332128,76322100
2020-11-19,115.38241577148438,115.7908817492475,113.60266161420516,114.36124340716778,74113000
2020-11-20,114.11812591552734,115.50886189625275,114.06950324565761,115.38243405069952,73604300
2020-11-23,110.72393798828125,114.39042656864258,110.62668524347754,113.96250558761568,127959300
2020-11-24,112.00770568847656,112.66903481291116,109.49854453224738,110.78230761489361,113874200
2020-11-25,112.84410095214844,113.54433271367105,112.00771383920868,112.3772847244068,76499200
2020-11-27,113.38871765136719,114.26400731693963,113.02888170323342,113.36927006764773,46691300
2020-11-30,115.78114318847656,117.64842229155751,113.60264348164121,113.75825378351841,169410200
2020-12-01,119.35038757324219,120.07979426970195,116.7147989337566,117.68734119570294,127728200
2020-12-02,119.70049285888672,119.98253098044769,117.57062311807923,118.66959310630676,89004200
2020-12-03,119.5643310546875,120.38126287698958,118.85437203967088,120.12839984726902,78967600
2020-12-04,118.893310546875,119.48656201518021,118.1833513172949,119.23369890903952,78260400
2020-12-07,120.35211944580078,121.14960390007961,118.89330587676078,118.95165604515132,86712000
2020-12-08,120.96480560302734,121.54833690448348,119.7102251767506,120.9550855226028,82225500
2020-12-09,118.43621063232422,122.49171060296122,117.67762875809393,121.11070219500817,115089200
2020-12-10,119.85610961914062,120.46881600995408,116.85095750767795,117.1913458248472,81312200
2020-12-11,119.04890441894531,119.38929273400028,117.23997517904313,119.0683519998447,86939800
2020-12-14,118.43621063232422,119.96310188222377,118.20280253715556,119.23369509240086,79184500
2020-12-15,124.36871337890625,124.38816838110739,120.7216795566684,120.9259125603246,157243700
2020-12-16,124.30062103271484,124.84524231148528,123.08494323552482,123.91161007354079,98208600
2020-12-17,125.16619110107422,126.02203307421959,124.52430962121518,125.3606965932024,94359800
2020-12-18,123.18222045898438,125.55522622218948,122.65704668745983,125.41907088363601,192541500
2020-12-21,124.7090835571289,124.78688871478423,120.06033297589273,121.58722395031434,121251600
2020-12-22,128.25889587402344,130.7194269475822,126.09011564727457,127.99630527207523,168904800
2020-12-23,127.3641586303711,128.79378229896713,127.18909328249408,128.53120653688052,88223700
2020-12-24,128.34642028808594,129.79551379030826,127.5003131582361,127.71427367104259,54930100
2020-12-28,132.93679809570312,133.56894460120503,129.8441061270866,130.31093707619408,124486200
2020-12-29,131.166748046875,134.97911129137205,130.65130192196946,134.25943963612303,121047300
2020-12-30,130.0483856201172,132.2560612728946,129.73716489381331,131.85731528225065,96452100
2020-12-31,129.04664611816406,131.0403608931575,128.1032788564328,130.398479383972,99116600
2021-01-04,125.85669708251953,129.94137159533847,123.27945861661561,129.85384635373498,143301900
2021-01-05,127.41278839111328,128.12275510528912,124.90362694441386,125.35100302677368,97664900
2021-01-06,123.12387084960938,127.45168913950543,122.90991032661502,124.21312104853068,155088000
2021-01-07,127.32523345947266,128.01574500748134,124.34925645838389,124.83552759816486,109578200
2021-01-08,128.42417907714844,128.9882552399278,126.65414544499792,128.79373496048996,105158200
2021-01-11,125.43851470947266,126.59584254088283,124.97169851220295,125.64275514317653,100384500
2021-01-12,125.26348876953125,126.12905108248646,123.37675376740317,124.97172302407868,91951100
2021-01-13,127.2960433959961,127.84066463408008,124.96194813568883,125.22452383559776,88636800
2021-01-14,125.37043762207031,127.4030475675069,125.22454736600265,127.20854206590191,90221800
2021-01-15,123.64904022216797,126.64447259687851,123.51288487967291,125.24400916560404,111598500
2021-01-19,124.3200912475586,125.17593327026417,123.45452914361996,124.27146116175601,90757300
2021-01-20,128.40472412109375,128.8520999882003,125.02028198318088,125.12726220097937,104319500
2021-01-21,133.11184692382812,135.83496806730975,129.92190967683482,130.1261500695179,120150900
2021-01-22,135.25146484375,136.01004665089906,131.31266555904966,132.53806351525557,114459400
2021-01-25,138.99569702148438,141.10611132243724,132.79087448406227,139.14158722134422,157611700
2021-01-26,139.22918701171875,140.33788486135856,137.48832763704507,139.6571080834781,98390600
2021-01-27,138.1593475341797,140.3378474829839,136.55465878230473,139.49172564743122,140843800
2021-01-28,133.32579040527344,138.0912555090123,132.94649958704122,135.68907538027003,142621100
2021-01-29,128.33668518066406,132.98543606950525,126.63473619885515,132.10041903740844,177523800
2021-02-01,130.45684814453125,131.66280616641993,127.33498024294086,130.0775571695549,106239800
2021-02-02,131.28347778320312,132.56722577893618,130.9139069960329,132.00314951845078,83305400
2021-02-03,130.26231384277344,132.0420679752551,129.9413731133275,132.0323330550851,89880900
2021-02-04,133.61758422851562,133.6273043090521,130.8944628567243,132.55751669715318,84183100
2021-02-05,133.20362854003906,133.8464691818489,132.32703847356598,133.77829722031976,75693800
2021-02-08,133.34970092773438,133.39840366543814,131.41144491824002,132.49258030251252,71297200
2021-02-09,132.47312927246094,134.29451105529114,132.31730127973145,133.06726715184539,76774200
2021-02-10,131.86924743652344,133.42764614924684,130.9049865610518,132.93089894279558,73046600
2021-02-11,131.61602783203125,132.84325691578465,130.291393245221,132.3659937299951,64280000
2021-02-12,131.84976196289062,132.00560480490336,130.2134567077312,130.85629728454018,60145100
2021-02-16,129.7264862060547,132.4731462786685,129.33687901923372,131.96667922879305,80576300
2021-02-17,127.43759155273438,128.78171035064747,126.10322222332451,127.83693334950489,97918500
2021-02-18,126.33696746826172,126.61941963432317,124.09677476387137,125.84022023340577,96856700
2021-02-19,126.4927978515625,127.31096541209789,125.45063033694109,126.85318631272438,87668800
2021-02-22,122.72343444824219,126.34669893995918,122.33383475744539,124.68116007602796,103916400
2021-02-23,122.58708190917969,123.4149766498793,115.31133387912055,120.54169271715817,158273000
2021-02-24,122.09034729003906,122.29488547484925,119.0514857660057,121.691012957123,111039900
2021-02-25,117.84371948242188,123.17147632846172,117.40542445743719,121.43776543888308,148199500
2021-02-26,118.106689453125,121.60332952526318,118.04824467349069,119.4020977442568,164560400
2021-03-01,124.4668960571289,124.60325484384613,119.5969181572381,120.53195302229754,116307900
2021-03-02,121.86631774902344,125.37270000855568,121.75917765120198,125.07076378614747,102260900
2021-03-03,118.8858871459961,122.4409721711293,118.6716069492106,121.56437474382311,112966300
2021-03-04,117.00609588623047,120.38586201324064,115.53536779088374,118.583971529586,178155000
2021-03-05,118.26253509521484,118.7690169305712,114.5126538027712,117.83398211644732,153766600
2021-03-08,113.33412170410156,117.85346041822143,113.18802088680535,117.78528102761602,154376600
2021-03-09,117.94110870361328,118.88588550494669,115.70092356585985,115.93468039958287,129525800
2021-03-10,116.85997009277344,118.99301494253613,116.34374629434264,118.5255013169697,111943300
2021-03-11,118.78849029541016,120.00598467048323,118.10669641776761,119.35340946888309,103026500
2021-03-12,117.88268280029297,118.01904158578925,116.06131583787986,117.2690682655597,88105100
2021-03-15,120.76570129394531,120.77544332973144,117.28853761790177,118.25279852383531,92403800
2021-03-16,122.30461120605469,123.91170522216095,121.47671654048351,122.43122794234345,115227900
2021-03-17,121.51570129394531,122.58709503966791,119.15862613615897,120.82416526324258,111932600
2021-03-18,117.39568328857422,119.97677300065472,117.19114511333716,119.68457136117527,121229700
2021-03-19,116.86972045898438,118.27227638684158,116.56778422545804,116.78206442899135,185549500
2021-03-22,120.18132019042969,120.64884136246526,117.13271654370864,117.20089594056832,111912300
2021-03-23,119.3534164428711,121.0092059173222,118.96381673388366,120.12287382459728,95467100
2021-03-24,116.96711730957031,119.70404974763237,116.94764066899515,119.62612832333967,88530500
2021-03-25,117.45413208007812,118.49631456122934,115.90548256064227,116.43144110431777,98844700
2021-03-26,118.0580062866211,118.32098926109825,115.82755546141085,117.22036947257719,94071200
2021-03-29,118.23331451416016,119.3923715504468,117.59048134086395,118.48655542775977,80819200
2021-03-30,116.78207397460938,117.26907177481125,115.76911765846987,116.98661215897457,85671900
2021-03-31,118.97356414794922,120.30793336547684,117.99956854695249,118.48656634745086,118323800
2021-04-01,119.80145263671875,120.95076768283118,119.30471282559485,120.44429326652572,75089100
2021-04-05,122.62602996826172,122.87927086868106,119.86962103149284,120.64882037232358,88651200
2021-04-06,122.92798614501953,123.82406033078875,122.3825509764638,123.21044576616356,80171300
2021-04-07,124.57402038574219,124.59349702523619,121.88579084483872,122.55785008781349,83466700
2021-04-08,126.97006225585938,126.99928093380576,125.17791398584798,125.59672494440802,88844600
2021-04-09,129.5413818359375,129.58033511074808,126.1031794318075,126.42459968145573,106686700
2021-04-12,127.82715606689453,129.395289186928,127.23301830434795,129.07386893551856,91420000
2021-04-13,130.9342041015625,131.15823376064404,128.49921542278324,128.99596262492872,91266500
2021-04-14,128.59658813476562,131.48935513673277,128.2362146580047,131.4309178012567,87222800
2021-04-15,131.00241088867188,131.48940869866695,130.16477406100063,130.34010100083557,89347100
2021-04-16,130.67124938964844,131.16798178060714,129.81412853121648,130.8076081751269,84922400
2021-04-19,131.3336181640625,131.9472404049995,129.87262415192654,130.03820168986198,94264200
2021-04-20,129.64854431152344,132.00561168739057,128.3823471626382,131.50887932231677,94812300
2021-04-21,130.0283966064453,130.27189547649485,127.88560952240783,128.91804235349915,68847100
2021-04-22,128.50897216796875,130.66149395921403,127.99275572778816,129.58035833012048,84566500
2021-04-23,130.82708740234375,131.60627194079382,128.72325347974677,128.72325347974677,78657500
2021-04-26,131.21673583984375,131.5478908966376,130.08689696866605,131.32387598904162,66905100
2021-04-27,130.89527893066406,131.88875868630524,130.62256132903624,131.49915149684074,66015800
2021-04-28,130.10635375976562,131.5089100143574,129.619355885921,130.81736649421998,107760100
2021-04-29,130.0089111328125,133.5055661641117,129.0056969879915,132.92116293750138,151101000
2021-04-30,128.0414581298828,130.08683981317637,127.66160046998598,128.3531289693404,109839500
2021-05-03,129.09336853027344,130.58359545105438,128.401839986388,128.60637073689202,75135100
2021-05-04,124.52532196044922,128.07067238199318,123.40522566029897,127.77847076247717,137564700
2021-05-05,124.76884460449219,127.05772538948398,124.6422204183204,125.84023086704354,84000900
2021-05-06,126.36614990234375,126.37588450459099,123.82401425793385,124.56425273339825,78128300
2021-05-07,127.03937530517578,128.0637957522919,126.3271401858517,127.66379062246624,78973300
2021-05-10,123.76119232177734,126.38568557584613,123.72216543128324,126.25886120807223,88071200
2021-05-11,122.8440933227539,123.19532046962064,119.78054551827158,120.4927732833166,126142800
2021-05-12,119.78054809570312,121.60501628867115,119.27321336720668,120.39521236408822,112172300
2021-05-13,121.9269790649414,123.0782463378904,121.23426847309511,121.5464761686261,105861300
2021-05-14,124.34659576416016,124.7758841676664,122.7855571745272,123.17581868284023,81918000
2021-05-17,123.19530487060547,123.83923735283338,122.12209151050999,123.73191527246206,74244600
2021-05-18,121.80988311767578,123.89777321547987,121.74158792545293,123.4782434793631,63342900
2021-05-19,121.65380096435547,121.87819629608094,119.86835967667767,120.16105765432343,92612000
2021-05-20,124.2099838256836,124.61000384937135,122.05379848438088,122.18063773268084,76857100
2021-05-21,122.37578582763672,124.88320615344152,122.16114162608143,124.70758884704348,79295400
2021-05-24,124.00511932373047,124.82466923282675,122.87336914136405,122.94166434682049,63092900
2021-05-25,123.80997467041016,125.19540319531397,123.24409593795775,124.70757079826137,72009500
2021-05-26,123.76119232177734,124.28804417802037,123.34166255348855,123.86851440973157,56575900
2021-05-27,122.22941589355469,124.53195020806949,122.03428889481324,123.36117332838509,94625600
2021-05-28,121.57575225830078,122.73677818956268,121.51721563777299,122.51237540484098,71311100
2021-06-01,121.2537841796875,122.2977294109628,120.92206674340329,122.03430717883234,67637100
2021-06-02,122.0147705078125,122.19038778236961,121.02936949732552,121.25376479927095,59278900
2021-06-03,120.53179168701172,121.80989069682863,120.13177164794705,121.64403199734149,76229200
2021-06-04,122.8245849609375,123.08801464449839,120.83425795335646,121.04890215666704,75169300
2021-06-07,122.83432006835938,123.24409122711307,121.79037500565761,123.0977422579531,71057600
2021-06-08,123.65386962890625,125.33199613747028,123.13677635872094,123.51727923465421,74403800
2021-06-09,124.03437805175781,124.63928371308171,123.43923097435068,124.1124318358548,56877900
2021-06-10,123.03922271728516,125.06857651400928,122.87336400291547,123.9270603510902,71186400
2021-06-11,124.24901580810547,124.3368281715762,123.02945340825438,123.44898317154788,53522400
2021-06-14,127.30281066894531,127.36134728829198,123.9758479654745,124.70758548178374,96906500
2021-06-15,126.48326110839844,127.4198916269695,126.23934861668313,126.77595907590421,62746300
2021-06-16,126.9808578491211,127.70284430122783,125.3320216426943,127.19550206765987,91815000
2021-06-17,128.58090209960938,129.32240559947226,126.49301177385304,126.63936820067508,96721700
2021-06-18,127.28330993652344,128.30773056203458,127.06866573814787,127.52722244492858,108953300
2021-06-21,129.0784912109375,129.18581330080102,126.063736441913,127.1271913132279,79663300
2021-06-22,130.71759033203125,130.8151612925248,128.41505560442437,128.91264666080772,74783600
2021-06-23,130.4444122314453,131.0493254021088,129.98585550457855,130.51271488266488,60214200
2021-06-24,130.1614532470703,131.36149842351492,129.69313058879897,131.1761225655203,68711000
2021-06-25,129.86875915527344,130.6297648884673,129.57606120699057,130.2102425761428,70783700
2021-06-28,131.4980926513672,131.95664929646315,130.10292043684166,130.1614570490265,62111300
2021-06-29,133.01036071777344,133.16646828417475,131.07857796707717,131.51761747124857,64556100
2021-06-30,133.62503051757812,134.0640700400228,132.56156070353867,132.8542586809143,63261400
2021-07-01,133.92745971679688,133.98599632611845,132.45421890843855,133.27377610064684,52485800
2021-07-02,136.55197143554688,136.5909908825578,134.39577852908815,134.54212006442484,78852600
2021-07-06,138.5618133544922,139.66428770082487,136.65929888430668,136.65929888430668,108181800
2021-07-07,141.04971313476562,141.36191336128311,139.1862182535438,140.04478004189397,104911600
2021-07-08,139.75209045410156,140.5521155930635,137.2446631833098,138.13250812343543,105575500
2021-07-09,141.57656860351562,142.10341304013653,139.17646311232951,139.27403406481795,99890800
2021-07-12,140.9813995361328,142.7570893612842,140.49357462424308,142.64976728517905,76299700
2021-07-13,142.09365844726562,143.86934850619764,140.1326074026889,140.5228614286861,100827100
2021-07-14,145.51817321777344,145.92795926693185,144.08396670742601,144.49375275658443,127050800
2021-07-15,144.86451721191406,146.34750947636803,143.50836421958925,145.60602078776031,106820300
2021-07-16,142.8253936767578,146.1133292004128,142.32781756831105,144.8449961921481,93251400
2021-07-19,138.98133850097656,140.56190161268026,138.2203326975493,140.24968646910114,121434600
2021-07-20,142.59124755859375,143.518127007473,139.47893643261804,139.96676145319105,96350000
2021-07-21,141.85951232910156,142.57174758950413,141.10827250404336,141.98635160042446,74993500
2021-07-22,143.22540283203125,144.59130668501456,142.25950410848452,142.38634335455993,77338200
2021-07-23,144.9425506591797,145.09865822031367,143.34248537564744,143.95714959308972,71447400
2021-07-26,145.3621368408203,146.18167948202014,144.10353967511065,144.65966746629434,72434100
2021-07-27,143.19615173339844,145.5767400665626,142.00585756681636,145.48892025406204,104818600
2021-07-28,141.44972229003906,143.39127100475073,139.06913408549428,141.28386358886817,118931200
2021-07-29,142.09365844726562,142.98150347673163,141.05947187985987,141.16679397009463,56699500
2021-07-30,142.30828857421875,142.7668451974614,140.60090132642787,140.8643309559415,70440600
2021-08-02,141.97657775878906,143.37174997131473,141.71314811709883,142.7961201026742,62880000
2021-08-03,143.77175903320312,144.43519376937195,141.64483467000184,142.25949882463198,64786600
2021-08-04,143.3717498779297,144.191292221281,142.7180662311683,143.6839649919127,56368300
2021-08-05,143.47911071777344,144.2401166546182,142.61078266741262,143.40105691819448,46397700
2021-08-06,142.7951202392578,143.74291989384258,142.29679858037488,143.000320280882,54126800
2021-08-09,142.74623107910156,143.3422697557146,142.18928521610837,142.8537139522462,48908700
2021-08-10,142.26744079589844,144.3291466635416,141.9743043631005,143.08821088010203,69023100
2021-08-11,142.52154541015625,143.3618622586966,142.19909668704307,142.7071990606952,48493500
2021-08-12,145.48220825195312,145.638549753649,142.5020136051408,142.84400877640718,72282600
2021-08-13,145.6873779296875,146.01959236929383,144.87637333214747,145.56034862237908,59375000
2021-08-16,147.66111755371094,147.72952253031957,143.1175540441941,145.1401675406519,103296000
2021-08-17,146.7523956298828,148.2082823920191,145.67756689112312,146.79147353422863,92229700
2021-08-18,143.01010131835938,147.2703098892412,142.80490125480077,146.37136871129022,86326000
2021-08-19,143.34228515625,144.61253336364982,141.1926423719419,141.71051038649435,86960300
2021-08-20,144.7981719970703,145.10107421090675,143.42044104748524,144.0653382889344,60549600
2021-08-23,146.28338623046875,146.75239563031982,144.50503593715925,144.91542102572143,60131800
2021-08-24,146.1954345703125,147.40705833624506,145.73619092005404,146.02932738546966,48606400
2021-08-25,144.9642791748047,146.87942449217206,144.4170990582826,146.38108802855803,58991300
2021-08-26,144.16305541992188,145.70689371393732,144.13374326132688,144.95452843061085,48597200
2021-08-27,145.1988067626953,145.34536755607812,143.4693148530707,144.10443150378484,55802400
2021-08-30,149.61534118652344,149.97688265994054,145.2085727146907,145.58964568755835,90956700
2021-08-31,148.35488891601562,149.30268857096087,147.82724018566304,149.1658935130071,86453100
2021-09-01,149.01930236816406,151.43276949828842,148.8531951656688,149.33198527371385,80313700
2021-09-02,150.13320922851562,151.17872592141705,148.91181958328025,150.34817499884036,71115500
2021-09-03,150.76837158203125,151.09082030337387,149.5860596037749,150.24072279818162,57808700
2021-09-07,153.10365295410156,153.660598936694,150.85629279363835,151.42301943650597,82278300
2021-09-08,151.559814453125,153.4456331023822,150.45567332943037,153.38700877891932,74420200
2021-09-09,150.5435791015625,152.53688004294122,150.42631558063064,151.9310756713578,57305700
2021-09-10,145.56031799316406,151.92130921813492,145.296493683324,151.45229981917254,140893200
2021-09-13,146.12705993652344,147.95425407222461,145.34536758274155,147.18234237769772,102404300
2021-09-14,144.72976684570312,147.61225802171091,143.54747014740659,146.9087364700221,109296300
2021-09-15,145.61895751953125,146.0195769004921,143.01983678244974,145.15971382126716,83281300
2021-09-16,145.38441467285156,145.56030249720038,143.85035735869758,145.04243459087402,68034100
2021-09-17,142.7169189453125,145.4137565229727,142.423782481279,145.4137565229727,129868800
2021-09-20,139.66836547851562,141.52487196661303,138.0365905336095,140.50868223734292,123478900
2021-09-21,140.14715576171875,141.2903898304163,139.51203897648207,140.63571172252995,75834000
2021-09-22,142.51174926757812,143.0784609405733,140.4109501394529,141.14378392401113,76404300
2021-09-23,143.46934509277344,143.71362307292674,142.30657952171666,143.29345719409983,64838200
2021-09-24,143.5572509765625,144.09466540021555,142.2283784515029,142.32609558654582,53477900
2021-09-27,142.042724609375,142.61923184992318,140.52821338546616,142.14044174425882,74150700
2021-09-28,138.6619110107422,141.4369043819852,138.44694526555043,139.97123697906306,108972300
2021-09-29,139.5608673095703,141.14378350850296,138.77917495976774,139.2091064976362,74602000
2021-09-30,138.2613067626953,141.075393254431,138.04634099404652,140.37187163149707,89056700
2021-10-01,139.38497924804688,139.64880358400276,135.9260103602956,138.65214546670163,94639600
2021-10-04,135.95533752441406,138.9550779570537,135.10525501528176,138.5153657120816,98322000
2021-10-05,137.88026428222656,138.98440552812323,136.17031841410787,136.2973477353653,80861100
2021-10-06,138.7498779296875,138.8964387383312,135.20295726507902,136.27778622694314,83221100
2021-10-07,140.01036071777344,140.9190825580318,139.45341467529775,139.78562915042673,61732700
2021-10-08,139.6292724609375,140.87997439192273,139.2970580219821,140.73341358342566,58773200
2021-10-11,139.5413360595703,141.49555969160025,138.56422424355534,139.0137022391212,64452200
2021-10-12,138.27105712890625,139.97123668009885,137.81181348420836,139.95169027343047,73035900
2021-10-13,137.68482971191406,138.163604960137,136.01396194464323,138.00727840066958,78762700
2021-10-14,140.46958923339844,140.58685278975153,138.27108764845218,138.85736070158842,69907100
2021-10-15,141.52488708496094,141.5835114147044,140.2253264406504,140.47938508226497,67940300
2021-10-18,143.19573974609375,143.47909561279081,139.88333128324254,140.1666871499396,85589200
2021-10-19,145.35511779785156,145.75573713641117,143.19570948817753,143.6451724796259,76378900
2021-10-20,145.8437042236328,146.32249438069462,144.72979735027167,145.29652399244392,58418800
2021-10-21,146.0586700439453,146.21501151275598,144.48551942420278,145.40400691653662,61421000
2021-10-22,145.2867431640625,146.74263007605518,145.23788459644618,146.26385487822307,58883400
2021-10-25,145.23789978027344,145.95118723150932,144.24124155296286,145.27697769272697,50720600
2021-10-26,145.90232849121094,147.38752756365847,145.5994113354405,145.91209424092938,60893400
2021-10-27,145.443115234375,146.30296358535784,145.0913543468451,145.94143694606547,56094900
2021-10-28,149.07797241210938,149.66423061689264,146.29319748336883,146.39091463893837,100077900
2021-10-29,146.37135314941406,146.5081482073945,143.0589446865979,143.85040287273776,124953200
2021-11-01,145.55056762695312,146.2736207539483,144.4171144592604,145.57987978563986,74588300
2021-11-02,146.58631896972656,148.10084526807523,145.24766564186768,145.25744630214584,69122000
2021-11-03,148.0226593017578,148.49166875101167,146.39088452432864,146.94783044977856,54511500
2021-11-04,147.50482177734375,148.94116258076141,147.1921388068415,148.11062639576105,60394600
2021-11-05,148.03317260742188,148.9334254421716,146.83935549516048,148.6300811635526,65463900
2021-11-08,147.2112274169922,148.31697989696048,146.93723803048172,148.16041026715402,55020900
2021-11-09,147.57327270507812,148.17996131979666,146.8393694074151,146.97636409239348,56787900
2021-11-10,144.7453155517578,146.9078907486886,144.67682566721112,146.8002509889988,65187100
2021-11-11,144.69635009765625,146.22286636426517,144.5104255646951,145.76296742917557,41000000
2021-11-12,146.77088928222656,147.1720784304826,144.31474986015922,145.24435777936998,63804000
2021-11-15,146.7806854248047,148.620341460146,146.22291165316477,147.14273967083543,59222800
2021-11-16,147.75918579101562,148.23867461686362,146.1348097014568,146.72193826652372,59256200
2021-11-17,150.1957550048828,151.67334153749616,147.7494107865361,147.75919078814144,88807000
2021-11-18,154.4817657470703,155.2645990140686,149.7652210699027,150.411059635024,137827700
2021-11-19,157.10423278808594,157.56414670764048,153.17050700157068,154.26646446197273,117305600
2021-11-22,157.5641326904297,162.14368161224743,157.54455775714948,158.209956175684,117467900
2021-11-23,157.94577026367188,158.3273993610191,155.64620074677185,157.6619859753906,96041900
2021-11-24,158.46441650390625,158.66012108108276,156.2137765381209,157.29995411244806,69463600
2021-11-26,153.44451904296875,157.00639624695634,153.00417999336176,156.1452930856568,76959800
2021-11-29,156.80091857910156,157.73052659848017,155.38202667808307,155.94958045222978,88748200
2021-11-30,161.7522735595703,161.9675530331192,156.4877363212738,156.556241122539,174048100
2021-12-01,161.23362731933594,166.64493847511625,160.9987729451416,163.88545557069736,152052500
2021-12-02,160.245361328125,160.6759203936693,154.41328379839803,155.3331118145511,136739200
2021-12-03,158.36656188964844,161.41961013164072,156.29206642790317,160.49978216462458,118023100
2021-12-06,161.7718963623047,164.27695105253582,160.75420856233345,160.7639885662799,107497000
2021-12-07,167.506103515625,167.89752761795768,164.72705957992557,165.4511829707639,120405400
2021-12-08,171.32240295410156,172.18352101189242,167.03640253357247,168.43571937748263,116998900
2021-12-09,170.81356811523438,172.95656843850207,170.18730447599066,171.15606234208923,108923700
2021-12-10,175.59861755371094,175.77476213435622,170.94078267392138,171.4496265464153,115402700
2021-12-13,171.96824645996094,178.22110269969062,171.76274694249355,177.2327699190323,153237000
2021-12-14,170.5885009765625,173.92531854630914,168.51400556372403,171.48875398461132,139380400
2021-12-15,175.4518280029297,175.6475325738547,168.611843504033,171.35175229088827,131063300
2021-12-16,168.56289672851562,177.25231617436867,167.08531019517628,175.43223547777242,150185800
2021-12-17,167.46694946289062,169.74694420568176,166.0480727156741,166.2829122189755,195432700
2021-12-20,166.10682678222656,166.91901512025265,163.865981314703,164.66837471661833,107499100
2021-12-21,169.27725219726562,169.48273676499653,165.49030091905374,167.87793543850688,91185900
2021-12-22,171.87037658691406,172.08565609490324,168.45527432954148,169.32617236411534,92135300
2021-12-23,172.4966278076172,173.0544014741378,171.50831008728667,172.07586375572322,68356600
2021-12-27,176.45973205566406,176.54779687853835,173.26970404402934,173.28926405046633,74919600
2021-12-28,175.4420166015625,177.4382418590108,174.69833332933095,176.293354548695,79144300
2021-12-29,175.53012084960938,176.75329313798875,174.3167285642682,175.48119097181373,62348900
2021-12-30,174.3754119873047,176.6945564474762,174.26777224500728,175.6181590245021,59773000
2021-12-31,173.7589569091797,175.38331824017646,173.45559766181222,174.2677857929612,64062300
2022-01-03,178.10366821289062,178.9550062933326,173.89596741451703,174.0133871781769,104487900
2022-01-04,175.84324645996094,179.01371442958575,175.27569272230144,178.71037008888723,99310400
2022-01-05,171.16583251953125,176.3031560396219,170.89184312629723,175.7551772531539,94537600
2022-01-06,168.30850219726562,171.53767993498516,167.95622799076347,168.99347567343597,96904000
2022-01-07,168.474853515625,170.40257420223315,167.35932100577125,169.17940193566972,86709100
2022-01-10,168.4944305419922,168.79777487885306,164.56070430318124,165.4511773077938,106765600
2022-01-11,171.32240295410156,171.4202477771128,167.15383722500894,168.62164395189677,76138300
2022-01-12,171.7626953125,173.37727630082253,171.06794201208896,172.3400288846834,74805200
2022-01-13,168.4944305419922,172.82934594142114,168.10300645305696,172.00737775161056,84505800
2022-01-14,169.3555450439453,170.05029852382498,167.4180294399018,167.66266389110206,80440800
2022-01-18,166.1557159423828,168.83689986985863,165.77408681023036,167.82900716362772,90956700
2022-01-19,162.66233825683594,167.40825267441707,162.37856885772902,166.35143003303915,94815000
2022-01-20,160.979248046875,166.03828667936338,160.65632878123083,163.3962376065405,91420500
2022-01-21,158.92430114746094,162.76016689126735,158.81666141018044,160.89115642180548,122848900
2022-01-24,158.1512908935547,158.8167044309835,151.3798104055977,156.58563920962845,162294600
2022-01-25,156.35076904296875,159.26680751652682,153.65001008067688,155.56793581393717,115798400
2022-01-26,156.26266479492188,160.86178832446035,154.4328043421836,159.99089049638027,108275300
2022-01-27,155.8027801513672,160.3236197319786,154.88295228679408,158.9634528706825,121954600
2022-01-28,166.67434692382812,166.69392186078738,159.30595841103175,162.15350702087153,179935700
2022-01-31,171.02883911132812,171.24411862639118,165.87194061535732,166.5079991576081,115541600
2022-02-01,170.86248779296875,171.08754730875657,168.61184784118433,170.2753591337895,86213900
2022-02-02,172.06610107421875,172.10525095182186,169.6099763158955,170.99949834473722,84914300
2022-02-03,169.1891632080078,172.45749049022623,168.42590499267487,170.7352545735362,89418100
2022-02-04,168.9050750732422,170.5805134014752,167.22963674500915,168.20942139418403,82465400
2022-02-07,168.18980407714844,170.4335039135459,167.4941505320522,169.36554243968104,77251200
2022-02-08,171.29571533203125,171.80520742660315,167.96443926792173,168.25837758980256,74829200
2022-02-09,172.7164306640625,173.07894618735656,171.36432311182244,172.49108438879807,71285000
2022-02-10,168.64053344726562,171.93261055270034,168.08206395678414,170.61970267650963,90865900
2022-02-11,165.23086547851562,169.58111126110254,164.64298876993468,168.8462728505392,98670700
2022-02-14,165.46600341796875,166.1518495458794,163.19289630795137,163.98651932384257,86185500
2022-02-15,169.29696655273438,169.45373566949445,166.80832036305304,167.5137664381475,62527400
2022-02-16,169.0618133544922,169.83583650795123,166.612352178537,168.37596721528965,61177400
2022-02-17,165.46600341796875,168.43474911832254,165.06428820364812,167.57253401447812,69589300
2022-02-18,163.9179229736328,167.09241466512012,162.83036175887298,166.38698369504047,82772700
2022-02-22,160.99819946289062,163.32028399061443,158.87205389872815,161.64484588368407,91162800
2022-02-23,156.83412170410156,162.7911986729469,156.52058346872764,162.19352949330056,90009200
2022-02-24,159.4501495361328,159.5579264390306,148.9272576589058,149.49553451506446,141147500
2022-02-25,161.51748657226562,161.78201763247694,157.61793335879435,160.52789462372328,91974200
2022-02-28,161.78201293945312,162.07595128148682,159.14639022474867,159.76365924798694,95056600
2022-03-01,159.9008331298828,163.23210951924372,158.69570233786408,161.37050993245586,83474400
2022-03-02,163.19287109375,163.9767015261093,159.65584916238132,161.06674095056368,79724800
2022-03-03,162.8695831298828,165.49541352335572,162.203336805619,165.06430592514928,76678400
2022-03-04,159.87144470214844,162.20333673673338,158.82308299816066,161.16476749621853,83737200
2022-03-07,156.07968139648438,161.6840502038395,155.82492784594277,160.05760426701897,96418800
2022-03-08,154.25732421875,159.58735602351385,152.65047771440175,155.60943205240358,131148300
2022-03-09,159.65586853027344,160.1065759424101,156.187438255504,158.21558423430952,91454900
2022-03-10,155.31544494628906,157.14763719865718,152.82678391494153,156.9614757494235,105342000
2022-03-11,151.60205078125,156.06007322521145,151.37670453340775,155.71714267170483,96970100
2022-03-14,147.57513427734375,151.0043799732345,147.06565710961667,148.38835719355112,108732100
2022-03-15,151.95477294921875,152.42508026860065,147.33999637401098,147.84947354452075,92964300
2022-03-16,156.3638153076172,156.76553056777536,151.3375306500096,153.8751690879972,102300200
2022-03-17,157.37298583984375,157.7453087439647,154.44343967423552,155.40362432397723,75615400
2022-03-18,160.6650848388672,161.15497717032517,156.53039236533564,157.2652308625226,123511700
2022-03-21,162.03675842285156,162.98715054298916,159.71465909153343,160.20455132045697,95811400
2022-03-22,165.4072265625,165.9950882926474,161.5762655771906,162.164127307338,81532000
2022-03-23,166.76913452148438,169.15000379737148,164.2608735199057,164.5940116285297,98062700
2022-03-24,170.55111694335938,170.61969409297694,166.769147690774,167.60195565228418,90131400
2022-03-25,171.1879425048828,171.73661941189775,169.2577659174967,170.3649271443604,80546200
2022-03-28,172.0501251220703,172.1774869119362,168.52289574267635,168.68945727582528,90371900
2022-03-29,175.34222412109375,175.39120138120336,172.77517880756406,173.11810933027303,100589400
2022-03-30,174.17630004882812,175.979099995584,173.12792342578476,174.94053078604693,92633200
2022-03-31,171.0802001953125,174.43106194071976,170.87443883843048,174.24490046314256,103049300
2022-04-01,170.7862091064453,171.34469336684182,168.4641249613338,170.51187068214196,78751300
2022-04-04,174.83274841308594,174.8817406281064,170.9136104166494,171.0409871856376,76468400
2022-04-05,171.52105712890625,174.695564012496,170.89399570193683,173.9117334912033,73401800
2022-04-06,168.35635375976562,170.1199686542609,166.69072328453476,168.87563829115544,89058800
2022-04-07,168.66009521484375,169.85543344405016,166.41639539463952,167.69991063657648,77594700
2022-04-08,166.65158081054688,168.30741939304966,165.77957300057145,168.30741939304966,76575500
2022-04-11,162.39930725097656,165.61299973690032,162.1543610861938,165.29947642014864,72246700
2022-04-12,164.2706756591797,166.4359910689201,163.27129126604743,164.62339868320723,79265200
2022-04-13,166.95526123046875,167.5823226689275,163.39865390857594,164.00611547230426,70618900
2022-04-14,161.9485626220703,167.80768430539896,161.70361651341247,167.17081545269417,75329400
2022-04-18,161.73304748535156,163.23211669383912,160.2633706181813,160.60628625032533,69023900
2022-04-19,164.01593017578125,164.42745284930518,160.59649161266293,161.68405307765963,67723800
2022-04-20,163.84933471679688,165.4659878847408,162.74218855364813,165.3484035950485,67929800
2022-04-21,163.0557403564453,168.06243992326603,162.55605562621574,165.49540922825548,87227800
2022-04-22,158.51931762695312,164.47640880332085,158.23518671810965,163.09492410815207,84882400
2022-04-25,159.58729553222656,159.87142644375086,155.25665006996203,157.8628653370747,96046400
2022-04-26,153.63021850585938,159.0582182667308,153.55183394880203,158.9700412464134,95623200
2022-04-27,153.40489196777344,156.55978483050606,152.2389458259476,152.75823050166923,88063200
2022-04-28,160.3319854736328,161.19420088926515,155.71719244720217,156.03073076209745,130216800
2022-04-29,154.4630126953125,162.84017274008735,154.0711048951049,158.5683119363977,131747600
2022-05-02,154.7667694091797,155.03130046543404,150.17157761678854,153.54203875876948,123055300
2022-05-03,156.2560272216797,157.46117291588328,153.15991957685017,154.95291204808,88966500
2022-05-04,162.663818359375,163.11451083359574,156.040465917951,156.4421811299961,108256500
2022-05-05,153.60086059570312,160.76308477987206,151.81764516116996,160.5377384717739,130525300
2022-05-06,154.32691955566406,156.44636712680793,151.2851189689877,153.0807608024048,116124600
2022-05-09,149.20492553710938,152.90414437032265,148.6456356183626,152.02103374851995,131577900
2022-05-10,151.6089324951172,153.79707304983472,150.05859659800515,152.59997843272657,115366700
2022-05-11,143.7493133544922,152.53126499841446,143.0722664113859,150.61788122808568,142689800
2022-05-12,139.88331604003906,143.45497143936288,136.19391853080884,140.08937970466798,182602000
2022-05-13,144.3478546142578,145.31927170624107,140.42295884876623,141.87516608975716,113990900
2022-05-16,142.8072967529297,144.75013054118412,141.47283186557183,142.817118572608,86643800
2022-05-17,146.43789672851562,146.95794432736452,143.92595034164182,146.06502676243824,78336300
2022-05-18,138.17599487304688,144.59319436014727,137.27325546059197,144.09277542323014,109742900
2022-05-19,134.77113342285156,139.00020681352638,134.03521536260072,137.2536291483144,136095600
2022-05-20,135.00660705566406,138.05821430560903,130.12011571020568,136.47844306099526,137426100
2022-05-23,140.42298889160156,140.5701665253798,135.06549843768857,135.20286921997902,117726300
2022-05-24,137.72462463378906,139.30439614103204,134.7515166065387,138.16617251433556,104132700
2022-05-25,137.881591796875,139.12773541661255,135.7425158289754,135.83082238994155,92482700
2022-05-26,141.08038330078125,141.62986633656274,134.56505664226245,134.81036263839988,90601500
2022-05-27,146.83035278320312,146.86959515379783,142.53258704704527,142.6601509529846,90978500
2022-05-31,146.04537963867188,147.8312145429356,144.08293159739236,146.2710719434681,103718400
2022-06-01,145.91781616210938,148.89092345071006,144.9071417470177,147.08546005363647,74286600
2022-06-02,148.37091064453125,148.42978169809749,144.10257959347064,145.05436821890447,72348100
2022-06-03,142.65037536621094,145.19174238635256,141.74765092180013,144.14182533230215,88570300
2022-06-06,143.39608764648438,145.78046996633253,142.17936438712687,144.2693764860653,71598400
2022-06-07,145.91781616210938,146.20236451194296,141.3943732786537,141.63967925937843,67808200
2022-06-08,145.18191528320312,147.05604181726716,144.6913032640919,145.79026939576806,53950200
2022-06-09,139.96180725097656,145.17210490927135,139.85387199936835,144.31844471982856,69473000
2022-06-10,134.55526733398438,138.11710068108783,134.48657445941151,137.6461172993445,91437900
2022-06-13,129.4038543701172,132.6615109809625,128.97211331960065,130.37525676148604,122207100
2022-06-14,130.26730346679688,131.3760914682962,129.01133784221852,130.63036655754385,84784300
2022-06-15,132.88717651367188,134.7613181921413,129.67858439406757,131.76858160626196,91533000
2022-06-16,127.61800384521484,129.90425779121338,126.61715107258264,129.60008071626916,108123900
2022-06-17,129.08982849121094,130.58129318016776,127.37268647196602,127.62781429709099,134520300
2022-06-21,133.31890869140625,134.48656772231706,130.8167993077871,130.91491273074396,81000500
2022-06-22,132.80870056152344,135.17343948860204,131.395735327504,132.2592024365102,73409200
2022-06-23,135.67385864257812,135.9878425646897,133.0834276529192,134.25108671150673,72433800
2022-06-24,139.00018310546875,139.24548908371264,137.14567050883647,137.273219436367,89116800
2022-06-27,139.00018310546875,140.7958246628887,138.3231362099494,140.0206493871563,70207900
2022-06-28,134.8594512939453,140.7271675936439,134.7417091855751,139.46139501178652,67083400
2022-06-29,136.61582946777344,138.02879459026983,134.1038981265762,134.87907356263912,66242400
2022-06-30,134.15298461914062,135.77199869053038,131.2583759906255,134.6730322892134,98964500
2022-07-01,136.3214569091797,136.4293921589786,133.11286488498627,133.48571986150768,71051600
2022-07-05,138.902099609375,138.9511638153359,134.3590266331402,135.18326636531972,73353800
2022-07-06,140.2365264892578,141.41399224615117,138.43107799720204,138.6960126584971,74064300
2022-07-07,143.60214233398438,143.79838414491758,140.58977738452884,140.59958423477383,66253700
2022-07-08,144.27915954589844,144.77959333061295,142.27746932390713,142.5325821547398,64547800
2022-07-11,142.14993286132812,143.88670373849325,141.08040216848238,142.93491514840724,63141600
2022-07-12,143.12135314941406,145.66272006961017,142.32656399441228,143.02322474684678,77588800
2022-07-13,142.75833129882812,143.70029825885086,139.45159516871811,140.30527050583888,71185600
2022-07-14,145.6823272705078,146.15331059436355,140.56033683517074,141.37475454509644,78140700
2022-07-15,147.3504180908203,148.02746510063992,145.4174054581408,146.96774129904725,76259900
2022-07-18,144.30865478515625,148.72416382298212,143.94559163866427,147.90974591488566,81420900
2022-07-19,148.16485595703125,148.3905333334654,144.1516525247905,145.14268358851726,82982400
2022-07-20,150.16653442382812,150.83377461851506,147.5466677906739,148.28258588894056,64823400
2022-07-21,152.4331817626953,152.6490522792443,149.08720372847873,151.59913522400217,65086600
2022-07-22,151.1968231201172,153.34570636779952,150.5295978961148,152.47241748797757,66675400
2022-07-25,150.0782012939453,152.1289557716175,149.4207830391442,151.11829629325123,53623900
2022-07-26,148.75360107421875,150.2156156125121,147.96861868617,149.40119769498725,55138700
2022-07-27,153.84613037109375,154.37599980512033,149.30307266450654,149.7151850174758,78620700
2022-07-28,154.3955841064453,154.6801324449434,151.5107834924773,154.03252108827954,81378700
2022-07-29,159.45872497558594,160.55770616166393,156.50524578988953,158.21258113398608,101786900
2022-08-01,158.47750854492188,160.5184565925083,157.86915435741844,157.98689646537588,67829400
2022-08-02,157.0056610107422,159.36060780651525,156.63280603827062,157.0939825576486,59907000
2022-08-03,163.01075744628906,163.4621121282082,157.73176722636683,157.82007379818262,82507500
2022-08-04,162.69679260253906,164.05088687619767,161.34269832888046,162.89303446062004,55474100
2022-08-05,162.47076416015625,162.96205765324038,160.16167874542583,160.3680286094797,56697000
2022-08-08,161.99911499023438,164.88792318870864,161.34078349494277,163.47299550022427,60276900
2022-08-09,162.0482635498047,162.9326009401167,160.40734488370262,161.16394115258205,63135500
2022-08-10,166.2930450439453,166.39129475740782,163.99377985120265,164.76019658442047,70170500
2022-08-11,165.55612182617188,168.01258981282774,165.26134266915503,167.0987759253846,57149200
2022-08-12,169.10324096679688,169.1720142653812,166.45024387983412,166.86294364369544,68039400
2022-08-15,170.17428588867188,170.370800337354,168.36632897185018,168.53336700288455,54091700
2022-08-16,170.0170440673828,170.6852110892498,168.67090454328755,169.77139729331643,56377100
2022-08-17,171.51055908203125,173.08268924248625,169.56504107416526,169.76155547008622,79542000
2022-08-18,171.1175079345703,171.85444813238172,170.10544459568962,170.72447915963892,62290100
2022-08-19,168.53334045410156,170.71468497495962,168.32699056998192,170.01704154998163,70346300
2022-08-22,164.65216064453125,166.9022789589245,164.22964031018344,166.73524091751474,69026800
2022-08-23,164.31800842285156,165.77224787707962,163.74810620318166,164.1706263803019,54147100
2022-08-24,164.61280822753906,165.1827105189657,163.35509799580043,164.40647334198977,53841500
2022-08-25,167.06927490234375,167.17736007756102,165.41853585512217,165.84104108991514,51218200
2022-08-26,160.77085876464844,168.0714870002958,160.7119059513814,167.5998495010736,78961000
2022-08-29,158.56988525390625,160.06340660842702,157.03705202563728,158.34387946257124,73314000
2022-08-30,156.1428985595703,159.72933499269527,154.9736176696823,159.30682979347176,77906200
2022-08-31,154.48231506347656,157.78380767810359,154.4037063115704,157.51850501455607,87991100
2022-09-01,155.20945739746094,155.66143904544523,151.97673759886456,153.91243529158203,74229900
2022-09-02,153.09689331054688,157.56766760419046,152.2715237467297,156.9682888748041,76957800
2022-09-06,151.8391876220703,154.3546082697241,151.01381803326322,153.74540904842692,73714800
2022-09-07,153.24429321289062,153.9419216691413,150.93520749298594,152.1241445003408,87449600
2022-09-08,151.77040100097656,153.6373103822705,150.02138227376568,151.94725947173376,84923800
2022-09-09,154.62974548339844,155.07192172535514,152.0553717736149,152.76283576903634,68028800
2022-09-12,160.58419799804688,161.39974706706778,156.52612358553827,156.81106723949068,104956000
2022-09-13,151.16119384765625,157.7445243311509,150.69937671737435,157.1156691952697,122656600
2022-09-14,152.6055908203125,154.3644300184662,150.9351958505273,152.0946413613245,87965400
2022-09-15,149.716796875,152.53683214610933,148.7440452074938,151.95709434204855,90481100
2022-09-16,148.07586669921875,148.71455728301882,145.78643705402317,148.57699569456918,162278800
2022-09-19,151.79005432128906,151.86866309017464,146.50374580326707,146.71008070263835,81474200
2022-09-20,154.1679229736328,155.32738364566532,150.41444773199837,150.72886783406594,107689800
2022-09-21,151.0432586669922,155.97584907691603,150.92535303740462,154.60021842835445,101696800
2022-09-22,150.080322265625,151.780193333908,148.28218651419172,149.72659039660394,86652500
2022-09-23,147.81056213378906,148.8324610577634,145.97312915554878,148.55733788432917,96029900
2022-09-26,148.14463806152344,151.09239889982268,147.0343100146429,147.05396595162924,93339400
2022-09-27,149.117431640625,152.0258964191408,147.33895116498724,150.08037791467922,84442700
2022-09-28,147.23086547851562,148.016938253305,142.3179293774459,145.06917659266318,146691400
2022-09-29,139.99899291992188,144.16516723784525,138.2303333041484,143.55596808972413,128138200
2022-09-30,135.79354858398438,140.60823487907734,135.59703414181732,138.819918971248,124925300
2022-10-03,139.96951293945312,140.57872706512543,135.2924042908768,135.80335372086685,114311700
2022-10-04,143.5559844970703,143.67389015390162,141.74801279814906,142.50460908002574,87830100
2022-10-05,143.8507537841797,144.81369999304195,140.51978392175167,141.5613389023429,79471000
2022-10-06,142.89761352539062,144.970872598081,142.6912786611767,143.27100136570334,68402200
2022-10-07,137.65061950683594,140.60821619318722,137.02176437961742,140.05795483791823,85925600
2022-10-10,137.97486877441406,139.4192729060871,136.15709176712548,137.97486877441406,74899000
2022-10-11,136.5599365234375,138.88867789955424,135.8131758038938,137.4639147607023,77033700
2022-10-12,135.93109130859375,137.91592138284778,135.75423283314072,136.70734348798558,70433700
2022-10-13,140.50010681152344,141.08964995811803,132.03019750307845,132.63941157890508,113224000
2022-10-14,135.9704132080078,142.00349764686453,135.78371925254498,141.79714775053986,88598000
2022-10-17,139.9302215576172,140.41167960335844,137.82748592791265,138.61355854500806,85250900
2022-10-18,141.2468719482422,144.14550040873658,138.1615495711484,142.95657861316172,99136600
2022-10-19,141.35494995117188,142.42596605805213,139.03604430161235,139.22273820875563,61758300
2022-10-20,140.89317321777344,143.3496411342512,140.16605331698352,140.52962076392365,64522000
2022-10-21,144.70556640625,145.27546856585172,140.16600506406664,140.3821753657461,86548600
2022-10-24,146.84762573242188,147.6140424012265,143.45770354454174,144.62698448602487,75981900
2022-10-25,149.6873321533203,149.83472923085242,146.7592264620596,147.47651092815792,74732300
2022-10-26,146.74937438964844,149.34340346890698,145.4621728259598,148.33134005875115,88194300
2022-10-27,142.2786102294922,146.45460526216635,141.6202786941001,145.49167413504986,109180200
2022-10-28,153.02810668945312,154.75745443354808,145.24601935139384,145.6193922207591,164762400
2022-10-31,150.66990661621094,151.55424402730603,149.27463469355658,150.49304812984573,97943200
2022-11-01,148.02671813964844,152.74313850206963,146.53319676946654,152.37958612806426,80379300
2022-11-02,142.5045928955078,149.5202635488904,142.47511648464766,146.35633217647393,93604600
2022-11-03,136.46170043945312,140.31344004952294,136.33395931941936,139.58632020230726,97918500
2022-11-04,136.1959686279297,140.4182534262788,132.25910018387182,139.84740569973505,140814800
2022-11-07,136.72743225097656,136.95379796987663,133.52872680415337,134.94600177423487,83374600
2022-11-08,137.29823303222656,139.1977641014015,135.31996282295734,138.19387385559912,89908500
2022-11-09,132.74134826660156,136.36327480735815,132.46576869499577,136.31406095143706,74917800
2022-11-10,144.5519256591797,144.5519256591797,137.29825219484707,139.0107949405163,118854000
2022-11-11,147.3372802734375,147.64238513720315,142.0914019190675,143.5185285677149,93979700
2022-11-14,145.93971252441406,147.90814675324938,145.10312196997452,146.61882473623606,73374100
2022-11-15,147.67190551757812,151.16587871608763,146.21526862726066,149.81750629168315,89868300
2022-11-16,146.44161987304688,147.50457588314197,144.96529458424104,146.77626501882386,64218300
2022-11-17,148.34117126464844,149.0891706966127,143.84329285652703,144.11887238503797,80389400
2022-11-18,148.90220642089844,150.28995621048665,147.6030475887024,149.90611212166033,74829600
2022-11-21,145.67396545410156,147.99671837716943,145.3885491071394,147.79004119922186,58724100
2022-11-22,147.80970764160156,148.04592513732047,144.6110022662971,145.7920747269315,51804100
2022-11-23,148.6856689453125,149.43366845656658,146.98296272757275,147.09122719796105,58301400
2022-11-25,145.77236938476562,146.53022062215993,144.79798922240155,145.96920976620405,35195900
2022-11-28,141.94378662109375,144.32559012136235,141.11704788902577,142.8492645206864,69246000
2022-11-29,138.94190979003906,142.5244590100729,138.13485967272496,142.01266197350824,83763800
2022-11-30,145.6936492919922,146.37276146207836,138.33170993361605,139.16828541868128,111380900
2022-12-01,145.96922302246094,146.7762881829984,144.29605710134743,145.87081033178356,71250400
2022-12-02,145.4771270751953,145.66413072697534,143.35121453595042,143.6563344518848,65447400
2022-12-05,144.31573486328125,148.53801893223152,143.4693076933105,145.43774157529282,68826400
2022-12-06,140.65444946289062,144.9751613197971,139.68006926529813,144.74879562385667,64727200
2022-12-07,138.71556091308594,141.10720126498546,137.79039443330282,139.9458322919547,69721100
2022-12-08,140.39857482910156,141.25485398858248,138.87305021328396,140.11315845458282,62128300
2022-12-09,139.91629028320312,143.27247380855323,138.67616726979998,140.09344213199822,76097000
2022-12-12,142.2095184326172,142.21935519606154,138.8336463442299,140.44776160871248,70462700
2022-12-13,143.17404174804688,147.6030180487257,141.9634590975565,147.14043487810696,93886200
2022-12-14,140.94972229003906,144.3452679150581,138.9320744491566,143.05594605605327,82291200
2022-12-15,134.3456268310547,139.5619801804679,133.88304361781863,138.88286801559113,98931900
2022-12-16,132.38702392578125,135.47746472052233,131.61933586337778,134.5326248058533,160156900
2022-12-19,130.28079223632812,133.0661279935264,129.24737645818792,132.97755207276447,79592600
2022-12-20,130.2119140625,131.14691722297425,127.83994745250583,129.31627297471567,77432800
2022-12-21,133.3122100830078,134.6507460089221,130.65482677922608,130.881192518899,85928000
2022-12-22,130.1429901123047,132.43621717922085,128.24345879689446,132.2295400503929,77852100
2022-12-23,129.7788543701172,130.33001348787815,127.59389142616514,128.8536879861786,63814900
2022-12-27,127.97774505615234,129.33596942535033,126.68842309082302,129.30644411453827,69007800
2022-12-28,124.05070495605469,128.96194542125178,123.88338987714543,127.62340977201893,85438400
2022-12-29,127.56434631347656,128.42061016578208,125.71402134183822,125.96991231594082,75703700
2022-12-30,127.87930297851562,127.89899152283257,125.41876807644428,126.38330400552722,77034200
2023-01-03,123.09602355957031,128.8340031338152,122.21022673136561,128.22379338136977,112117500
2023-01-04,124.36566162109375,126.62936374107429,123.10586505340991,124.88729543343348,89113600
2023-01-05,123.04682922363281,125.75342648367807,122.79093816187682,125.12352808569513,80962700
2023-01-06,127.57418823242188,128.2336117453076,122.91884655664052,124.02117217456781,87754700
2023-01-09,128.09580993652344,131.30436630158056,127.83991897613902,128.4107665197256,70790800
2023-01-10,128.6667022705078,129.18833615231142,126.09789493911427,128.20411901412172,63896200
2023-01-11,131.38314819335938,131.402821722743,128.40097153395064,129.17849644752224,69458900
2023-01-12,131.30441284179688,132.14098840377943,129.36550386584642,131.76699610111268,71379600
2023-01-13,132.633056640625,132.7905349401524,129.5819934315568,129.9461488585014,57809700
2023-01-17,133.7944793701172,135.12316348796887,132.01304876349633,132.70199775252627,63646600
2023-01-18,133.0759735107422,136.42230495988363,132.8988066595986,134.66056331872014,69672800
2023-01-19,133.13504028320312,134.0995687562006,131.65871475561192,131.96381962844052,58280400
2023-01-20,135.69400024414062,135.84164181281548,132.10161400912494,133.14488168206822,80223600
2023-01-23,138.88287353515625,141.0579999020067,135.72353008280902023-01-24,140.28045654296875,140.90051809732327,138.0856567013407,138.0954934654877,66435100
2023-01-25,139.62103271484375,140.18202862963406,136.61916767862735,138.6663409653264,65799300
2023-01-26,141.68789672851562,141.9733130723702,139.66039693887691,140.91035682918778,54105100
2023-01-27,143.6267852783203,144.9062704324847,140.82177572822627,140.90051489349364,70555800
2023-01-30,140.7430419921875,143.2527985417942,140.59541543784155,142.6721140707524,64015300
2023-01-31,142.0126495361328,142.0618633846007,140.03437897857034,140.4477482733763,65874500
2023-02-01,143.13465881347656,144.29604258311244,139.0895417079852,141.69771052689384,77663600
2023-02-02,148.43960571289062,148.7939093931277,145.831421817907,146.5498959772077,118339000
2023-02-03,152.06153869628906,154.8960886893848,145.496812581912,145.6936529941079,154357300
2023-02-06,149.33526611328125,150.6836538403975,148.4002628109197,150.1620199448286,69858300
2023-02-07,152.20916748046875,152.7800151967711,148.26246234257331,148.26246234257331,83322600
2023-02-08,149.52223205566406,152.14025265616812,148.78406936876726,151.45130381865607,64120100
2023-02-09,148.48883056640625,151.89422837459855,148.0459358705389,151.3529059605557,56007100
2023-02-10,148.85350036621094,149.1787896150462,147.0890690307683,147.32564713198113,57450700
2023-02-13,151.65298461914062,152.0571182724141,148.7648180243575,148.79438841262413,62199000
2023-02-14,151.01229858398438,151.5741661946545,148.70571743057644,149.94771919605148,61707600
2023-02-15,153.1118621826172,153.279432747917,150.696851620169,150.923562968411,65573800
2023-02-16,151.51498413085938,154.09756497312395,151.16012443154224,151.3178281549916,68167900
2023-02-17,150.37155151367188,150.81512239489066,148.69583093968438,150.17441057100683,59144100
2023-02-21,146.35968017578125,149.1394173925265,146.29068760704538,148.05511953332274,58867200
2023-02-22,146.7835235595703,147.80866542554767,145.0585140913541,146.74408634882758,51011300
2023-02-23,147.26654052734375,148.19311959888688,145.13739706863274,147.946689634791,48394200
2023-02-24,144.6149139404297,145.08805508727195,143.639046224237,145.0091957226506,55469600
2023-02-27,145.8076629638672,147.039812645864,145.34437348016522,145.60067024018994,44998500
2023-02-28,145.30496215820312,146.95111245136155,144.73324285815977,144.9501024216552,50547000
2023-03-01,143.2349395751953,145.1275197577975,142.93922063146897,144.73323786008925,55479000
2023-03-02,143.82638549804688,144.6149643784106,141.8450789930105,142.31823534576338,52238100
2023-03-03,148.87327575683594,148.9521351539883,145.22611512366896,145.92596783194648,70732300
2023-03-06,151.63330078125,154.06803024605406,151.26858921507775,151.59386356059247,87558000
2023-03-07,149.4351043701172,151.83039589059405,148.9718149331636,151.50510660246357,56182000
2023-03-08,150.68698120117188,151.278419098267,149.66183922588297,150.62784041964048,47204800
2023-03-09,148.43954467773438,152.33313497413033,148.08468493947933,151.3671337581158,53833600
2023-03-10,146.37939453125,148.78455331931613,145.50210448552664,148.0649820559655,68572400
2023-03-13,148.3212432861328,150.95311305935627,145.59079552733544,145.69922529511118,84457100
2023-03-14,150.41098022460938,151.209410853691,147.95654755608294,149.11968969699433,73695900
2023-03-15,150.80523681640625,151.06151848034872,147.7790706295072,149.03093864826403,77167900
2023-03-16,153.62440490722656,154.22569446185167,149.4745187940127,149.98709719489494,76161100
2023-03-17,152.78652954101562,154.50168696477587,152.07681026503803,153.85110845498198,98944600
2023-03-20,155.15228271484375,155.5662982460434,151.94869352566715,152.85556893212473,73641400
2023-03-21,157.00546264648438,157.1237442200261,154.3045847371103,155.0734600878072,73938300
2023-03-22,155.57615661621094,159.82460651427928,155.5564380089166,157.0251659140942,75701800
2023-03-23,156.6604461669922,159.24304236266408,155.428296373163,156.56188320802048,67622100
2023-03-24,157.96157836914062,158.0502895303303,155.59585715875076,156.59142861861952,59196500
2023-03-27,156.01974487304688,158.47419284355544,155.6155961034445,157.65604352005258,52390300
2023-03-28,155.39874267578125,156.22675885726497,153.75259217928735,155.71418027651652,45992200
2023-03-29,158.47418212890625,158.75018247951246,157.07446176772007,157.09416533498404,51305700
2023-03-30,160.04147338867188,160.14990317241256,158.96704237580855,159.22332411879057,49501700
2023-03-31,162.5452117919922,162.64378980216873,159.59791880296052,160.12034916693244,68749800
2023-04-03,163.79705810546875,163.91533966892132,161.87490749491164,161.92419649331373,56976200
2023-04-04,163.2647705078125,164.45748300799937,162.75219201536794,164.22091988909426,46278300
2023-04-05,161.42144775390625,162.69303455117807,159.489445623491,162.38746386000238,51511700
2023-04-06,162.3086395263672,162.60435849941234,159.6866210280676,160.11047335808198,45390100
2023-04-10,159.7161407470703,159.7161407470703,157.793990593468,159.11485120764732,47716900
2023-04-11,158.50375366210938,160.0414742096721,158.21788648492154,160.03162242596915,47644200
2023-04-12,157.81373596191406,159.7457382241708,157.49829842634344,158.9177372546322,50133100
2023-04-13,163.19573974609375,163.43231787231758,159.11486107428212,159.32186881483895,68445600
2023-04-14,162.8507843017578,163.94493394539444,161.48063430124813,162.23962776220338,49386500
2023-04-17,162.87045288085938,163.02817163401676,161.68759231395518,162.73245273206868,41516200
2023-04-18,164.0927734375,165.01935243982652,163.2844759960185,163.72806193096773,49923000
2023-04-19,165.2362060546875,165.7586363174907,163.17604035173306,163.43233711220313,47720200
2023-04-20,164.2701873779297,165.47276665465435,163.1957564794937,163.71818673436218,52456400
2023-04-21,162.66348266601562,164.07305473489896,162.14105238473394,162.69305305620966,58337300
2023-04-24,162.9690704345703,163.2352190150396,161.54963139325648,162.64378106752824,41949600
2023-04-25,161.4313201904297,163.93504162144998,161.3918829793584,162.83104036567903,48714100
2023-04-26,161.42144775390625,162.91974586384254,160.47516529354857,160.73144699304368,45498800
2023-04-27,166.0050506591797,166.15290259103057,162.83103216774902,162.83103216774902,64902300
2023-04-28,167.2569122314453,167.42449781718415,165.48262879614657,166.08391841749662,55275900
2023-05-01,167.16819763183594,168.0159171618742,166.23176694003394,166.86262693627947,52472900
2023-05-02,166.1331787109375,167.917343863649,165.14745908753102,167.6610471353951,48425700
2023-05-03,165.05877685546875,168.47922575134587,164.77292473257992,167.07950544573387,65136000
2023-05-04,163.42247009277344,164.65461977543495,161.96360907995128,162.535328337613,81235400
2023-05-05,171.09140014648438,171.81097141948842,168.32151475691046,168.53837432535954,113453200
2023-05-08,171.02239990234375,171.36740787815765,169.65224986499234,170.0169614090474,55962800
2023-05-09,169.3170928955078,171.06180609803263,169.14952233576255,170.57881302608763,45326900
2023-05-10,171.08154296875,171.5448325237521,169.44524432941884,170.54926084220077,53724500
2023-05-11,171.26882934570312,172.09683043603525,169.71139012861647,171.36740735017244,49514700
2023-05-12,170.3409423828125,171.8116866019269,168.79121464447562,171.3773676163626,45533100
2023-05-15,169.847412109375,170.97268634600138,169.2551561693846,170.92332917405315,37266700
2023-05-16,169.847412109375,170.903583292935,169.58089543020992,169.76844364659667,42110300
2023-05-17,170.45938110351562,170.6962714054677,168.21869827349877,169.49204389326178,57951600
2023-05-18,172.78892517089844,172.97647339745131,170.35082834910114,170.76540150488879,65496700
2023-05-19,172.8974609375,174.11156880350413,172.6803014737671,174.11156880350413,55809500
2023-05-22,171.9498748779297,172.4532969038887,171.20956254487746,171.73271538863227,43570900
2023-05-23,169.343994140625,171.140492823502,169.06761204505847,170.89372201948225,50747300
2023-05-24,169.620361328125,170.19287135053577,168.3174194294986,168.88004898113246,45143500
2023-05-25,170.75552368164062,171.65375792303627,169.47231254318322,170.18301363335365,56058300
2023-05-26,173.1639862060547,173.49960591702484,170.87396117733175,171.08125526170468,54835000
2023-05-30,175.0098419189453,176.67801481811213,174.28927545149398,174.67423726963298,55964400
2023-05-31,174.9604949951172,177.03337571367211,174.4768188110026,175.03946345752533,99625300
2023-06-01,177.76382446289062,177.79343575638538,174.64463768002023-06-01,177.76380920410156,177.79342049505456,174.64462268903534,175.40468096744894,68901800
2023-06-02,178.61268615722656,179.4319669478336,176.94451328757913,178.69165461361322,61996900
2023-06-05,177.26040649414062,182.56103856696868,175.74028990045602,180.27101332814428,121946500
2023-06-06,176.8952178955078,177.79345231801273,175.1381956348758,177.64539583674735,64848400
2023-06-07,175.5231170654297,178.86932803839457,175.0295755351299,176.13510374325992,61944600
2023-06-08,178.2376251220703,178.50412674833163,175.1677956906412,175.60209965770608,50214900
2023-06-09,178.62257385253906,179.8761586114367,178.29683460490384,179.15559212759166,48900000
2023-06-12,181.416015625,181.51472997018058,178.63244881890137,178.92857679274874,54274900
2023-06-13,180.94223022460938,181.77137654932005,180.08347260699438,180.43882318354116,54929100
2023-06-14,181.57395935058594,182.00827838693002,179.66889592317074,181.00144926283193,57462900
2023-06-15,183.60736083984375,184.1107829667957,181.40616927858855,181.58385210624687,65433200
2023-06-16,182.53143310546875,184.57470266619666,181.88983501651188,184.31805138125782,101256200
2023-06-20,182.6202392578125,183.69617128575536,182.0279984336963,182.0279984336963,49799100
2023-06-21,181.5838623046875,183.01513017043268,180.23154785378478,182.5117080152066,49515700
2023-06-22,184.58457946777344,184.63393664574576,181.29759022920584,181.36669329070625,51245300
2023-06-23,184.26870727539062,185.13734541827677,182.62027993546528,183.1533133637622,53117000
2023-06-26,182.8769073486328,185.6209974197008,182.83741558637178,184.4167547195407,48088700
2023-06-27,185.630859375,185.9565986299679,183.27173119056016,183.48889069387212,50730800
2023-06-28,186.8054962158203,187.44709427325768,185.17681495512898,185.50253915791174,51216800
2023-06-29,187.14109802246094,187.61490879718235,186.49949997485513,186.63769101872532,46347300
2023-06-30,191.46450805664062,191.96791501002735,188.78950625721086,189.15473724224137,85213200
2023-07-03,189.97406005859375,191.37571654835668,189.28308969373236,191.27700219289193,31458200
2023-07-05,188.85862731933594,190.48730854754436,188.15779163185775,189.09553270560195,46920300
2023-07-06,189.3324432373047,189.53973735512338,186.7561552507634,187.38788795320247,45094300
2023-07-07,188.21701049804688,190.1813114167851,187.7827065576724,188.9375920522482,46815000
2023-07-10,186.1737518310547,187.53593138541007,184.62402407003376,186.8153498480431,59922200
2023-07-11,185.65061950683594,186.85486227702734,184.18974051380027,186.71667122446578,46638100
2023-07-12,187.31878662109375,189.22385000348103,186.03557542450565,187.22993768452707,60750200
2023-07-13,188.07879638671875,188.7204094016861,187.3286186962453,188.03931969214307,41342300
2023-07-14,188.22691345214844,188.71057462083735,187.18060758311253,187.77284851528793,41616200
2023-07-17,191.48426818847656,191.81000743962883,189.33241906132668,189.421252931179,50520200
2023-07-18,191.2276153564453,191.81987127398517,189.93453883356673,190.85253399958415,48288200
2023-07-19,192.57992553710938,195.6694855056854,190.1615598085878,190.60575926840173,80507300
2023-07-20,190.63539123535156,193.9322456468904,190.01352397351403,192.57006595398724,59581200
2023-07-21,189.4607391357422,192.4515998266043,188.75990348350925,191.59284231983003,71951700
2023-07-24,190.26028442382812,192.3923877240068,189.76674282999198,190.9117629424984,45377800
2023-07-25,191.11903381347656,191.92844922240585,190.4280786239598,190.83278632842445,37283200
2023-07-26,191.9876708984375,193.112945076557,190.82292002182845,191.16839008411552,47471900
2023-07-27,190.72421264648438,194.65279947329122,190.06286872536143,193.48804855415668,47460200
2023-07-28,193.30052185058594,194.09019149232068,191.63234868611636,192.15550162315532,48291400
2023-07-31,193.91250610351562,193.9519978690126,192.73787459795656,193.52754422924545,38824100
2023-08-01,193.08335876464844,194.1888872056883,192.7576194786216,193.70522604358104,35175100
2023-08-02,190.09249877929688,192.6589062555568,189.37193220630533,192.52071519961737,50389300
2023-08-03,188.70068359375,189.8851803589987,188.22688789998924,189.09552588996192,61235200
2023-08-04,179.63926696777344,184.9596445164711,179.57016391801557,183.12366926443607,115956800
2023-08-07,176.5398406982422,180.7645556934903,175.0592158617292,179.77747246914834,97576100
2023-08-08,177.4775390625,177.9414693105031,175.2862134413724,177.36895932229305,67823000
2023-08-09,175.8883819580078,178.59298065772126,174.7236157900662,178.53375806746422,60378500
2023-08-10,175.67120361328125,178.41529378720278,175.30598763799586,177.16169386807627,54686900
2023-08-11,175.73048400878906,176.55087114534,174.50485775151037,175.26594233781003,52036700
2023-08-14,177.38116455078125,177.60849603671858,175.2560608313475,175.90841909398483,43675600
2023-08-15,175.39443969726562,177.40092323969566,174.99907927707545,176.8078826094104,43622600
2023-08-16,174.52464294433594,176.47180884084688,174.45544657600635,175.07815356283987,46964900
2023-08-17,171.9844207763672,175.4537562487029,171.47044012349116,175.08804707675128,66062900
2023-08-18,172.46873474121094,173.07166917955516,169.96804315644715,170.30410101859755,61172200
2023-08-21,173.80308532714844,174.08973444525807,171.7274205434044,173.0420157807921,46311900
2023-08-22,175.17697143554688,175.62175563939851,174.2083279343983,175.00894251773767,42038900
2023-08-23,179.02195739746094,179.44698425379124,176.26428252624584,176.4520840384358,52722800
2023-08-24,174.3368377685547,179.0021629998802,173.97111355320405,178.57713623123834,54945800
2023-08-25,176.54100036621094,177.07473842454561,173.78332608108835,175.3252527852027,51449600
2023-08-28,178.10272216796875,178.49808262553688,176.48172016068384,178.00387451255935,43820700
2023-08-29,181.98716735839844,182.75813070921157,177.4206898063463,177.61837000977968,53003900
2023-08-30,185.4762725830078,185.67396786591692,182.5999932338842,182.79767343476072,60813900
2023-08-31,185.69374084472656,186.92926105598286,185.30825914209595,185.66408956621913,60794500
2023-09-01,187.2653350830078,187.7199980774023,186.09899615427736,187.29498636168424,45766500
2023-09-05,187.50253295898438,187.77928826308653,185.4367469097816,186.09898389331408,45280000
2023-09-06,180.79119873046875,186.66239298088038,179.3678770840619,186.21759365485326,81755800
2023-09-07,175.503173828125,176.1456533918577,171.52973657694065,173.15073850258275,112488800
2023-09-08,176.115966796875,178.15211655476327,175.7304851357375,176.2840107997074,65551300
2023-09-11,177.2823028564453,178.21141635408188,175.2856982178241,177.98408488615974,58953100
2023-09-12,174.2577667236328,178.043402311121,172.79491507430095,177.4108165912451,90370200
2023-09-13,172.1920166015625,175.24621946137145,171.9646699851227,174.46536210966954,84267900
2023-09-14,173.70428466796875,174.06011513653888,171.56930185654795,171.9844348895405,60895800
2023-09-15,172.9827117919922,174.45545734300367,171.80650919609533,174.43568479625586,109259500
2023-09-18,175.90841674804688,177.30208708635865,174.1292647291417,174.43567131089117,67257600
2023-09-19,176.9956817626953,177.54919237650395,175.07815207769175,175.46363376102514,51826900
2023-09-20,173.45716857910156,177.61839243619755,173.3681996565953,177.1834868845125,58436200
2023-09-21,171.9152069091797,174.25776334751873,171.846025624082,172.5280351536478,63149100
2023-09-22,172.7652587890625,175.02874030453424,172.03384046276338,172.64665367280514,56725400
2023-09-25,174.04029846191406,174.91998813589507,172.13264765845275,172.18207147695253,46172700
2023-09-26,169.9680633544922,173.17052232124786,169.6715354659317,172.79493440563715,64588900
2023-09-27,168.45578002929688,171.035547133612372023-09-28,168.7127685546875,170.03724268196555,165.6783234920371,167.37840061261642,56294400
2023-09-29,169.22674560546875,171.06520035560507,168.36681324873706,170.02736032081233,51861100
2023-10-02,171.73731994628906,172.2809518891447,168.9499789385755,169.2366280911879,52164500
2023-10-03,170.40293884277344,171.618701570729572023-10-03,170.40293884277344,171.61870157072957,168.84125459232132,170.26456118455488,49594600
2023-10-04,171.64833068847656,172.19196251916273,168.9894891655102,169.10809426237566,53020300
2023-10-05,172.8838653564453,173.41760341955526,170.67968657288918,171.77682905786853,48527900
2023-10-06,175.43399047851562,175.92819856079907,171.17390414032383,171.78673241813826,57266700
2023-10-09,176.91661071777344,176.9759132731787,173.76356081110382,174.76185568517045,42390800
2023-10-10,176.32354736328125,177.6381425852869,175.88864186643335,176.03691333055846,43698000
2023-10-11,177.7172088623047,177.76663268122664,175.5426965680271,176.13573714899445,47551100
2023-10-12,178.61668395996094,180.227791982292,176.96601576479657,177.98409824545533,56743100
2023-10-13,176.7782440185547,179.82255265296823,176.0764618780152,179.31846581874476,51427100
2023-10-16,176.6497344970703,177.0055649122618,174.46532818230494,174.70255348644375,52517000
2023-10-17,175.09791564941406,176.35320838797153,172.77514673671925,174.60370757241088,57549400
2023-10-18,173.80308532714844,175.52293478970745,173.08154578913502,173.54610256783715,54764400
2023-10-19,173.4275360107422,175.77995662188818,173.16065937849837,174.00080421032325,59302900
2023-10-20,170.8773956298828,173.3879661145723,170.64017031492207,173.27923973046956,64244000
2023-10-23,170.9959716796875,171.9942664316387,167.96152725501383,168.93018581492106,55980100
2023-10-24,171.430908203125,171.6582397062376,169.46395453488128,171.04542648826694,43816600
2023-10-25,169.11801147460938,171.0552987076063,168.67321213575732,169.88897487497013,57157000
2023-10-26,164.95677185058594,169.39476582537458,163.75090293239452,168.3964558542296,70625300
2023-10-27,166.27139282226562,167.00282632096764,164.89749475508086,164.9765698697002,58499100
2023-10-30,168.3173828125,169.18719386762373,166.91383366211736,167.06210513671374,51131000
2023-10-31,168.7918243408203,168.92030818010912,165.9550598323106,167.38827526603964,44846000
2023-11-01,171.95474243164062,172.2117251766134,168.14933458405196,169.01914553939386,56934900
2023-11-02,175.51304626464844,175.72060519042475,173.42748778366638,173.48679033388817,77334800
2023-11-03,174.60369873046875,174.77174274032964,171.34193765305042,172.22162738228718,79829200
2023-11-06,177.15382385253906,177.35150406781844,174.16881791314302,174.33684685023218,63841300
2023-11-07,179.71383666992188,180.32664987384885,176.89684453064555,177.10440348202485,70530000
2023-11-08,180.77142333984375,181.32493395317235,179.4864793691692,180.23768527185777,49340300
2023-11-09,180.29698181152344,181.98716487212562,179.7039261272927,180.84061367506283,53763500
2023-11-10,184.48348999023438,184.65175539538808,181.6430032262288,182.07848170612579,66133400
2023-11-13,182.8999481201172,184.11729742228064,182.31601793716675,183.9094650326421,43627500
2023-11-14,185.5128173828125,186.17592689168708,184.38453902262373,185.7701387274506,60108400
2023-11-15,186.07693481445312,187.55162053928348,185.84930383072194,185.91859136162876,53790500
2023-11-16,187.75946044921875,188.99660829200764,186.7103463929358,187.62090049490251,54412900
2023-11-17,187.7396697998047,188.42257785422723,186.63119011836693,188.29390964052354,50922700
2023-11-20,189.48158264160156,189.93685974559065,187.92773262314063,187.93762437034974,46505100
2023-11-21,188.6798858642578,189.55084275358138,187.78914548337832,189.44197314241592,38134500
2023-11-22,189.343017578125,190.94635649331246,188.8679569924961,189.52117473642568,39617700
2023-11-24,188.0167999267578,188.93723076179566,187.30420149232032,188.90754041885276,24048300
2023-11-27,187.838623046875,188.7095799535061,186.95777439426936,187.9672912540552,40552600
2023-11-28,188.44236755371094,189.11538388382388,187.45264920500045,187.82874701011957,38415400
2023-11-29,187.42295837402344,190.11499348364924,187.02707707633283,188.93722623545,43014200
2023-11-30,187.9969482421875,188.36315420490985,186.25504983984993,187.8880786481727,48794400
2023-12-01,189.2737274169922,189.59042941044567,187.2843840288066,188.37308016671426,45704800
2023-12-04,187.48233032226562,188.09596593756666,185.52269231677565,188.02667840765253,43389500
2023-12-05,191.4313201904297,192.40123993854135,188.22462732075607,188.25433276481266,66628400
2023-12-06,190.34263610839844,192.75753614335477,190.1347886146608,192.45072587794942,41089700
2023-12-07,192.27259826660156,192.9950884718347,191.59958189996593,191.63917909312914,47477700
2023-12-08,193.69775390625,193.97487379172213,191.67872033849463,192.20326977184553,53406400
2023-12-11,191.19378662109375,191.50061200003438,189.45188773429211,191.12451418849048,60943700
2023-12-12,192.70806884765625,192.71796059458774,189.7488055095461,191.09482308550778,52696900
2023-12-13,195.9246368408203,195.96421892707963,192.8466123940007,193.08413511536142,70404200
2023-12-14,196.07310485839844,197.567574144968,194.14315707722483,195.98403383047588,66831600
2023-12-15,195.53866577148438,196.36011872958818,194.9745190512041,195.4990685795855,128538400
2023-12-18,193.87591552734375,194.60831249977454,192.39133809002112,194.0738561652729,55751900
2023-12-19,194.91514587402344,194.9250376214273,193.87593852424982,194.14316672319833,40714100
2023-12-20,192.82681274414062,195.64750075817219,192.82681274414062,194.87552171417178,52242800
2023-12-21,192.6783447265625,195.0536776254948,191.51048442189503,194.08375795359612,46482500
2023-12-22,191.60946655273438,193.40085423729087,190.98593919883143,193.17320815773428,37149600
2023-12-26,191.06515502929688,191.89651492562427,190.847415756177,191.6193949601818,28919300
2023-12-27,191.1641082763672,191.51051576683653,189.1252907315366,190.51090559150927,48087700
2023-12-28,191.58966064453125,192.65855816674446,191.18387253758047,192.14390044821914,34049900
2023-12-29,190.5504608154297,192.40122918172025,189.758683164504,191.9063700376295,42672100
2024-01-02,183.73129272460938,186.50250680575422,181.99928581163158,185.2257618242656,82488700
2024-01-03,182.35562133789062,183.9688672168001,181.5440449736598,182.32593099304364,58414500
2024-01-04,180.03965759277344,181.2075179249861,179.0202489631632,180.27718031693732,71983600
2024-01-05,179.31716918945312,180.88092604513352,178.31755906038765,180.11885376441708,62379700
2024-01-08,183.65213012695312,183.6917273170526,179.63387614033877,180.21780632812883,59144500
2024-01-09,183.2364501953125,183.24634194188326,180.85122540618832,182.0289926299427,42841800
2024-01-10,184.275634765625,184.48346713133998,182.02897021466416,182.45455689524942,46792900
2024-01-11,183.68182373046875,185.12681915669637,181.73207738578324,184.62205313633504,49128400
2024-01-12,184.00840759277344,184.81998377301193,183.28591752878404,184.14696753794814,40477800
2024-01-16,181.74197387695312,182.36548612847807,179.0697224204938,180.28708678689063,65603000
2024-01-17,180.80174255371094,181.04917214343425,178.44622312883942,179.40625114511818,47317400
2024-01-18,186.69058227539062,187.1953332109462,183.9193677995691,184.17668914088887,78005800
2024-01-19,189.59042358398438,189.97641309339812,186.87860527237555,187.3833561379468,68903000
2024-01-22,191.89646911621094,193.3216657993532,190.28322355100102,190.32282073770045,60133900
2024-01-23,193.1732177734375,193.73736447446063,191.83710707958323,193.01487431695855,42355600
2024-01-24,192.5001983642578,194.36087349468033,192.3418398208385,193.41073733606618,53631300
2024-01-25,192.17359924316406,194.2520137003454,191.124500268323,193.21280647175473,54822100
2024-01-26,190.4416046142578,192.75754194727924,189.9665440310004,192.2725896171282,44594000
2024-01-29,189.75869750976562,190.22386634852867,187.63080907007364,190.03581744325376,47145600
2024-01-30,186.1066436767578,189.82799457367844,12024-01-31,182.50405883789062,185.17631048108575,182.45458500160478,185.11691469411622,55467800
2024-02-01,184.93875122070312,185.02782223798647,181.93001441121828,182.0982647000541,64885400
2024-02-02,183.93917846679688,185.4039575322669,177.40703070953327,178.01075956316492,102551700
2024-02-05,185.7503204345703,187.304185390554442024-02-05,185.7503204345703,187.30418539055444,183.9292424150712,186.21548923655902,69668800
2024-02-06,187.3536834716797,187.36357521832525,184.8496972971495,184.93876832266957,43490800
2024-02-07,187.46253967285156,189.08567701882757,186.6707620426896,188.67988890685803,53439000
2024-02-08,186.38375854492188,187.59120098390878,185.42373058041275,187.44274927884152,40962000
2024-02-09,187.1468048095703,188.2765227675386,186.30446474496694,186.9485964735415,45155200
2024-02-12,185.4621124267578,186.96840797825126,185.10535861511914,186.72066269575697,41781900
2024-02-13,183.37115478515625,184.53061609699293,181.85495475727518,184.0945819491523,56529500
2024-02-14,182.48919677734375,183.85675578337245,180.79462725534452,183.64865818230027,54630500
2024-02-15,182.20179748535156,182.82612045767794,179.71444020641266,181.89459574378543,65434500
2024-02-16,180.66578674316406,183.18288755084293,180.03155935687485,181.76577652013776,49752500
2024-02-20,179.92257690429688,180.7847258659811,178.37664837113516,180.15049838773075,53665600
2024-02-21,180.6757049560547,181.24055639365764,179.03067248659073,180.2991272502037,41371400
2024-02-22,182.70718383789062,183.29187418944446,180.81442139510878,181.825211247954,52292200
2024-02-23,180.87391662597656,183.37117869088894,180.58652357235425,183.3414504606763,45119700
2024-02-26,179.52613830566406,181.11169898060157,179.02072827105397,180.5963996998619,40867400
2024-02-27,180.98291015625,182.26126931281985,177.94059046680667,179.46671005654383,54318900
2024-02-28,179.7838134765625,181.46847854843006,178.50545433930714,180.8639793914523,48953900
2024-02-29,179.11985778808594,180.92345088953732,177.9108594746495,179.63517226295397,136682600
2024-03-01,178.03970336914062,178.90185225837237,175.78026722267666,177.93069482167198,73563100
2024-03-04,173.52081298828125,175.30456703921072,172.22261492332544,174.56133114426578,81510100
2024-03-05,168.58572387695312,170.48840604509627,168.0902332564625,169.21995126633416,95132400
2024-03-06,167.59474182128906,169.69563232435493,167.15870765798908,169.5172478388351,68587700
2024-03-07,167.475830078125,169.1902233947002,166.97043508778398,167.62447121611535,71765100
2024-03-08,169.1902313232422,172.13344696276567,167.41638146834518,167.47583792632756,76267000
2024-03-11,171.19200134277344,172.8073055285168,170.49831753088682,171.3802901891083,60139500
2024-03-12,171.66769409179688,172.46048219171502,169.4677142970823,171.58841376968752,59825400
2024-03-13,169.58663940429688,171.62805851944387,169.2199660307435,171.21184817645832,52488700
2024-03-14,171.4397430419922,172.73792596009017,170.49831395125625,171.35055836544484,72913500
2024-03-15,171.06317138671875,171.06317138671875,168.75418335618096,169.62625165850892,121752700
2024-03-18,172.15328979492188,176.10731101942866,171.95509653941357,173.98661143101995,75604200
2024-03-19,174.49197387695312,175.01719271038215,171.46947815172825,172.76766112194616,55215200
2024-03-20,177.05860900878906,177.05860900878906,173.51089450186836,174.1352174960067,53423100
2024-03-21,169.82444763183594,175.8892630091755,169.29922879245808,175.45322885093574,106181300
2024-03-22,170.7262420654297,171.48930183291895,168.52626256417108,170.21092760104455,71160100
2024-03-25,169.3091278076172,170.38929358279395,167.92174518816086,169.03165430796025,54288300
2024-03-26,168.17945861816406,169.87402832990531,168.0506261984825,168.4668365684045,57388400
2024-03-27,171.74696350097656,172.0343565405087,168.57582642397568,168.87312383270142,60273300
2024-03-28,169.93345642089844,170.67669234048742,168.97220342186947,170.20102558587905,65672700
2024-04-01,168.4965362548828,169.70553455748254,167.9514935576168,169.6460781034487,46240500
2024-04-02,167.31727600097656,167.81276664190898,166.71277681419204,167.5551169522469,49329500
2024-04-03,168.1199493408203,169.14065873561202,167.05960735256843,167.26770493028647,47691700
2024-04-04,167.2974395751953,170.36947196785653,167.2974395751953,168.75416790697062,53704400
2024-04-05,168.0506134033203,168.85330584999502,167.4262903353845,168.06051777285862,42104800
2024-04-08,166.9307861328125,167.67402205960258,166.72268854116854,167.50555706407098,37425500
2024-04-09,168.13980102539062,168.54610700117138,166.8317135282985,167.17854792228746,42373800
2024-04-10,166.266845703125,167.56502882108228,165.60289002910008,167.27765088979615,49709300
2024-04-11,173.4613494873047,173.87757491447604,166.64340884278624,166.8217782077108,91070300
2024-04-12,174.95773315429688,176.75140669942581,172.63884078505302,172.68837774790788,101670900
2024-04-15,171.13255310058594,175.0370216134587,170.94426424521788,173.77847120218846,73531800
2024-04-16,167.85240173339844,172.19288913903023,166.7524119884344,170.20102235595408,73711200
2024-04-17,166.4848175048828,169.11091125634266,166.4848175048828,168.08029761081812,50901200
2024-04-18,165.5334930419922,167.11906901091456,165.0479219314042,166.51456987389489,43122900
2024-04-19,163.51190185546875,164.89926951971245,162.6002009445124,164.7109957890585,68149400
2024-04-22,164.34432983398438,165.75152141981465,163.28398774037723,164.0272236912775,48116400
2024-04-23,165.39479064941406,165.5434469330526,163.43265169903057,163.85878156671623,49537800
2024-04-24,167.4956512451172,167.77312477902248,164.71099641624178,165.03800691456527,48251800
2024-04-25,168.3577880859375,169.07129572836638,166.63347542987228,168.00103426472305,50558300
2024-04-26,167.77313232421875,169.79472746518425,167.65420428921547,168.34790327634968,44838400
2024-04-29,171.93524169921875,174.44242297655094,171.53885525962073,171.80640930182136,68169400
2024-04-30,168.79383850097656,173.41181476528868,168.46681287321124,171.76678225756265,65934800
2024-05-01,167.77313232421875,171.1523820898212,167.58484346320657,168.05060587060277,50383100
2024-05-02,171.469482421875,171.8559644998941,169.34878317714927,170.95416794412498,94214900
2024-05-03,181.7261505126953,185.313497878847,181.01264278710423,184.9666483851495,163224100
2024-05-06,180.0712127685547,182.53874644704828,178.79283846563771,180.70544017490002,78569700
2024-05-07,180.7549591064453,183.2324120279765,179.68471275097576,181.79549235772294,77305800
2024-05-08,181.09190368652344,181.41892928578648,179.81352951475225,181.20091221961113,45057100
2024-05-09,182.9053955078125,182.99458018096053,180.46757526022824,180.9135137471405,48983000
2024-05-10,181.6451416015625,183.669478466616,180.73220418072017,183.48093424482693,50759500
2024-05-13,184.85035705566406,185.6640710757596,183.2030934113359,184.01680743143146,72044800
2024-05-14,185.9915313720703,186.8548647149755,184.8602810891409,186.07091921634225,52393600
2024-05-15,188.26394653320312,189.18680174226395,185.93197615275656,186.46784026394417,70400000
2024-05-16,188.38304138183594,189.6333810173086,188.2044300863017,189.00821119957226,52845200
2024-05-17,188.41281127929688,189.34559954047234,187.72810435814964,188.0555735439889,41282900
2024-05-20,189.5738525390625,190.4471038045087,187.55943303128691,187.87698445206195,44361300
2024-05-21,190.87379455566406,191.2508679069906,189.45476137627725,189.62345487533878,42309400
2024-05-22,189.4348907470703,191.34016861791716,188.80973611420333,190.79438668312676,34648500
2024-05-23,185.44578552246094,189.53416154393335,185.19770415918353,189.51431079519944,51005900
2024-05-24,188.52195739746094,189.11735863774422,186.59684388111853,187.37087155015982,36327000
2024-05-28,188.53189086914062,191.5187845976106,187.64872194997955,190.04021443649896,52280100
2024-05-29,188.82957458496094,190.7745388343773,188.05556206266323,188.15480064928906,53068000
2024-05-30,189.82191467285156,190.70508365256933,189.16699143181853,189.29598343446253,49889100
2024-05-31,190.77455139160156,191.09210277636024,188.45251367186646,189.9707702687458,75158300
2024-06-03,192.54087829589844,193.49351725389894,191.04247253185534,191.41954585254337,50080500
2024-06-04,192.85842895507812,193.82098571162214,191.54855228534223,193.14619663099631,47471400
2024-06-05,194.3667755126953,195.38886948576234,193.37445009094603,193.9003813531384,54156800
2024-06-06,192.98744201660156,194.99194358986873,192.679823561343,194.1881624282746,41181800
2024-06-07,195.37893676757812,195.42855606321456,192.65004206608782,193.1561225415401,53103900
2024-06-10,191.63787841796875,195.78580650726497,190.67532155851157,195.3888672580803,97010200
2024-06-11,205.5601806640625,205.57011360777915,192.14395345618084,192.16378906024917,172373300
2024-06-12,211.43475341796875,218.51002232587345,205.3120931521647,205.7784872423207,198134300
2024-06-13,212.59576416015625,215.08649505325084,209.97602614095345,213.09192677850285,97862700
2024-06-14,210.85923767089844,213.51866257545944,209.678367977573,212.2088008716011,70122700
2024-06-17,215.0071258544922,217.2696263789355,211.08744385812574,211.73244926121387,93728300
2024-06-18,212.64540100097656,216.95210469802018,211.36530791117931,215.92007781385274,79943300
2024-06-20,208.07077026367188,212.59578653831548,207.24715355520107,212.28815296354617,86172500
2024-06-21,205.89759826660156,210.26382387597764,205.5205097773767,208.77533580800622,241805100
2024-06-24,206.5426025390625,211.06760381745957,205.00449518251241,206.12582769938734,80727000
2024-06-25,207.46546936035156,209.75773850908567,207.0089930344414,207.54484206411715,55549700
2024-06-26,211.61338806152344,213.2110325348534,209.0234182045521,209.87681864015101,66213200
2024-06-27,212.45684814453125,214.0842609953053,210.72027890747495,213.0423164247351,49772700
2024-06-28,209.00355529785156,214.41174043740799,208.68601906723538,214.1140398112984,82542700
2024-07-01,215.08653259277344,215.84069445328046,210.29359904602236,210.46229254870087,60402900
2024-07-02,218.57949829101562,218.68865467979296,213.4491783018458,214.49110775455017,58046200
2024-07-03,219.8496856689453,219.8496856689453,217.34902153194005,218.31157833867707,37369800
2024-07-05,224.6029052734375,224.71206166235044,219.94889718329503,219.94889718329503,60412400
2024-07-08,226.07154846191406,226.1013170084402,221.53661474646515,225.3471401186269,59085900
2024-07-09,226.92495727539062,227.63943274976205,224.63268810415036,226.180713251394,48076100
2024-07-10,231.1919403076172,231.29117889263895,227.49057123987387,227.54019053238477,62627700
2024-07-11,225.82350158691406,230.6065022056456,224.0373128145247,229.61417679228308,64710600
2024-07-12,228.7706756591797,230.8545649156238,226.92494993371525,227.16311346469493,53046500
2024-07-15,232.6010284423828,235.40931066737232,231.30108481047094,234.66506674299396,62631300
2024-07-16,233.01785278320312,234.4567215545301,230.54695713829173,233.19646408342908,43234300
2024-07-17,227.12344360351562,229.6836449661141,224.9006292447048,227.6890612108438,57345900
2024-07-18,222.45950317382812,228.67146993188885,220.5641731481692,228.51269423226466,66034600
2024-07-19,222.58851623535156,225.05941202320642,221.56642224710646,223.09461189863717,49151500
2024-07-22,222.24118041992188,226.03185518490554,221.37784711424985,225.2677604657143,48201800
2024-07-23,223.28311157226562,225.19830728583617,220.97099179310993,222.64802398231987,39960300
2024-07-24,216.86279296875,223.0747598557794,215.46362561910502,222.28089648286087,61777600
2024-07-25,215.82081604003906,219.1550293615974,212.9728323822056,217.2497516278374,51391200
2024-07-26,216.28724670410156,217.80550332568987,214.35220009781358,217.02155779536062,41601300
2024-07-29,216.56507873535156,217.61694112977094,214.09418328948692,215.29490356378676,36311800
2024-07-30,217.1207733154297,218.63902977566391,214.4613337033208,217.50777956722112,41643800
2024-07-31,220.37562561035156,222.10227724921992,218.93675681546986,219.74053796301214,50036300
2024-08-01,216.6841583251953,222.7571844619209,215.35444602521784,222.64802807062824,62501000
2024-08-02,218.1726531982422,223.86860618805187,216.0391597412521,217.46809553371503,105568600
2024-08-05,207.6639404296875,211.8614726265992,194.4957781490091,197.562059997048,119548600
2024-08-06,205.6395721435547,208.3783997216886,199.52685967053256,203.72439154098564,69660500
2024-08-07,208.20970153808594,212.00037630720823,204.80601788828693,205.31209833985366,63516400
2024-08-08,211.67291259765625,212.5560815310077,207.22729938249148,211.47445056104476,47161100
2024-08-09,214.58042907714844,215.1162780786914,210.3431957915856,210.47220292637738,42201600
2024-08-12,216.1103973388672,218.07747160820446,214.1929998012183,214.65993379251097,38028100
2024-08-13,219.82598876953125,220.44193777769505,217.58072790378117,217.58072790378117,44155300
2024-08-14,220.27304077148438,221.5744891931242,218.2662191901357,219.13055181670978,41960600
2024-08-15,223.25344848632812,223.87934187315213,221.30623303799138,223.1342364732981,46414000
2024-08-16,224.5747833251953,225.34969177239586,222.19043681447837,222.45867901826594,44340200
2024-08-19,224.41583251953125,224.51518597934856,221.58442566604344,224.2469437652095,40687800
2024-08-20,225.0317840576172,225.68748051768907,223.97870407222223,224.29662301984854,30299000
2024-08-21,224.92250061035156,226.4921913011218,223.58131984717622,225.04172779494317,34765500
2024-08-22,223.06471252441406,226.84984597984075,222.43881906323927,226.30343225653021,43695300
2024-08-23,225.359619140625,226.7306179936649,222.8660050723941,224.18732719786422,38677300
2024-08-26,225.69740295410156,225.79675641202357,222.4288803537143,225.28014571740593,30602200
2024-08-27,226.54188537597656,227.35654136968387,223.4223774795666,224.52513427640764,35934600
2024-08-28,225.0119171142578,228.35991942602843,224.20719049274723,226.43257756563742,38052200
2024-08-29,228.29037475585938,231.39995310375193,227.3863249726349,228.59836441740794,51906300
2024-08-30,227.50552368164062,228.89638108151303,225.9954391052015,228.68776005113654,52990800
2024-09-03,221.31619262695312,227.50553099413642,219.7266282681139,227.05847075546578,50190600
2024-09-04,219.40872192382812,220.33264539565292,216.06070449558098,220.2134333758585,43840200
2024-09-05,220.92874145507812,224.00850159902006,220.07435325324454,220.1836359939166,36615400
2024-09-06,219.37892150878906,223.7700744804958,218.33577084564575,222.4884846157397,48423000
2024-09-09,219.4683380126953,219.82598924771256,215.2957503769675,219.37892899374344,67180000
2024-09-10,218.67355346679688,220.03460793809228,215.31560663834654,217.49131703149231,51591000
2024-09-11,221.20692443847656,221.63411098197892,216.4680492147489,220.01475867053273,44587100
2024-09-12,221.31619262695312,222.09110108310472,218.38544755210194,221.04795042006705,37455600
2024-09-13,221.04794311523438,222.57788625371046,220.461797151476,222.12089674811224,36766600
2024-09-16,214.9082794189453,215.80239985733417,212.52393298456082,215.12682972853557,59357400
2024-09-17,215.37522888183594,215.4845116318028,213.10018001697546,214.34202255786693,45519300
2024-09-18,219.24977111816406,221.25659276615585,216.12031904206836,216.13026348358338,59894900
2024-09-19,227.37637329101562,228.32018565098164,223.16405353373213,223.52170475455895,66781300
2024-09-20,226.71075439453125,231.56884144729943,226.1345376792504,228.46920754640476,318679900
2024-09-23,224.99203491210938,227.95258288382507,224.336338501163,225.8563523524968,54146000
2024-09-24,225.8861541748047,227.8532433973514,224.2568575968381,227.15779954496355,43556100
2024-09-25,224.8927001953125,225.80669443859438,222.55804543582803,223.462095237407,42308700
2024-09-26,226.03521728515625,227.00881759745033,223.9389864593978,225.81665178414175,36636700
2024-09-27,226.3034210205078,228.02214184296878,225.8166284941723,226.9690618971705,34026000
2024-09-30,231.4794464111328,231.4794464111328,228.15130238402674,228.53875664504176,54541900
2024-10-01,224.73374938964844,228.15128705136544,222.2798675150603,228.02214574584622,63285000
2024-10-02,225.30003356933594,225.8861795938886,221.56457676904253,224.41584231153624,32880600
2024-10-03,224.197265625,225.3298253274289,221.8626109260752,223.67072564154154,34044200
2024-10-04,225.3199005126953,226.5120662505933,222.66732681912907,226.41271278943105,37245100
2024-10-07,220.24322509765625,224.2171205854488,219.8855738973866,223.0348842523572,39505400
2024-10-08,224.29661560058594,224.5052366387564,221.79305702807565,222.83620769655573,31855700
2024-10-09,228.04200744628906,228.25064364916537,223.36275355639287,223.7601370790405,33591100
2024-10-10,227.5452880859375,228.0022928156644,225.6874964769055,226.2935162493635,28183500
2024-10-11,226.0649871826172,227.9128492283195,225.85635099522128,227.8035664938185,31759200
2024-10-14,229.79055786132812,230.21774443953993,227.1081808757056,227.207519188233,39882100
2024-10-15,232.3238983154297,235.9401430278398,230.85354589755886,232.08545910083197,64751400
2024-10-16,230.26739501953125,230.60517253033711,228.34005309673006,230.0885769817669,34082200
2024-10-17,230.63497924804688,232.3238971476739,229.0156269629083,231.9066247344228,32993800
2024-10-18,233.4663848876953,234.63867690560429,232.4828401919167,234.63867690560429,46431500
2024-10-21,234.93670654296875,235.3043021987925,232.91995571367772,232.91995571367772,36254500
2024-10-22,234.32077026367188,234.67842149785605,231.0820505913223,232.36362533760988,38846600
2024-10-23,229.25404357910156,233.60546433739609,226.27362172475395,232.55238437433343,52287000
2024-10-24,229.0653076171875,229.3136761173618,226.91940013747097,228.47914643577636,31109500
2024-10-25,229.8998260498047,231.69801159617745,228.07183749564092,228.24072625952675,38802300
2024-10-28,231.87681579589844,233.19813797949908,231.032372026897,231.7973512193415,36087100
2024-10-29,232.14505004882812,232.80074647701065,230.80386934668286,231.57877779482254,35417200
2024-10-30,228.59837341308594,231.9463759413976,228.05195968136482,231.0919876952183,47070900
2024-10-31,224.43569946289062,228.330115454563,223.89921505082026,227.84330777090054,64370100
2024-11-01,221.4552764892578,223.87935529424118,218.83250593091054,219.5279346472888,65276700
2024-11-04,220.56114196777344,221.33605042122997,218.2761640538016,219.54780947276666,44944500
2024-11-05,221.9917449951172,222.4884819564664,219.6968226591573,220.35251908634842,28111300
2024-11-06,221.2665252685547,224.5946691536601,219.74651129717958,221.15724252476647,54561100
2024-11-07,225.9954376220703,226.39283627600352,223.1044401056504,223.16404611393824,42137700
2024-11-08,225.72694396972656,227.41770491673495,225.17992905795916,225.93579455138124,38328800
2024-11-11,223.01174926757812,224.47376393957063,220.29658566640109,223.77757009002366,42005600
2024-11-12,223.01174926757812,224.36436096493557,222.14648085284745,223.33001798502116,40398300
2024-11-13,223.89691162109375,225.4185978724207,221.54973296285615,222.79294167641658,48566200
2024-11-14,226.98007202148438,227.62653447284012,223.77756520755418,223.7974607959322,44923900
2024-11-15,223.77755737304688,225.6871240415238,223.05152776948486,225.1699449930133,47923700
2024-11-18,226.78115844726562,228.49181480220403,223.94663659117114,224.02620376766677,44633700
2024-11-19,227.0397491455078,228.90953992555222,225.4285554930197,225.74680903538962,36211800
2024-11-20,227.75582885742188,228.68076882556113,224.66272507245372,226.82093350733243,35169600
2024-11-21,227.27847290039062,228.90956230117874,224.4837418395179,227.63651765548505,42108300
2024-11-22,228.62110900878906,229.46649702017746,226.82094518602503,226.82094518602503,38168300
2024-11-25,231.6048126220703,231.98275293866183,228.49182822914253,230.20248468460477,90152800
2024-11-26,233.78292846679688,234.2901673751303,232.0623317186483,232.0623317186483,45986200
2024-11-27,233.65362548828125,234.4095061449918,232.53971526898803,233.19613315216662,33498400
2024-11-29,236.0406036376953,236.51799158021294,232.69885768829369,233.5342903816718,28481400
2024-12-02,238.2882843017578,239.4817615684827,235.8714939748314,235.98089694287458,48137100
2024-12-03,241.33168029785156,241.441083276618,237.60205398884364,238.50711361537608,38861000
2024-12-04,241.68971252441406,242.78374225546824,239.9392801306149,241.55047375645148,44383900
2024-12-05,241.71954345703125,243.21139387343032,240.81449907142343,242.66439419479377,40033900
2024-12-06,241.52064514160156,243.3009285590703,240.76477968960373,241.5902721155965,36870600
2024-12-09,245.40940856933594,245.89675186527563,240.43657354260168,240.516140724136,44649200
2024-12-10,246.42384338378906,246.8614552449502,244.00703794178958,245.54861966146674,36914800
2024-12-11,245.15081787109375,249.43739908317045,244.92205654138039,246.61283253090062,45205800
2024-12-12,246.6128387451172,247.3885997871069,244.34521203481492,245.54864477609476,32777500
2024-12-13,246.7819061279297,247.9355922748061,244.90217516923994,246.47359279661413,33155300
2024-12-16,249.6761016845703,250.01426601000418,246.30452004436617,246.64268436980004,51694800
2024-12-17,252.1028289794922,252.45093348613432,248.42293425963442,248.72130738305802,51356400
2024-12-18,246.70233154296875,252.89847930582897,246.39401822090946,250.79000225751088,56774100
2024-12-19,248.43289184570312,250.63089166027345,245.74756389880645,246.15534002348284,60882300
2024-12-20,253.10736083984375,253.6145845456153,244.35516822034685,246.69239156062656,147495300
2024-12-23,253.8831024169922,254.26102752773247,252.07298333460633,253.38581895601413,40858800
2024-12-24,256.7972106933594,256.80713572411884,253.90300191480816,254.10192745486222,23234700
2024-12-26,257.61273193359375,258.6868812844183,256.23029959445824,256.78725468311694,27237100
2024-12-27,254.2013702392578,257.29448932345014,251.68511699924173,256.42919055718573,42355300
2024-12-30,250.82980346679688,252.122743648892,249.38768429964367,250.8596392638085,35557500
2024-12-31,249.05946350097656,251.90392569582917,248.07483671879714,251.0684930674946,39480700
2025-01-02,242.52516174316406,247.74663833648884,240.50619200781614,247.57754859678104,55740700
2025-01-03,242.03781127929688,242.853348279154,240.57579666249651,242.03781127929688,40244100
2025-01-06,243.66891479492188,245.98625772407811,241.87869116125097,242.98266113735735,45045600
2025-01-07,240.89407348632812,244.215923537777,240.0387452815234,241.6598791297847,40856000
2025-01-08,241.38140869140625,242.38593107741448,238.74581220273618,240.6056476428208,37628900
2025-01-10,235.5631866455078,238.85520080045117,231.73409784256125,238.70600665338932,61710900
2025-01-13,233.12649536132812,233.39503269669683,228.47192915300568,232.2612269401141,49630700
2025-01-14,232.01258850097656,234.8371551382162,231.20699165927476,233.47460320476435,39435300
2025-01-15,236.57765197753906,237.66174156203553,233.15633900368562,233.36520475508792,39832000
2025-01-16,227.0198516845703,236.7168796666606,226.79110553013876,236.06047699847062,71759100
2025-01-17,228.7305145263672,231.0279618693864,227.2386640256131,230.85888730040747,68488300
2025-01-21,221.43040466308594,223.20073277609362,218.18812158355374,222.78301644137267,98070400
2025-01-22,222.61392211914062,222.90233985709415,218.59586314481808,218.59586314481808,64126500
2025-01-23,222.44485473632812,225.7965406078772,221.09224303438072,223.51898889751178,60234800
2025-01-24,221.5696258544922,224.4041477572621,220.2070739772995,223.55875977197638,54697900
2025-01-27,228.61117553710938,230.888727332658,222.76311661057002,222.80290778981754,94863400
2025-01-28,236.9655303955078,238.88505261672515,229.5560092044273,229.59580038333414,75707600
2025-01-29,238.05953979492188,238.5568232574634,232.73860067537262,232.84800364416722,45486100
2025-01-30,236.29916381835938,239.48177510143526,235.9212386876704,237.37329797187644,55658300
2025-01-31,234.71778869628906,245.84699474947953,232.1716998572169,245.84699474947953,100959800
2025-02-03,226.77120971679688,230.5704628324937,224.47376244068877,228.7404632470789,73063300
2025-02-04,231.53518676757812,231.8633956790269,225.4185909783935,226.01533721300711,45067300
2025-02-05,231.2069854736328,231.4058958330951,227.0298072213747,227.2883891710869,39620300
2025-02-06,231.9529266357422,232.5297773409264,229.17807609142312,230.0334043541599,29925300
2025-02-07,226.39329528808594,232.72868233994458,226.02529517161955,231.33629458433444,39707200
2025-02-10,226.662109375,229.58935370973873,226.21406518332185,228.57379092662126,33115600
2025-02-11,231.61053466796875,234.2092091135714,227.1400288616486,227.20971719471092,53718400
2025-02-12,235.84210205078125,235.93172304376256,229.67896101319025,230.19670873650108,45243300
2025-02-13,240.4818878173828,241.28837041996871,234.54775953627293,235.88194100703416,53614100
2025-02-14,243.53855895996094,244.484433375407,239.94422402720738,240.2030902821229,40896200
2025-02-18,243.4091033935547,244.11601378188342,240.79051163485408,243.0904847676353,48822500
2025-02-19,243.807373046875,244.94242536854557,242.10480216065562,243.5982928571997,32204200
2025-02-20,244.76321411132812,245.70908851524857,243.2298884862767,243.87707690453925,32316900
2025-02-21,244.48443603515625,247.61080936192474,244.15586625078134,244.88269415360097,53197400
2025-02-24,246.0277099609375,247.7800669312537,243.3593319822528,243.86711335623195,51326400
2025-02-25,245.96795654296875,248.91511822751468,243.84721006662005,246.92379728169456,48013300
2025-02-26,239.31695556640625,243.91690216055417,238.0922974197643,243.26972892021308,44433600
2025-02-27,236.27024841308594,241.40786042901627,236.0312844149354,238.37109275336516,41153600
2025-02-28,240.79052734375,241.03944246427386,229.2010399398617,235.92174819400608,56833400
2025-03-03,236.9970703125,242.97103338088397,235.08540395372597,240.7407483660274,47184000
2025-03-04,234.9061737060547,239.02822274747484,233.6615980851158,236.6784633674393,53798100
2025-03-05,234.7169952392578,235.5234777567522,228.23523611666363,234.3983766092207,47227600
2025-03-06,234.30877685546875,236.82779659290307,232.14819548977783,233.42263965762712,45170400
2025-03-07,238.03256225585938,240.32256924437755,233.74125275300776,234.08974000390756,46273600
2025-03-10,226.4928436279297,235.13518456664028,223.24699590534985,234.5178647329352,72071200
2025-03-11,219.88165283203125,224.8599551431671,216.50636447278404,222.8387656202518,76137400
2025-03-12,216.03842163085938,220.78772670269151,213.97741219492326,219.18471261137486,62547500
2025-03-13,208.77008056640625,215.899013195213,207.51555384047248,215.01287598245443,61368300
2025-03-14,212.5635528564453,213.02154815111564,208.67051688888432,210.3332680009786,60107600
2025-03-17,213.07135009765625,214.28605714072168,209.0588394397278,212.3843419118567,48073400
2025-03-18,211.76702880859375,214.21634506867483,210.57223927739028,213.23065092190424,42432400
2025-03-19,214.30596923828125,217.8106832228152,212.8224296395377,213.29039128502816,54385400
2025-03-20,213.17091369628906,216.5462020975973,211.29906714235267,213.0613904363763,48862900
2025-03-21,217.3228302001953,217.8903488075446,210.36315756009637,210.6419412957371,94127800
2025-03-24,219.77215576171875,220.51890119737195,217.63149158987616,220.04098837247486,44299500
2025-03-25,222.77903747558594,223.12752472855482,219.1249652538438,219.81197343150768,34493600
2025-03-26,220.56866455078125,224.04352508950674,219.51326687455483,222.5400680439697,34466100
2025-03-27,222.8786163330078,224.0136687326393,219.60288467242046,220.42928473771144,37094800
2025-03-28,216.95440673828125,222.83876366462027,216.7353602231078,220.70805090185615,39818600
2025-03-31,221.16607666015625,224.64092215942225,215.29167046357225,216.06828445549021,65299300
2025-04-01,222.22146606445312,222.70932997882656,217.95007407622174,218.85612876373423,36412700
2025-04-02,222.9184112548828,224.212772841887,220.06087070560943,220.35957187069846,35905900
2025-04-03,202.30824279785156,206.58958563447752,200.37665915579902,204.64803566499702,103419000
2025-04-04,187.56253051757812,199.01262630823254,186.52703508606032,193.0486144227304,125910900
2025-04-07,180.6725616455078,193.30748067285785,173.86223225537526,176.43103817745248,160466300
2025-04-08,171.67178344726562,189.5140179775097,168.47572171547168,185.88981432593783,120859500
2025-04-09,197.98709106445312,199.7394480269994,171.14407803694525,171.20381523449285,184395900
2025-04-10,189.5936737060547,193.93475416517637,182.20587449762067,188.24954112448538,121880000
2025-04-11,197.2901153564453,198.67408279715283,185.2525839628914,185.2924188893916,87435900
2025-04-14,201.6411590576172,212.01593914767514,200.28706023476008,210.52244846919626,101352900
2025-04-15,201.26280212402344,202.62685207462172,198.93296032454862,200.98401841430368,51343900
2025-04-16,193.42697143554688,199.82906121923162,191.5352073519423,197.49921927320653,59732400
2025-04-17,196.12521362304688,197.96719174329118,193.5763250102755,196.34426016251078,52164700
2025-04-21,192.32179260253906,192.9590147372882,188.98632373298676,192.43131586910098,46742500
2025-04-22,198.8732452392578,200.715208155226,195.1196006832811,195.26894368988752,52976400
2025-04-23,203.71214294433594,207.09738254349836,201.9199510184256,205.10606155750318,52929200
2025-04-24,207.46575927734375,207.92376976062596,202.05933042602183,204.00086522918792,47311000
2025-04-25,208.371826171875,208.8397878176709,205.30519003897632,205.47445049920006,38222300
2025-04-28,209.2281036376953,210.5822025692478,206.55974070372147,209.08871177088434,38743100
2025-04-29,210.29344177246094,211.3189707788267,207.4657546631633,207.78437328663372,36827600
2025-04-30,211.57785034179688,212.65316547487808,205.7731479657814,208.39173986928208,52286500
2025-05-01,212.39431762695312,213.62892699621815,207.99348458901505,208.17271138967982,57365700
2025-05-02,204.45889282226562,206.0917754590827,201.2827333487594,205.19567188008233,101010600
2025-05-05,198.02691650390625,203.21431440062256,197.34987465543003,202.21865389928206,69018500
2025-05-06,197.6485595703125,199.77927242381972,196.16503515467957,197.3498735756035,51216500
2025-05-07,195.39837646484375,198.574535944944,192.41139491378883,198.30570335142838,68536700
2025-05-08,196.63299560546875,199.18188402861682,193.83517686729027,196.86199326420865,50478900
2025-05-09,197.66847229003906,199.6697443694255,196.6827629534363,198.1364339272832,36453900
2025-05-12,210.15049743652344,210.6290521628615,206.1227607044075,210.32995926202443,63775800
2025-05-13,212.28399658203125,212.75257189298435,208.36592688565332,209.79158118866218,51909300
2025-05-14,211.68580627441406,213.29092224655892,209.9411156617564,211.78549375335473,49325800
2025-05-15,210.80848693847656,212.31391554357438,208.90427796298633,210.31000386923802,45029500
2025-05-16,210.6190643310547,211.92510277199543,209.1335944967917,211.71573318604425,54737900
2025-05-19,208.14659118652344,208.84446444770495,203.64029993754312,207.27923550566183,46140500
2025-05-20,206.232421875,207.83753801206538,204.40797196423648,207.03996203611737,42496600
2025-05-21,201.47689819335938,206.4118779017609,200.10109516487896,204.54755595275296,59211800
2025-05-22,200.74911499023438,202.13489740214874,199.0941474443519,200.1010930441042,46742400
2025-05-23,194.67758178710938,197.10020219746903,192.8730755135501,193.0824298832746,78432900
2025-05-27,199.60260009765625,200.1309909415137,196.83102019804124,197.6983910952664,56288500
2025-05-28,199.81195068359375,202.11494001836002,199.2935240345892,199.98143310081724,45339700
2025-05-29,199.34336853027344,203.19165828241367,197.90773491315443,202.96236033905296,51396800
2025-05-30,200.24066162109375,201.3472946799051,196.18300200128658,198.7651407343476,70819900
2025-06-02,201.08807373046875,201.51677709467234,199.51286535414474,199.67238359256916,35423300
2025-06-03,202.6533203125,203.1518034040851,200.35033086337637,200.73914706631285,46381600
2025-06-04,202.20468139648438,205.6143037964219,201.48686455307688,202.29440469878628,43604000
2025-06-05,200.0213165283203,204.12881205428334,199.54276184010462,202.8826044104843,55126100
2025-06-06,203.3013458251953,205.07594444547604,201.43702389784912,202.38413874603313,46607700
2025-06-09,200.8388214111328,205.3750202901374,199.41316716451473,203.76990423179717,72862600
2025-06-10,202.0551300048828,203.73004106569937,199.96151019448254,199.99141796230995,54672600
2025-06-11,198.1769256591797,203.8795731269679,197.80805305990708,202.88260699920767,60989900
2025-06-12,198.5956573486328,199.07419684911244,196.7612432530472,198.47602627663701,43904600
2025-06-13,195.85398864746094,199.76209396079906,195.1062640673262,199.12403626091725,51447300
2025-06-16,197.81802368164062,198.08720880439395,195.96366601516638,196.701426450214,43020700
2025-06-17,195.0464630126953,197.7881200100286,194.61777485692886,196.60172782081946,38856200
2025-06-18,195.9835968017578,196.97059871241268,194.4781834746436,195.34553910938874,45394700
2025-06-20,200.3902130126953,201.0880863339216,196.26277341287403,197.63859168364695,96813500
2025-06-23,200.888671875,201.686247808318,198.3563846401482,201.01828233775666,55814300
2025-06-24,199.6923065185547,202.82277936444737,199.59260382672892,201.9753521214132,54064000
2025-06-25,200.948486328125,203.052085424857,200.01133575244882,200.83881944772682,39525700
2025-06-26,200.3902130126953,202.02523702778157,198.85489170599743,200.81890119127095,50799100
2025-06-27,200.469970703125,202.6034778198992,199.39324535272064,201.27751091280393,73188600
2025-06-30,204.5475311279297,206.76079706763053,198.65545787730727,201.39711462840114,91912800
2025-07-01,207.18951416015625,209.55231908550664,205.51460310500556,206.04299395149746,78788900
2025-07-02,211.7954864501953,212.69274987948137,207.5085290616707,208.2761972389462,67941800
2025-07-03,212.90213012695312,213.9987837940836,211.16740350258758,211.5063683517463,34955800
2025-07-07,209.3130340576172,215.57398008038285,208.16652910348648,212.03474730839852,50229000
2025-07-08,209.3728485107422,210.78853856973336,207.81758380403343,209.46258702266434,42848900
2025-07-09,210.4994354248047,210.6888614301138,206.59132988433592,208.8943192909964,48749400
2025-07-10,211.7655792236328,212.83232507172787,209.39279496736208,209.87133445003573,44443600
2025-07-11,210.5193634033203,211.48642172848318,209.22330444266433,209.93115706069412,39765800
2025-07-14,207.98707580566406,210.27013683517245,206.91035052542594,209.29309904361602,38840100
2025-07-15,208.4755859375,211.24715053377864,208.28615994072268,208.5852528191871,42296300
2025-07-16,209.52239990234375,211.75559423754484,208.00700716596054,209.6619745482938,47490500
2025-07-17,209.38284301757812,211.1574416148312,208.95413964633332,209.93117746335784,48068100
2025-07-18,210.539306640625,211.1474566075158,209.06380098140497,210.23024956462245,48974600
2025-07-21,211.83535766601562,215.12534891613055,210.98794558852114,211.45652088357517,51377400
2025-07-22,213.74954223632812,214.29787667610697,211.5861274580158,212.49337032996837,46404100
2025-07-23,213.5002899169922,214.4972560435483,211.76557859278188,214.3477172095632,46989300
2025-07-24,213.11148071289062,215.03563331063384,212.8821827557749,213.25105536667797,46022600
2025-07-25,213.2311248779297,214.58699944946258,212.7525701732737,214.04862920984866,40268800
2025-07-28,213.40060424804688,214.19818019857897,212.41360229785764,213.3806606658472,37858000
2025-07-29,210.6290283203125,214.15828155569844,210.18039662608902,213.53018805628847,51411700
2025-07-30,208.415771484375,211.74563469104578,207.0898047125579,211.25711581327238,45512500
2025-07-31,206.9402618408203,209.2033639475293,206.5315020865265,207.85746883247032,80698400
2025-08-01,201.76600646972656,212.93202387361222,200.88867142379772,210.23023901853355,104434500
2025-08-04,202.7330780029297,207.24933356384108,201.06813110178,203.8895472057539,75109300
2025-08-05,202.3043670654297,204.71702329589334,201.54667827641916,202.78290655256814,44155100
2025-08-06,212.60302734375,214.72657006985978,204.96626313259566,205.00615029681612,108483100
2025-08-07,219.36245727539062,220.1799768073744,215.92292715514498,218.2159523061407,90224800
2025-08-08,228.65419006347656,230.29917810781973,218.58482597462978,220.16003429974123,113854000
2025-08-11,226.74781799316406,229.12329528601256,224.3324234952035,227.4864157407103,61806100
2025-08-12,229.21310424804688,230.36092560837628,226.63802588155738,227.57622481823222,55626200
2025-08-13,232.88612365722656,234.55294488479396,229.99163136972763,230.6304284784954,69878500
2025-08-14,232.33717346191406,234.67271834509882,230.41085227691244,233.61473725595164,51916300
2025-08-15,231.1494140625,233.834298979768,228.9036945156081,233.5548328767578,56038700
2025-08-18,230.45074462890625,232.67649791960375,229.6722297518056,231.2592012143754,37476200
2025-08-19,230.1213836669922,232.42698672077375,228.9136940815642,230.84001516813981,39402600
2025-08-20,225.5800323486328,230.0315543310328,225.3404986724704,229.54248102593337,42263900
2025-08-21,224.47213745117188,226.08906587116957,223.3542730460458,225.8395414786139,30621200
2025-08-22,227.3267059326172,228.65417758009713,224.98118568943215,225.73973438952316,42477800
2025-08-25,226.7278594970703,228.86378779922748,225.79962078901826,226.0491451945495,30983100
2025-08-26,228.87376403808594,229.0534295301293,224.26255788237486,226.43840339540802,54575100
2025-08-27,230.05152893066406,230.46073738560713,227.82576024347395,228.17510050695543,31259500
2025-08-28,232.11758422851562,232.9659733126178,228.90370861616245,230.3809040856524,38074700
2025-08-29,231.69837951660156,232.9360260407387,230.92984008944924,232.0676707602769,39418400
2025-09-02,229.28298950195312,230.4108447009183,226.53822101083426,228.81388239599917,44075600
2025-09-03,238.01634216308594,238.395624134605,233.9141603097862,236.75874463665696,66427800
2025-09-04,239.3238525390625,239.4436193831587,236.28964239378743,237.9963808412042,47549400
2025-09-05,239.2340087890625,240.86091270031892,238.03629475202086,239.54341659874092,54870400
2025-09-08,237.42745971679688,239.69313028194867,235.89038089866295,238.84475646782593,48999500
2025-09-09,233.9041748046875,238.3257397896772,232.9160527142261,236.54912730927947,66313900
2025-09-10,226.35855102539062,231.97784546194652,225.52015268533836,231.7482872752143,83440800
2025-09-11,229.59239196777344,230.01159113632517,226.21881717306923,226.44839058875493,50208600
2025-09-12,233.62472534179688,234.0638755168574,228.58432913969838,228.78394562468256,55824200
2025-09-15,236.24969482421875,237.7368657054393,234.58287368836292,236.54912714503797,42699500
2025-09-16,237.6969451904297,240.76111223381088,235.87043992435724,236.72878926810645,63421100
2025-09-17,238.5353546142578,239.6432435766681,237.27774187166392,238.5153883976145,46508000
2025-09-18,237.42745971679688,240.74113579799257,236.199788714976,239.5134800259323,44249600
2025-09-19,245.032958984375,245.83144010441063,239.7530294205925,240.77107799962133,163741300
2025-09-22,255.5928192138672,256.15178189089505,247.64797087114997,247.82763635806887,105517400
2025-09-23,253.9459686279297,256.8504363399061,253.0975947938589,255.39322235208516,60275200
2025-09-24,251.8300018310547,255.2534845023776,250.56241362070242,254.73446948849343,42303700
2025-09-25,256.3813171386719,256.6807646844572,251.2311452680336,252.72829161839874,55202100
2025-09-26,254.97401428222656,257.10994249251326,253.2972024297037,253.61660096533106,46076300
2025-09-29,253.9459686279297,254.5148915782133,252.52867184357527,254.0757261912774,40127700
2025-09-30,254.14559936523438,255.4331385813304,252.6284867333586,254.37515755125318,37704300
2025-10-01,254.9640350341797,258.29769267334166,254.44502000530687,254.55481135314994,48713900
2025-10-02,256.6408386230469,257.68882891050583,253.66649683440303,256.09186667190835,42630200
2025-10-03,257.5291442871094,258.7468246365968,253.46689477740222,254.18552630266564,49155600
2025-10-06,256.2016906738281,258.5771679771474,254.56481112131073,257.49920544747016,44664100
2025-10-07,255.99208068847656,256.91031341337026,254.94405994391948,256.3214394907812,31955800
2025-10-08,257.5690612792969,258.0281776413904,255.62275879770374,256.03198246417537,36496900
2025-10-09,253.55670166015625,257.50917476461467,252.65841993311406,257.3195337882977,38322000
2025-10-10,244.80340576171875,255.8922708493858,243.53581752909898,254.45500785015722,61999100
2025-10-13,247.18885803222656,249.2149949644775,245.09284695690994,248.90558714178317,38142900
2025-10-14,247.29864501953125,248.37659224814226,244.23447809703134,246.13087266264282,35478000
2025-10-15,248.8656463623047,251.3409393203658,246.99920876557604,249.01537013681215,33893600
2025-10-16,246.979248046875,248.56621957555782,244.66366953460536,247.7777291727393,39777000
2025-10-17,251.81002807617188,252.89796599708643,246.79958926324147,247.5481624372989,49147000
2025-10-20,261.7411193847656,263.87706298772724,255.14370850365398,255.4032084113237,90483000
2025-10-21,262.2701110839844,264.7853366806196,261.33189684706855,261.38182000576944,46695900
2025-10-22,257.9583435058594,262.349966966352,254.94406918261987,262.15033525743416,45015300
2025-10-23,259.0861511230469,260.12418111371363,257.51916110368444,259.4454820834593,32754900
2025-10-24,262.32000732421875,263.6275126875418,258.68691759501684,260.69310343226954,38253700
2025-10-27,268.2986145019531,268.60802232244004,264.1465248140549,264.37609822840903,44888200
2025-10-28,268.4882507324219,269.3765722048576,267.63986169210665,268.4782600095115,41534800
2025-10-29,269.1869201660156,270.8936584399069,266.6018207191691,268.76770579477784,51086700
2025-10-30,270.8836669921875,273.6184749716116,267.969239224885,271.4725408872279,69886500
2025-10-31,269.85565185546875,276.79244258078194,268.647962249571,276.4630533049319,86167100
2025-11-03,268.53814697265625,270.33474092754267,265.74348587775046,269.90556627002525,50194600
2025-11-04,269.5262756347656,270.9734988318123,267.11086611942017,267.8195068636227,49274800
2025-11-05,269.6260986328125,271.18312844251227,266.4221834255846,268.0989800730272,43683100
2025-11-06,269.25677490234375,272.8798740142925,267.38037702601645,267.38037702601645,51204000
2025-11-07,267.9592590332031,271.7719991063764,266.26248096015127,269.28671541495146,48227400
2025-11-10,269.1781311035156,273.4741297822401,267.20997142836535,268.7085692371889,41312400
2025-11-11,274.99267578125,275.65206242273547,269.5477586519058,269.55775905965567,46208300
2025-11-12,273.21435546875,275.4722525277038,271.4460210796085,274.74292397164845,48398000
2025-11-13,272.6948547363281,276.4413491841305,271.83564282199285,273.85374352181776,49602800
2025-11-14,272.15533447265625,275.70200347225597,269.3479639093673,270.7965900477885,47431300
2025-11-17,267.2099609375,270.2371271729127,265.48159771217263,268.5687054184609,45018300
2025-11-18,267.19000244140625,270.4569347049811,265.0719890725528,269.7376065335732,45677300
2025-11-19,268.3089294433594,271.9555110777923,265.2517925781922,265.2817633125939,40424500
2025-11-20,266.0010986328125,275.17250947675234,265.67142054546326,270.5768036466949,45823600
2025-11-21,271.2361755371094,273.0744516711978,265.4216397990326,265.70137680880595,59030800
2025-11-24,275.6620788574219,276.7410558404627,270.64675212306133,270.64675212306133,65585800
2025-11-25,276.7110900878906,280.1179060838009,274.9926967216935,275.012667049666,46914200
2025-11-26,277.29052734375,279.26868736786383,276.3714044558947,276.70108254872224,33431400
2025-11-28,278.5893249511719,278.73917862681736,275.73198274965245,277.0008150112318,20135600
2025-12-01,282.8353576660156,283.1550658399818,275.88187257202503,277.75011957449965,46587700
2025-12-02,285.9224548339844,287.1313151163589,282.36578537497866,282.7354345985028,53669500
2025-12-03,283.8843688964844,288.35019153510143,283.0351573834178,285.9324708384744,43538700
2025-12-04,280.4375915527344,284.46382276925783,278.32954829392816,283.83440686502166,43989100
2025-12-05,278.5193786621094,280.8771882481053,277.79005013345267,280.27774306596746,47265800
2025-12-08,277.6302185058594,279.4085531850005,275.8918244790692,277.86998437615557,38211800
2025-12-09,276.9208679199219,279.7682096639769,276.6611317163261,277.8999627322321,32193300
2025-12-10,278.5193786621094,279.48847306800184,276.1815698919154,277.490342786908,33038300
2025-12-11,277.77008056640625,279.3286197507982,273.5540244422053,278.83908758708685,33248000
2025-12-12,278.0198669433594,278.9589906850317,276.5612402656973,277.64021728323,39532900
2025-12-15,273.8537292480469,279.8880911943856,272.5849275039148,279.8880911943856,50409100
2025-12-16,274.353271484375,275.2424541197232,271.53593087885605,272.5649667835892,37648600
2025-12-17,271.58587646484375,275.90184538512057,271.38608172110213,274.75292651919426,50138700
2025-12-18,271.935546875,273.374203136776,266.7004552212896,273.35420232069225,51630700
2025-12-19,273.4141845703125,274.34330788170604,269.64768928264715,271.8955859651445,144632000
2025-12-22,270.7166748046875,273.62395794129594,270.25711338978425,272.6048920133635,36571800
2025-12-23,272.1053771972656,272.2452609569047,269.30800689497966,270.5868091030317,29642000
2025-12-24,273.55401611328125,275.17249671786806,271.9455359163183,272.085389177814,17910600
2025-12-26,273.1444091796875,275.1125687682936,272.6049054553,273.9037084592662,21521800
2025-12-29,273.50408935546875,274.10350406329195,272.0954038139857,272.4350823114352,23715200
2025-12-30,272.82470703125,273.82377221524894,272.02546707967076,272.5549704076282,22139600
2025-12-31,271.6058349609375,273.42414083736213,271.49595243002375,272.80472532736104,27293600
2026-01-02,270.75665283203125,277.58025431004916,268.7485221479618,272.0054842546519,37838100
2026-01-05,267.0101623535156,271.25618925068443,265.89121426121545,270.38700744645297,45647200
2026-01-06,262.1147155761719,267.2998660934885,261.8749496989937,266.7503924619391,52352100
2026-01-07,260.08660888671875,263.4334831315393,259.56710600115036,262.95395138764474,48309800
2026-01-08,258.7978515625,259.0476178563403,255.46096229095477,256.7797203952787,50419300
2026-01-09,259.1275329589844,259.9667440583015,255.98048371428257,258.8377955175017,39997000
2026-01-12,260.0067138671875,261.05572011368304,256.5599267903311,258.9177364764393,45263800
2026-01-13,260.8059387207031,261.56523797230057,258.148452318208,258.4781303943212,45730800
2026-01-14,259.71697998046875,261.57525710051715,256.4700180914029,259.247418118488,40019400
2026-01-15,257.9685974121094,260.7959687899761,256.8096782083212,260.40631875644857,39388600
2026-01-16,255.29112243652344,258.6579671912775,254.69167723491495,257.6589020182799,72142800
2026-01-20,246.46937561035156,254.55180921698133,243.19244305608962,252.49373739571587,80267500
2026-01-21,247.41848754882812,251.3248360900433,244.9507953165175,248.46750904444812,54641700
2026-01-22,248.1178436279297,250.76536025794266,247.9180183962477,248.96703988447874,39708300
2026-01-23,247.80812072753906,249.17685039145397,244.45126111041233,247.08880782235642,41689000
2026-01-26,255.17123413085938,256.32015295784896,249.5664780183616,251.24490015634893,55969200
2026-01-27,258.0285339355469,261.70511669708895,257.96859246831417,258.92771692213245,49648300
2026-01-28,256.2002868652344,258.61800761819165,254.27208306792676,257.409147241713,41288000
2026-01-29,258.0385437011719,259.4072580677027,254.17216647920577,257.75880668092503,67253000
2026-01-30,259.2374267578125,261.6551472598355,251.94423313215475,254.93144331105526,92443400
2026-02-02,269.7575988769531,270.2371306501278,258.9676766447768,259.7869174093499,73913400
2026-02-03,269.22808837890625,271.6258386480508,267.3598109321867,268.9483513556569,64394700
2026-02-04,276.23150634765625,278.68922850453845,272.03545112075,272.03545112075,90545700
2026-02-05,275.6520690917969,279.2387093202658,272.97458180817284,277.86999494352693,52977400
2026-02-06,277.8599853515625,280.6473855638201,276.67109542368036,276.8609202349588,50453400
2026-02-09,274.6199951171875,278.20001220703125,271.70001220703125,277.9100036621094,44623400
2026-02-10,273.67999267578125,275.3699951171875,272.94000244140625,274.8900146484375,34376900
2026-02-11,275.5,280.17999267578125,274.45001220703125,274.70001220703125,51931300
2026-02-12,261.7300109863281,275.7200012207031,260.17999267578125,275.5899963378906,81077200
2026-02-13,255.77999877929688,262.2300109863281,255.4499969482422,262.010009765625,56290700
2026-02-17,263.8800048828125,266.2900085449219,255.5399932861328,258.04998779296875,58469100
2026-02-18,264.3500061035156,266.82000732421875,262.45001220703125,263.6000061035156,34203300
2026-02-19,260.5799865722656,264.4800109863281,260.04998779296875,262.6000061035156,30845300
2026-02-20,264.5799865722656,264.75,258.1600036621094,258.9700012207031,42070500
2026-02-23,266.17999267578125,269.42999267578125,263.3800048828125,263.489990234375,37308200
2026-02-24,272.1400146484375,274.8900146484375,267.7099914550781,267.8599853515625,47014600
2026-02-25,274.2300109863281,274.94000244140625,271.04998779296875,271.7799987792969,33714300
2026-02-26,272.95001220703125,276.1099853515625,270.79998779296875,274.95001220703125,32345100
2026-02-27,264.17999267578125,272.80999755859375,262.8900146484375,272.80999755859375,72366500
2026-03-02,264.7200012207031,266.5299987792969,260.20001220703125,262.4100036621094,41827900
2026-03-03,263.75,265.55999755859375,260.1300048828125,263.4800109863281,38568900
2026-03-04,262.5199890136719,266.1499938964844,261.4200134277344,264.6499938964844,39803100
2026-03-05,260.2900085449219,261.55999755859375,257.25,260.7900085449219,49658600
2026-03-06,257.4599914550781,258.7699890136719,254.3699951171875,258.6300048828125,41120000
2026-03-09,259.8800048828125,261.1499938964844,253.67999267578125,255.69000244140625,38218500
2026-03-10,260.8299865722656,262.4800109863281,256.95001220703125,257.6499938964844,30590800
2026-03-11,260.80999755859375,262.1300048828125,259.54998779296875,261.0899963378906,26218900
2026-03-12,255.75999450683594,258.95001220703125,254.17999267578125,258.6600036621094,40794000
2026-03-13,250.1199951171875,256.3299865722656,249.52000427246094,255.47999572753906,36930000
2026-03-16,252.82000732421875,253.88999938964844,249.8800048828125,252.11000061035156,32074200
2026-03-17,254.22999572753906,255.1300048828125,252.17999267578125,252.9600067138672,32361600
2026-03-18,249.94000244140625,254.94000244140625,249.0,252.6300048828125,35757900
2026-03-19,248.9600067138672,251.8300018310547,247.3000030517578,249.39999389648438,34864100
2026-03-20,247.99000549316406,249.1999969482422,246.0,247.97999572753906,88331100
2026-03-23,251.49000549316406,254.60000610351562,250.27999877929688,253.97000122070312,40546100
2026-03-24,251.63999938964844,254.8300018310547,249.5500030517578,250.35000610351562,45152300
2026-03-25,252.6199951171875,255.0,251.60000610351562,254.10000610351562,28476700
2026-03-26,252.88999938964844,257.0,250.77000427246094,252.1199951171875,41796700
2026-03-27,248.8000030517578,255.49000549316406,248.07000732421875,253.89999389648438,47842500
